PLAYER_ID,PLAYER_NAME,GP,FIRST_GAME,LAST_GAME,TEAM_STINTS,MIN,PTS,AST,OREB,DREB,REB,FGA,FGM,FG3A,FG3M,FTA,FTM,STL,BLK,TOV,PF,PLUS_MINUS,FG_PCT,FG3_PCT,FT_PCT,END_TEAM_CITY,END_TEAM_NAME,END_TEAM_FULL_NAME,FINAL_APPEARANCE_DATE,SEASON,MIN_PER_GAME,PTS_PER_GAME,REB_PER_GAME,AST_PER_GAME,STL_PER_GAME,BLK_PER_GAME,TOV_PER_GAME,PF_PER_GAME,TURNOVER_PERCENTAGE,TRUE_SHOOTING_PERCENTAGE,GAME_SCORE_TOTAL,GAME_SCORE_PER_36
2544.0,LeBron James,60,2025-11-18 22:30:00,2026-04-12 20:30:00,1,1976.63,1256.0,432.0,43.0,321.0,364.0,919.0,473.0,243.0,77.0,316.0,233.0,72.0,35.0,179.0,81.0,119.0,0.514689880304679,0.3168724279835391,0.7373417721518988,Los Angeles,Lakers,Los Angeles Lakers,2026-04-12 20:30:00,2025-26,32.94383333333334,20.933333333333334,6.066666666666666,7.2,1.2,0.5833333333333334,2.9833333333333334,1.35,14.470025221496476,0.5935503383614986,1082.6,19.71719542858299
101108.0,Chris Paul,16,2025-10-22 21:00:00,2025-12-01 19:30:00,1,224.92000000000002,47.0,53.0,6.0,22.0,28.0,56.0,18.0,30.0,10.0,2.0,1.0,11.0,0.0,16.0,23.0,-84.0,0.32142857142857145,0.3333333333333333,0.5,LA,Clippers,LA Clippers,2025-12-01 19:30:00,2025-26,14.057500000000001,2.9375,1.75,3.3125,0.6875,0.0,1.0,1.4375,21.953896816684964,0.4131504922644163,48.3,7.7307487106526755
200768.0,Kyle Lowry,14,2025-11-02 18:00:00,2026-04-12 18:00:00,1,116.03,17.0,11.0,0.0,9.0,9.0,25.0,4.0,25.0,4.0,6.0,5.0,2.0,2.0,4.0,8.0,-39.0,0.16,0.16,0.8333333333333334,Philadelphia,76ers,Philadelphia 76ers,2026-04-12 18:00:00,2025-26,8.287857142857144,1.2142857142857142,0.6428571428571429,0.7857142857142857,0.14285714285714285,0.14285714285714285,0.2857142857142857,0.5714285714285714,12.642225031605562,0.30752532561505064,7.300000000000001,2.264931483237094
201142.0,Kevin Durant,78,2025-10-21 19:30:00,2026-04-10 21:30:00,1,2825.1,2026.0,372.0,41.0,385.0,426.0,1376.0,716.0,450.0,186.0,467.0,408.0,62.0,71.0,246.0,142.0,340.0,0.5203488372093024,0.41333333333333333,0.8736616702355461,Houston,Rockets,Houston Rockets,2026-04-10 21:30:00,2025-26,36.21923076923077,25.974358974358974,5.461538461538462,4.769230769230769,0.7948717948717948,0.9102564102564102,3.1538461538461537,1.8205128205128205,13.461159629653949,0.6405392417229431,1539.1000000000004,19.61261548263779
201143.0,Al Horford,46,2025-10-21 22:00:00,2026-04-12 20:30:00,1,961.12,372.0,116.0,44.0,175.0,219.0,324.0,138.0,205.0,74.0,26.0,22.0,30.0,51.0,42.0,51.0,-9.0,0.42592592592592593,0.36097560975609755,0.8461538461538461,Golden State,Warriors,Golden State Warriors,2026-04-12 20:30:00,2025-26,20.89391304347826,8.08695652173913,4.760869565217392,2.5217391304347827,0.6521739130434783,1.108695652173913,0.9130434782608695,1.108695652173913,11.127596439169139,0.5544955878845695,366.6,13.731479940069919
201144.0,Mike Conley,54,2025-10-22 22:00:00,2026-04-10 21:30:00,1,980.0,245.0,157.0,18.0,75.0,93.0,215.0,72.0,166.0,56.0,50.0,45.0,35.0,14.0,34.0,84.0,15.0,0.33488372093023255,0.3373493975903614,0.9,Minnesota,Timberwolves,Minnesota Timberwolves,2026-04-10 21:30:00,2025-26,18.14814814814815,4.537037037037037,1.7222222222222223,2.9074074074074074,0.6481481481481481,0.25925925925925924,0.6296296296296297,1.5555555555555556,12.546125461254613,0.5168776371308017,243.5,8.944897959183674
201145.0,Jeff Green,30,2025-10-27 20:00:00,2026-04-12 20:30:00,1,168.49,67.0,8.0,7.0,18.0,25.0,68.0,25.0,44.0,12.0,5.0,5.0,2.0,2.0,4.0,12.0,-26.0,0.36764705882352944,0.2727272727272727,1.0,Houston,Rockets,Houston Rockets,2026-04-12 20:30:00,2025-26,5.616333333333333,2.2333333333333334,0.8333333333333334,0.26666666666666666,0.06666666666666667,0.06666666666666667,0.13333333333333333,0.4,5.390835579514825,0.4772079772079772,39.900000000000006,8.525135022850021
201566.0,Russell Westbrook,64,2025-10-22 22:00:00,2026-03-19 22:00:00,1,1839.95,971.0,426.0,80.0,268.0,348.0,839.0,358.0,379.0,128.0,183.0,127.0,83.0,12.0,209.0,147.0,-456.0,0.4266984505363528,0.33773087071240104,0.6939890710382514,Sacramento,Kings,Sacramento Kings,2026-03-19 22:00:00,2025-26,28.74921875,15.171875,5.4375,6.65625,1.296875,0.1875,3.265625,2.296875,18.51983128345089,0.5279928658430486,762.7000000000003,14.922796815130852
201567.0,Kevin Love,37,2025-11-02 18:00:00,2026-03-18 20:00:00,1,605.69,248.0,67.0,55.0,160.0,215.0,199.0,79.0,142.0,53.0,44.0,37.0,14.0,9.0,30.0,54.0,-80.0,0.3969849246231156,0.3732394366197183,0.8409090909090909,Utah,Jazz,Utah Jazz,2026-03-18 20:00:00,2025-26,16.37,6.702702702702703,5.8108108108108105,1.8108108108108107,0.3783783783783784,0.24324324324324326,0.8108108108108109,1.4594594594594594,12.079239813174423,0.5678695731819015,239.60000000000002,14.240948339909854
201569.0,Eric Gordon,6,2025-10-27 19:00:00,2025-12-23 19:00:00,1,72.25,33.0,3.0,1.0,1.0,2.0,21.0,12.0,14.0,8.0,2.0,1.0,4.0,1.0,3.0,3.0,-31.0,0.5714285714285714,0.5714285714285714,0.5,Philadelphia,76ers,Philadelphia 76ers,2025-12-23 19:00:00,2025-26,12.041666666666666,5.5,0.3333333333333333,0.5,0.6666666666666666,0.16666666666666666,0.5,0.5,12.057877813504824,0.7541133455210238,26.299999999999997,13.104498269896194
201572.0,Brook Lopez,75,2025-10-22 21:00:00,2026-04-12 20:30:00,1,1620.77,634.0,97.0,47.0,226.0,273.0,542.0,232.0,317.0,114.0,74.0,56.0,45.0,87.0,61.0,154.0,42.0,0.4280442804428044,0.35962145110410093,0.7567567567567568,LA,Clippers,LA Clippers,2026-04-12 20:30:00,2025-26,21.610266666666668,8.453333333333333,3.64,1.2933333333333332,0.6,1.16,0.8133333333333334,2.0533333333333332,9.597834980174964,0.5517265385686438,492.0999999999999,10.930360260863663
201587.0,Nicolas Batum,74,2025-10-22 21:00:00,2026-04-12 20:30:00,1,1279.17,293.0,64.0,23.0,161.0,184.0,238.0,96.0,228.0,92.0,11.0,9.0,47.0,23.0,37.0,100.0,-14.0,0.40336134453781514,0.40350877192982454,0.8181818181818182,LA,Clippers,LA Clippers,2026-04-12 20:30:00,2025-26,17.286081081081083,3.9594594594594597,2.4864864864864864,0.8648648648648649,0.6351351351351351,0.3108108108108108,0.5,1.3513513513513513,13.22184105202973,0.603277878438478,259.3,7.2975445015127
201599.0,DeAndre Jordan,12,2025-10-27 20:00:00,2026-03-27 20:30:00,1,196.48,53.0,11.0,26.0,50.0,76.0,32.0,21.0,0.0,0.0,17.0,11.0,4.0,10.0,9.0,16.0,-1.0,0.65625,,0.6470588235294118,New Orleans,Pelicans,New Orleans Pelicans,2026-03-27 20:30:00,2025-26,16.37333333333333,4.416666666666667,6.333333333333333,0.9166666666666666,0.3333333333333333,0.8333333333333334,0.75,1.3333333333333333,18.564356435643564,0.671225937183384,73.1,13.393729641693811
201935.0,James Harden,70,2025-10-22 21:00:00,2026-04-10 19:00:00,2,2423.49,1652.0,557.0,40.0,296.0,336.0,1123.0,487.0,573.0,215.0,524.0,463.0,79.0,28.0,245.0,137.0,99.0,0.43365983971504896,0.37521815008726006,0.8835877862595419,Cleveland,Cavaliers,Cleveland Cavaliers,2026-04-10 19:00:00,2025-26,34.62128571428571,23.6,4.8,7.957142857142857,1.1285714285714286,0.4,3.5,1.957142857142857,15.326293664297868,0.6102426194627502,1341.8,19.931916368542886
201939.0,Stephen Curry,44,2025-10-21 22:00:00,2026-04-12 20:30:00,1,1321.25,1142.0,203.0,17.0,137.0,154.0,799.0,374.0,484.0,190.0,221.0,204.0,49.0,17.0,121.0,75.0,89.0,0.46808510638297873,0.3925619834710744,0.9230769230769231,Golden State,Warriors,Golden State Warriors,2026-04-12 20:30:00,2025-26,30.02840909090909,25.954545454545453,3.5,4.613636363636363,1.1136363636363635,0.38636363636363635,2.75,1.7045454545454546,11.894931382957807,0.6371061322859948,830.5,22.62857142857143
201942.0,DeMar DeRozan,77,2025-10-22 22:00:00,2026-04-05 21:00:00,1,2387.7200000000003,1419.0,316.0,35.0,191.0,226.0,1005.0,499.0,147.0,47.0,431.0,374.0,80.0,23.0,96.0,149.0,-588.0,0.49651741293532337,0.3197278911564626,0.8677494199535963,Sacramento,Kings,Sacramento Kings,2026-04-05 21:00:00,2025-26,31.00935064935065,18.428571428571427,2.935064935064935,4.103896103896104,1.0389610389610389,0.2987012987012987,1.2467532467532467,1.9350649350649352,7.438170210128308,0.5939027656867341,1135.8,17.124620977334022
201950.0,Jrue Holiday,53,2025-10-22 22:00:00,2026-04-12 20:30:00,1,1548.64,865.0,322.0,71.0,174.0,245.0,709.0,320.0,362.0,137.0,105.0,88.0,54.0,6.0,146.0,78.0,197.0,0.4513399153737659,0.3784530386740331,0.8380952380952381,Portland,Trail Blazers,Portland Trail Blazers,2026-04-12 20:30:00,2025-26,29.219622641509435,16.32075471698113,4.622641509433962,6.0754716981132075,1.0188679245283019,0.11320754716981132,2.7547169811320753,1.471698113207547,16.200621393697293,0.5726959745762712,698.2,16.230499018493646
201959.0,Taj Gibson,10,2026-03-13 19:30:00,2026-04-12 20:30:00,1,94.92,34.0,6.0,11.0,16.0,27.0,26.0,12.0,6.0,3.0,8.0,7.0,2.0,1.0,1.0,14.0,-7.0,0.46153846153846156,0.5,0.875,Memphis,Grizzlies,Memphis Grizzlies,2026-04-12 20:30:00,2025-26,9.492,3.4,2.7,0.6,0.2,0.1,0.1,1.4,3.2765399737876804,0.575880758807588,32.99999999999999,12.515802781289505
202066.0,Garrett Temple,22,2025-11-13 19:00:00,2026-04-12 18:00:00,1,68.17,17.0,9.0,1.0,8.0,9.0,15.0,4.0,12.0,3.0,9.0,6.0,4.0,2.0,7.0,6.0,-1.0,0.26666666666666666,0.25,0.6666666666666666,Toronto,Raptors,Toronto Raptors,2026-04-12 18:00:00,2025-26,3.0986363636363636,0.7727272727272727,0.4090909090909091,0.4090909090909091,0.18181818181818182,0.09090909090909091,0.3181818181818182,0.2727272727272727,26.964560862865948,0.4483122362869198,12.299999999999997,6.4955258911544655
202331.0,Paul George,38,2025-11-17 19:00:00,2026-04-12 18:00:00,1,1129.81,641.0,133.0,20.0,176.0,196.0,513.0,225.0,255.0,100.0,111.0,91.0,62.0,16.0,64.0,84.0,89.0,0.43859649122807015,0.39215686274509803,0.8198198198198198,Philadelphia,76ers,Philadelphia 76ers,2026-04-12 18:00:00,2025-26,29.731842105263155,16.86842105263158,5.157894736842105,3.5,1.631578947368421,0.42105263157894735,1.6842105263157894,2.210526315789474,10.2262559120542,0.5704471023779012,499.4000000000001,15.9127640930776
202681.0,Kyrie Irving,2,2026-03-01 20:00:00,2026-04-05 19:30:00,1,0.0,0.0,0.0,0.0,0.0,0.0,0.0,0.0,0.0,0.0,0.0,0.0,0.0,0.0,0.0,0.0,0.0,,,,Dallas,Mavericks,Dallas Mavericks,2026-04-05 19:30:00,2025-26,0.0,0.0,0.0,0.0,0.0,0.0,0.0,0.0,,,0.0,
202685.0,Jonas Valanciunas,65,2025-10-23 22:00:00,2026-04-12 20:30:00,1,858.64,567.0,78.0,105.0,224.0,329.0,390.0,227.0,26.0,8.0,136.0,105.0,14.0,37.0,73.0,133.0,-44.0,0.5820512820512821,0.3076923076923077,0.7720588235294118,Denver,Nuggets,Denver Nuggets,2026-04-12 20:30:00,2025-26,13.209846153846154,8.723076923076922,5.061538461538461,1.2,0.2153846153846154,0.5692307692307692,1.123076923076923,2.046153846153846,13.962206411139162,0.6302240796727725,481.4,20.183546072859404
202687.0,Bismack Biyombo,25,2025-10-22 21:30:00,2026-04-12 20:30:00,1,135.61,23.0,5.0,5.0,21.0,26.0,15.0,9.0,0.0,0.0,7.0,5.0,4.0,2.0,8.0,27.0,-100.0,0.6,,0.7142857142857143,San Antonio,Spurs,San Antonio Spurs,2026-04-12 20:30:00,2025-26,5.4244,0.92,1.04,0.2,0.16,0.08,0.32,1.08,30.67484662576687,0.6360619469026549,15.2,4.035100656293783
202691.0,Klay Thompson,69,2025-10-22 21:30:00,2026-04-12 20:30:00,1,1484.91,810.0,96.0,18.0,125.0,143.0,728.0,286.0,527.0,202.0,47.0,36.0,33.0,22.0,63.0,70.0,-133.0,0.39285714285714285,0.38330170777988615,0.7659574468085106,Dallas,Mavericks,Dallas Mavericks,2026-04-12 20:30:00,2025-26,21.520434782608696,11.73913043478261,2.072463768115942,1.391304347826087,0.4782608695652174,0.3188405797101449,0.9130434782608695,1.0144927536231885,7.761679479597872,0.5409520756531496,485.1,11.760712770470938
202695.0,Kawhi Leonard,65,2025-10-22 21:00:00,2026-04-10 22:00:00,1,2071.65,1813.0,234.0,71.0,342.0,413.0,1258.0,635.0,445.0,172.0,416.0,371.0,122.0,27.0,133.0,78.0,340.0,0.5047694753577107,0.3865168539325843,0.8918269230769231,LA,Clippers,LA Clippers,2026-04-10 22:00:00,2025-26,31.871538461538464,27.892307692307693,6.3538461538461535,3.6,1.876923076923077,0.4153846153846154,2.046153846153846,1.2,8.449594673578817,0.629059568089713,1461.2,25.39193396567953
202696.0,Nikola Vucevic,64,2025-10-22 20:00:00,2026-04-10 19:30:00,2,1806.08,965.0,213.0,125.0,412.0,537.0,799.0,394.0,271.0,100.0,93.0,77.0,39.0,41.0,85.0,127.0,-42.0,0.493116395494368,0.36900369003690037,0.8279569892473119,Boston,Celtics,Boston Celtics,2026-04-10 19:30:00,2025-26,28.22,15.078125,8.390625,3.328125,0.609375,0.640625,1.328125,1.984375,9.189983998616096,0.5744594723306982,849.0000000000001,16.922838412473425
202699.0,Tobias Harris,63,2025-10-22 20:00:00,2026-04-12 18:00:00,1,1732.1,836.0,157.0,55.0,268.0,323.0,659.0,309.0,223.0,82.0,157.0,136.0,58.0,26.0,63.0,107.0,368.0,0.46889226100151743,0.36771300448430494,0.8662420382165605,Detroit,Pistons,Detroit Pistons,2026-04-12 18:00:00,2025-26,27.493650793650794,13.26984126984127,5.126984126984127,2.492063492063492,0.9206349206349206,0.4126984126984127,1.0,1.6984126984126984,7.963796329069121,0.5741127348643006,689.1000000000001,14.32226776744992
202710.0,Jimmy Butler III,39,2025-10-21 22:00:00,2026-04-01 22:00:00,1,1172.61,760.0,185.0,88.0,123.0,211.0,462.0,240.0,85.0,32.0,287.0,248.0,55.0,8.0,60.0,46.0,185.0,0.5194805194805194,0.3764705882352941,0.8641114982578397,Golden State,Warriors,Golden State Warriors,2026-04-01 22:00:00,2025-26,30.066923076923075,19.487179487179485,5.410256410256411,4.743589743589744,1.4102564102564104,0.20512820512820512,1.5384615384615385,1.1794871794871795,9.255260072808046,0.6459509077310125,727.2,22.32558139534884
203076.0,Anthony Davis,20,2025-10-22 21:30:00,2026-01-08 21:00:00,1,621.77,407.0,56.0,62.0,159.0,221.0,334.0,169.0,37.0,10.0,81.0,59.0,22.0,33.0,41.0,42.0,-50.0,0.5059880239520959,0.2702702702702703,0.7283950617283951,Dallas,Mavericks,Dallas Mavericks,2026-01-08 21:00:00,2025-26,31.0885,20.35,11.05,2.8,1.1,1.65,2.05,2.1,9.98441457237483,0.5505356563142517,349.6,20.241568425623623
203078.0,Bradley Beal,6,2025-10-22 21:00:00,2025-11-08 22:30:00,1,120.15,49.0,10.0,2.0,3.0,5.0,48.0,18.0,19.0,7.0,8.0,6.0,3.0,0.0,9.0,14.0,-23.0,0.375,0.3684210526315789,0.75,LA,Clippers,LA Clippers,2025-11-08 22:30:00,2025-26,20.025000000000002,8.166666666666666,0.8333333333333334,1.6666666666666667,0.5,0.0,1.5,2.3333333333333335,14.87111698612029,0.4755434782608695,19.500000000000007,5.842696629213485
203083.0,Andre Drummond,63,2025-10-22 19:30:00,2026-04-12 18:00:00,1,1218.86,403.0,80.0,200.0,332.0,532.0,337.0,159.0,90.0,32.0,84.0,53.0,38.0,49.0,61.0,125.0,-86.0,0.47181008902077154,0.35555555555555557,0.6309523809523809,Philadelphia,76ers,Philadelphia 76ers,2026-04-12 18:00:00,2025-26,19.346984126984125,6.396825396825397,8.444444444444445,1.2698412698412698,0.6031746031746031,0.7777777777777778,0.9682539682539683,1.9841269841269842,14.02427809453743,0.538827682105038,475.20000000000005,14.035410137341453
203084.0,Harrison Barnes,77,2025-10-22 21:30:00,2026-04-12 20:30:00,1,1969.8799999999999,767.0,148.0,63.0,151.0,214.0,576.0,263.0,358.0,139.0,123.0,102.0,50.0,12.0,61.0,85.0,329.0,0.4565972222222222,0.388268156424581,0.8292682926829268,San Antonio,Spurs,San Antonio Spurs,2026-04-12 20:30:00,2025-26,25.58285714285714,9.96103896103896,2.779220779220779,1.922077922077922,0.6493506493506493,0.15584415584415584,0.7922077922077922,1.103896103896104,8.826253038546128,0.6086142322097379,617.0,11.2758137551526
203110.0,Draymond Green,68,2025-10-21 22:00:00,2026-04-10 22:00:00,1,1855.36,570.0,376.0,55.0,320.0,375.0,491.0,205.0,310.0,101.0,84.0,59.0,61.0,42.0,181.0,197.0,-134.0,0.4175152749490835,0.3258064516129032,0.7023809523809523,Golden State,Warriors,Golden State Warriors,2026-04-10 22:00:00,2025-26,27.284705882352938,8.382352941176471,5.514705882352941,5.529411764705882,0.8970588235294118,0.6176470588235294,2.661764705882353,2.8970588235294117,25.530354321823516,0.5398136222441093,526.5999999999999,10.217747499137634
203114.0,Khris Middleton,63,2025-10-22 20:00:00,2026-04-12 20:30:00,2,1426.65,640.0,176.0,51.0,180.0,231.0,540.0,227.0,186.0,67.0,136.0,119.0,41.0,9.0,108.0,144.0,-337.0,0.4203703703703704,0.3602150537634409,0.875,Dallas,Mavericks,Dallas Mavericks,2026-04-12 20:30:00,2025-26,22.645238095238096,10.158730158730158,3.6666666666666665,2.7936507936507935,0.6507936507936508,0.14285714285714285,1.7142857142857142,2.2857142857142856,15.25768535262206,0.5334755934915977,440.5999999999998,11.118073809273467
203468.0,CJ McCollum,76,2025-10-22 20:00:00,2026-04-10 19:00:00,2,2248.87,1424.0,293.0,62.0,190.0,252.0,1154.0,525.0,510.0,191.0,237.0,183.0,64.0,35.0,135.0,144.0,92.0,0.45493934142114384,0.37450980392156863,0.7721518987341772,Atlanta,Hawks,Atlanta Hawks,2026-04-10 19:00:00,2025-26,29.590394736842104,18.736842105263158,3.3157894736842106,3.8552631578947367,0.8421052631578947,0.4605263157894737,1.7763157894736843,1.894736842105263,9.689366100137805,0.5658517976920876,1006.0,16.104087830777235
203471.0,Dennis Schroder,70,2025-10-22 22:00:00,2026-04-10 19:00:00,2,1682.59,756.0,341.0,33.0,156.0,189.0,629.0,255.0,228.0,75.0,205.0,171.0,55.0,11.0,124.0,109.0,-235.0,0.40540540540540543,0.32894736842105265,0.8341463414634146,Cleveland,Cavaliers,Cleveland Cavaliers,2026-04-10 19:00:00,2025-26,24.037,10.8,2.7,4.871428571428571,0.7857142857142857,0.15714285714285714,1.7714285714285714,1.5571428571428572,14.705882352941176,0.5255839822024472,607.8000000000001,13.004237514783759
203482.0,Kelly Olynyk,42,2025-11-05 22:00:00,2026-04-02 22:30:00,1,352.53,133.0,49.0,24.0,52.0,76.0,96.0,47.0,47.0,12.0,38.0,27.0,15.0,3.0,24.0,39.0,-38.0,0.4895833333333333,0.2553191489361702,0.7105263157894737,San Antonio,Spurs,San Antonio Spurs,2026-04-02 22:30:00,2025-26,8.393571428571429,3.1666666666666665,1.8095238095238095,1.1666666666666667,0.35714285714285715,0.07142857142857142,0.5714285714285714,0.9285714285714286,17.554125219426567,0.5899574166075231,124.4,12.703599693643097
203484.0,Kentavious Caldwell-Pope,51,2025-10-22 20:00:00,2026-02-11 21:00:00,1,1077.76,428.0,139.0,20.0,105.0,125.0,366.0,150.0,174.0,55.0,80.0,73.0,43.0,8.0,61.0,57.0,-114.0,0.4098360655737705,0.3160919540229885,0.9125,Memphis,Grizzlies,Memphis Grizzlies,2026-02-11 21:00:00,2025-26,21.132549019607843,8.392156862745098,2.450980392156863,2.7254901960784315,0.8431372549019608,0.1568627450980392,1.196078431372549,1.1176470588235294,13.197749891821722,0.5333998005982054,336.6,11.24331947743468
203486.0,Mason Plumlee,20,2025-10-25 19:30:00,2026-04-12 20:30:00,2,166.89,31.0,20.0,17.0,36.0,53.0,14.0,11.0,0.0,0.0,14.0,9.0,10.0,0.0,12.0,17.0,-8.0,0.7857142857142857,,0.6428571428571429,San Antonio,Spurs,San Antonio Spurs,2026-04-12 20:30:00,2025-26,8.3445,1.55,2.65,1.0,0.5,0.0,0.6,0.85,37.3134328358209,0.7688492063492064,51.5,11.109113787524718
203497.0,Rudy Gobert,76,2025-10-22 22:00:00,2026-04-07 19:00:00,1,2365.67,829.0,128.0,299.0,573.0,872.0,491.0,335.0,5.0,0.0,302.0,159.0,58.0,124.0,106.0,199.0,233.0,0.6822810590631364,0.0,0.5264900662251656,Minnesota,Timberwolves,Minnesota Timberwolves,2026-04-07 19:00:00,2025-26,31.127236842105265,10.907894736842104,11.473684210526315,1.6842105263157894,0.7631578947368421,1.631578947368421,1.394736842105263,2.6184210526315788,14.522935277031841,0.664390587933577,992.0999999999999,15.097456534512421
203500.0,Steven Adams,32,2025-10-21 19:30:00,2026-01-18 19:00:00,1,724.62,187.0,48.0,145.0,131.0,276.0,139.0,70.0,0.0,0.0,81.0,47.0,22.0,20.0,35.0,55.0,194.0,0.5035971223021583,,0.5802469135802469,Houston,Rockets,Houston Rockets,2026-01-18 19:00:00,2025-26,22.644375,5.84375,8.625,1.5,0.6875,0.625,1.09375,1.71875,16.695287158939134,0.5353870819972515,257.5,12.792912147056388
203501.0,Tim Hardaway Jr.,80,2025-10-23 22:00:00,2026-04-10 21:00:00,1,2111.2,1079.0,108.0,17.0,189.0,206.0,779.0,348.0,550.0,224.0,196.0,159.0,42.0,10.0,43.0,100.0,200.0,0.4467265725288832,0.4072727272727273,0.8112244897959183,Denver,Nuggets,Denver Nuggets,2026-04-10 21:00:00,2025-26,26.389999999999997,13.4875,2.575,1.35,0.525,0.125,0.5375,1.25,4.734431427816436,0.6235264204151449,768.3000000000002,13.10098522167488
203507.0,Giannis Antetokounmpo,37,2025-10-22 20:00:00,2026-04-10 20:00:00,1,1032.74,993.0,196.0,98.0,254.0,352.0,598.0,373.0,45.0,15.0,357.0,232.0,34.0,24.0,115.0,86.0,96.0,0.6237458193979933,0.3333333333333333,0.6498599439775911,Milwaukee,Bucks,Milwaukee Bucks,2026-04-10 20:00:00,2025-26,27.91189189189189,26.83783783783784,9.513513513513514,5.297297297297297,0.918918918918919,0.6486486486486487,3.108108108108108,2.324324324324324,13.21717543214417,0.657546220268051,857.0000000000001,29.873927610047062
203552.0,Seth Curry,10,2025-12-02 23:00:00,2026-04-12 20:30:00,1,131.8,71.0,10.0,4.0,8.0,12.0,49.0,24.0,25.0,12.0,12.0,11.0,3.0,0.0,2.0,7.0,1.0,0.4897959183673469,0.48,0.9166666666666666,Golden State,Warriors,Golden State Warriors,2026-04-12 20:30:00,2025-26,13.180000000000001,7.1,1.2,1.0,0.3,0.0,0.2,0.7,3.5536602700781805,0.6540162122328667,56.3,15.377845220030347
203648.0,Thanasis Antetokounmpo,34,2025-10-22 20:00:00,2026-04-12 18:00:00,1,141.17000000000002,47.0,15.0,12.0,18.0,30.0,32.0,15.0,4.0,0.0,30.0,17.0,13.0,6.0,10.0,18.0,5.0,0.46875,0.0,0.5666666666666667,Milwaukee,Bucks,Milwaukee Bucks,2026-04-12 18:00:00,2025-26,4.152058823529412,1.3823529411764706,0.8823529411764706,0.4411764705882353,0.38235294117647056,0.17647058823529413,0.29411764705882354,0.5294117647058824,18.115942028985508,0.5199115044247787,49.69999999999999,12.674080895374367
203897.0,Zach LaVine,39,2025-10-22 22:00:00,2026-02-06 22:00:00,1,1216.17,748.0,89.0,8.0,100.0,108.0,547.0,262.0,254.0,99.0,142.0,125.0,28.0,10.0,74.0,81.0,-310.0,0.4789762340036563,0.38976377952755903,0.8802816901408451,Sacramento,Kings,Sacramento Kings,2026-02-06 22:00:00,2025-26,31.183846153846154,19.17948717948718,2.769230769230769,2.282051282051282,0.717948717948718,0.2564102564102564,1.8974358974358974,2.076923076923077,10.826944460701117,0.613637855220844,489.6,14.492710723007475
203903.0,Jordan Clarkson,72,2025-10-22 19:00:00,2026-04-12 18:00:00,1,1266.08,622.0,96.0,62.0,65.0,127.0,526.0,237.0,214.0,70.0,94.0,78.0,30.0,9.0,63.0,123.0,110.0,0.4505703422053232,0.32710280373831774,0.8297872340425532,New York,Knicks,New York Knicks,2026-04-12 18:00:00,2025-26,17.584444444444443,8.63888888888889,1.7638888888888888,1.3333333333333333,0.4166666666666667,0.125,0.875,1.7083333333333333,9.994288977727013,0.5481528482797519,396.4,11.271325666624541
203914.0,Gary Harris,48,2025-10-22 20:00:00,2026-04-08 19:00:00,1,650.86,128.0,51.0,16.0,45.0,61.0,104.0,46.0,68.0,28.0,9.0,8.0,27.0,9.0,19.0,53.0,-132.0,0.4423076923076923,0.4117647058823529,0.8888888888888888,Milwaukee,Bucks,Milwaukee Bucks,2026-04-08 19:00:00,2025-26,13.559583333333334,2.6666666666666665,1.2708333333333333,1.0625,0.5625,0.1875,0.3958333333333333,1.1041666666666667,14.965343415248897,0.5928121526491293,126.69999999999999,7.00795870079587
203924.0,Jerami Grant,57,2025-10-22 22:00:00,2026-03-27 22:00:00,1,1683.86,1060.0,122.0,55.0,143.0,198.0,730.0,331.0,350.0,136.0,322.0,262.0,42.0,36.0,119.0,142.0,-6.0,0.4534246575342466,0.38857142857142857,0.8136645962732919,Portland,Trail Blazers,Portland Trail Blazers,2026-03-27 22:00:00,2025-26,29.54140350877193,18.596491228070175,3.473684210526316,2.1403508771929824,0.7368421052631579,0.631578947368421,2.087719298245614,2.491228070175439,12.011951386926151,0.6080212922173274,715.6000000000001,15.299134132291288
203926.0,Doug McDermott,29,2025-11-12 22:00:00,2026-04-12 20:30:00,1,433.12,164.0,22.0,7.0,30.0,37.0,139.0,54.0,123.0,48.0,9.0,8.0,6.0,4.0,13.0,28.0,-102.0,0.38848920863309355,0.3902439024390244,0.8888888888888888,Sacramento,Kings,Sacramento Kings,2026-04-12 20:30:00,2025-26,14.935172413793104,5.655172413793103,1.2758620689655173,0.7586206896551724,0.20689655172413793,0.13793103448275862,0.4482758620689655,0.9655172413793104,8.335470633495767,0.5735870173475097,101.79999999999998,8.461396379756186
203932.0,Aaron Gordon,36,2025-10-23 22:00:00,2026-04-08 21:00:00,1,997.38,582.0,96.0,51.0,158.0,209.0,398.0,198.0,157.0,61.0,163.0,125.0,21.0,10.0,38.0,62.0,272.0,0.49748743718592964,0.3885350318471338,0.7668711656441718,Denver,Nuggets,Denver Nuggets,2026-04-08 21:00:00,2025-26,27.705,16.166666666666668,5.805555555555555,2.6666666666666665,0.5833333333333334,0.2777777777777778,1.0555555555555556,1.7222222222222223,7.484440242653431,0.6195180107297964,482.9000000000001,17.430066774950372
203935.0,Marcus Smart,63,2025-10-21 22:00:00,2026-04-12 20:30:00,1,1756.21,579.0,185.0,36.0,136.0,172.0,476.0,188.0,293.0,97.0,129.0,106.0,87.0,23.0,92.0,162.0,256.0,0.3949579831932773,0.3310580204778157,0.8217054263565892,Los Angeles,Lakers,Los Angeles Lakers,2026-04-12 20:30:00,2025-26,27.876349206349207,9.19047619047619,2.7301587301587302,2.9365079365079363,1.380952380952381,0.36507936507936506,1.4603174603174602,2.5714285714285716,14.725654651386133,0.5433966514002553,453.60000000000014,9.298204656618516
203937.0,Kyle Anderson,43,2025-10-31 22:00:00,2026-04-10 21:30:00,3,845.54,266.0,126.0,42.0,108.0,150.0,202.0,107.0,11.0,4.0,68.0,48.0,45.0,26.0,39.0,96.0,-81.0,0.5297029702970297,0.36363636363636365,0.7058823529411765,Minnesota,Timberwolves,Minnesota Timberwolves,2026-04-10 21:30:00,2025-26,19.663720930232557,6.186046511627907,3.488372093023256,2.9302325581395348,1.0465116279069768,0.6046511627906976,0.9069767441860465,2.2325581395348837,14.39539347408829,0.5734736115902035,295.20000000000005,12.568536083449631
203939.0,Dwight Powell,63,2025-10-22 21:30:00,2026-04-12 20:30:00,1,892.65,210.0,68.0,96.0,161.0,257.0,101.0,65.0,7.0,2.0,112.0,78.0,34.0,21.0,41.0,133.0,-9.0,0.6435643564356436,0.2857142857142857,0.6964285714285714,Dallas,Mavericks,Dallas Mavericks,2026-04-12 20:30:00,2025-26,14.16904761904762,3.3333333333333335,4.079365079365079,1.0793650793650793,0.5396825396825397,0.3333333333333333,0.6507936507936508,2.111111111111111,21.434546214972816,0.6986957678999202,269.29999999999995,10.860695681398084
203944.0,Julius Randle,79,2025-10-22 22:00:00,2026-04-07 19:00:00,1,2595.37,1667.0,398.0,132.0,400.0,532.0,1207.0,580.0,346.0,109.0,496.0,398.0,86.0,18.0,217.0,223.0,232.0,0.48053024026512015,0.315028901734104,0.8024193548387096,Minnesota,Timberwolves,Minnesota Timberwolves,2026-04-07 19:00:00,2025-26,32.85278481012658,21.10126582278481,6.734177215189874,5.037974683544304,1.0886075949367089,0.22784810126582278,2.7468354430379747,2.8227848101265822,13.213659392049882,0.5848137857483652,1298.2999999999997,18.008530575601934
203952.0,Andrew Wiggins,68,2025-10-22 19:00:00,2026-04-12 18:00:00,1,2047.98,1045.0,182.0,115.0,214.0,329.0,821.0,390.0,333.0,138.0,162.0,127.0,76.0,69.0,103.0,156.0,9.0,0.47503045066991473,0.4144144144144144,0.7839506172839507,Miami,Heat,Miami Heat,2026-04-12 18:00:00,2025-26,30.11735294117647,15.367647058823529,4.838235294117647,2.676470588235294,1.1176470588235294,1.0147058823529411,1.5147058823529411,2.2941176470588234,10.348846555743108,0.5855785179540055,843.3000000000001,14.823777575952892
203954.0,Joel Embiid,39,2025-10-22 19:30:00,2026-04-06 20:00:00,1,1195.2,1021.0,150.0,75.0,218.0,293.0,697.0,341.0,159.0,53.0,335.0,286.0,21.0,46.0,109.0,82.0,155.0,0.48923959827833574,0.3333333333333333,0.8537313432835821,Philadelphia,76ers,Philadelphia 76ers,2026-04-06 20:00:00,2025-26,30.646153846153847,26.17948717948718,7.512820512820513,3.8461538461538463,0.5384615384615384,1.1794871794871795,2.7948717948717947,2.1025641025641026,11.432766939374869,0.6045712932259593,784.2000000000002,23.620481927710845
203967.0,Dario Saric,5,2025-10-22 22:00:00,2025-12-20 22:00:00,1,40.35,5.0,2.0,1.0,5.0,6.0,6.0,1.0,3.0,1.0,2.0,2.0,0.0,0.0,2.0,3.0,0.0,0.16666666666666666,0.3333333333333333,1.0,Sacramento,Kings,Sacramento Kings,2025-12-20 22:00:00,2025-26,8.07,1.0,1.2,0.4,0.0,0.0,0.4,0.6,22.522522522522525,0.3633720930232558,1.6000000000000005,1.427509293680298
203991.0,Clint Capela,75,2025-10-21 19:30:00,2026-04-12 20:30:00,1,911.03,282.0,50.0,160.0,185.0,345.0,227.0,118.0,2.0,1.0,78.0,45.0,36.0,63.0,41.0,74.0,162.0,0.5198237885462555,0.5,0.5769230769230769,Houston,Rockets,Houston Rockets,2026-04-12 20:30:00,2025-26,12.147066666666666,3.76,4.6,0.6666666666666666,0.48,0.84,0.5466666666666666,0.9866666666666667,13.56178883302461,0.539568345323741,369.1,14.585249662469952
203992.0,Bogdan Bogdanovic,23,2025-10-26 21:00:00,2026-04-12 20:30:00,1,447.24,171.0,51.0,6.0,53.0,59.0,152.0,59.0,95.0,33.0,25.0,20.0,10.0,3.0,27.0,46.0,-30.0,0.3881578947368421,0.3473684210526316,0.8,LA,Clippers,LA Clippers,2026-04-12 20:30:00,2025-26,19.445217391304347,7.434782608695652,2.5652173913043477,2.217391304347826,0.43478260869565216,0.13043478260869565,1.173913043478261,2.0,14.210526315789474,0.5245398773006135,108.69999999999999,8.74966460960558
203994.0,Jusuf Nurkic,42,2025-10-22 21:00:00,2026-03-21 21:30:00,1,1075.03,447.0,196.0,106.0,319.0,425.0,358.0,180.0,71.0,25.0,113.0,62.0,52.0,22.0,101.0,134.0,-187.0,0.5027932960893855,0.352112676056338,0.5486725663716814,Utah,Jazz,Utah Jazz,2026-03-21 21:30:00,2025-26,25.59595238095238,10.642857142857142,10.119047619047619,4.666666666666667,1.2380952380952381,0.5238095238095238,2.4047619047619047,3.1904761904761907,19.853750589715364,0.5481703129598744,467.89999999999986,15.668772034268805
203999.0,Nikola Jokic,65,2025-10-23 22:00:00,2026-04-12 20:30:00,1,2252.92,1799.0,697.0,192.0,644.0,836.0,1132.0,644.0,295.0,112.0,480.0,399.0,92.0,53.0,243.0,173.0,555.0,0.568904593639576,0.37966101694915255,0.83125,Denver,Nuggets,Denver Nuggets,2026-04-12 20:30:00,2025-26,34.6603076923077,27.676923076923078,12.861538461538462,10.723076923076922,1.4153846153846155,0.8153846153846154,3.7384615384615385,2.6615384615384614,15.319631824486192,0.6696694460988684,1864.1999999999998,29.788541093336644
204001.0,Kristaps Porzingis,34,2025-10-22 19:30:00,2026-04-12 20:30:00,2,762.57,533.0,81.0,40.0,127.0,167.0,388.0,173.0,160.0,54.0,158.0,133.0,18.0,38.0,41.0,92.0,45.0,0.44587628865979384,0.3375,0.8417721518987342,Golden State,Warriors,Golden State Warriors,2026-04-12 20:30:00,2025-26,22.428529411764707,15.676470588235293,4.911764705882353,2.3823529411764706,0.5294117647058824,1.1176470588235294,1.2058823529411764,2.7058823529411766,8.224344058412903,0.5824881972372793,410.2000000000001,19.365041897792995
204060.0,Joe Ingles,27,2025-10-24 22:00:00,2026-04-12 20:30:00,1,147.63,41.0,34.0,0.0,19.0,19.0,27.0,16.0,16.0,7.0,2.0,2.0,9.0,2.0,14.0,9.0,-8.0,0.5925925925925926,0.4375,1.0,Minnesota,Timberwolves,Minnesota Timberwolves,2026-04-12 20:30:00,2025-26,5.467777777777777,1.5185185185185186,0.7037037037037037,1.2592592592592593,0.3333333333333333,0.07407407407407407,0.5185185185185185,0.3333333333333333,33.42884431709647,0.7352941176470589,50.80000000000001,12.387726071936601
204456.0,T.J. McConnell,56,2025-11-11 21:00:00,2026-03-29 17:00:00,1,951.51,525.0,287.0,22.0,102.0,124.0,450.0,242.0,50.0,16.0,29.0,25.0,56.0,10.0,64.0,62.0,-134.0,0.5377777777777778,0.32,0.8620689655172413,Indiana,Pacers,Indiana Pacers,2026-03-29 17:00:00,2025-26,16.99125,9.375,2.2142857142857144,5.125,1.0,0.17857142857142858,1.1428571428571428,1.1071428571428572,12.149745614701192,0.5672486818221109,526.3,19.912349843932276
1626145.0,Tyus Jones,67,2025-10-22 19:00:00,2026-04-12 20:30:00,3,963.97,199.0,159.0,12.0,64.0,76.0,218.0,76.0,137.0,40.0,9.0,7.0,37.0,3.0,25.0,31.0,-106.0,0.3486238532110092,0.291970802919708,0.7777777777777778,Denver,Nuggets,Denver Nuggets,2026-04-12 20:30:00,2025-26,14.387611940298507,2.970149253731343,1.1343283582089552,2.373134328358209,0.5522388059701493,0.04477611940298507,0.373134328358209,0.4626865671641791,10.123096857790735,0.4482789691836367,216.60000000000002,8.089048414369742
1626156.0,D'Angelo Russell,26,2025-10-22 21:30:00,2026-01-10 20:00:00,1,489.67,264.0,104.0,8.0,53.0,61.0,232.0,94.0,112.0,33.0,60.0,43.0,12.0,2.0,49.0,30.0,-41.0,0.4051724137931034,0.29464285714285715,0.7166666666666667,Dallas,Mavericks,Dallas Mavericks,2026-01-10 20:00:00,2025-26,18.83346153846154,10.153846153846153,2.3461538461538463,4.0,0.46153846153846156,0.07692307692307693,1.8846153846153846,1.1538461538461537,15.94014313597918,0.5108359133126935,179.10000000000005,13.167235076684301
1626157.0,Karl-Anthony Towns,75,2025-10-22 19:00:00,2026-04-10 19:30:00,1,2307.47,1504.0,226.0,233.0,656.0,889.0,1032.0,517.0,307.0,113.0,416.0,357.0,65.0,40.0,187.0,255.0,378.0,0.500968992248062,0.36807817589576547,0.8581730769230769,New York,Knicks,New York Knicks,2026-04-10 19:30:00,2025-26,30.766266666666663,20.053333333333335,11.853333333333333,3.013333333333333,0.8666666666666667,0.5333333333333333,2.493333333333333,3.4,13.337707911329206,0.6189096655254148,1286.8999999999999,20.077574139642117
1626162.0,Kelly Oubre Jr.,51,2025-10-22 19:30:00,2026-04-12 18:00:00,1,1565.01,705.0,80.0,50.0,202.0,252.0,544.0,254.0,239.0,86.0,145.0,111.0,68.0,24.0,69.0,127.0,-66.0,0.46691176470588236,0.3598326359832636,0.7655172413793103,Philadelphia,76ers,Philadelphia 76ers,2026-04-12 18:00:00,2025-26,30.686470588235295,13.823529411764707,4.9411764705882355,1.5686274509803921,1.3333333333333333,0.47058823529411764,1.3529411764705883,2.4901960784313726,10.195035460992909,0.5799605133267522,528.8000000000001,12.164011731554433
1626164.0,Devin Booker,64,2025-10-22 22:00:00,2026-04-08 22:00:00,1,2133.88,1668.0,386.0,48.0,200.0,248.0,1198.0,546.0,370.0,122.0,520.0,454.0,51.0,18.0,201.0,168.0,201.0,0.4557595993322204,0.32972972972972975,0.8730769230769231,Phoenix,Suns,Phoenix Suns,2026-04-08 22:00:00,2025-26,33.341875,26.0625,3.875,6.03125,0.796875,0.28125,3.140625,2.625,12.34795429413933,0.584524810765349,1180.6000000000001,19.917521135209103
1626166.0,Cameron Payne,22,2026-02-19 19:00:00,2026-04-04 19:00:00,1,370.2,163.0,58.0,3.0,41.0,44.0,149.0,56.0,97.0,32.0,22.0,19.0,24.0,7.0,11.0,30.0,-64.0,0.37583892617449666,0.32989690721649484,0.8636363636363636,Philadelphia,76ers,Philadelphia 76ers,2026-04-04 19:00:00,2025-26,16.827272727272728,7.409090909090909,2.0,2.6363636363636362,1.0909090909090908,0.3181818181818182,0.5,1.3636363636363635,6.482791136256482,0.51361230148727,140.79999999999998,13.692058346839545
1626167.0,Myles Turner,71,2025-10-22 20:00:00,2026-04-10 20:00:00,1,1897.88,846.0,103.0,75.0,303.0,378.0,646.0,284.0,384.0,147.0,177.0,131.0,50.0,115.0,83.0,185.0,-227.0,0.43962848297213625,0.3828125,0.7401129943502824,Milwaukee,Bucks,Milwaukee Bucks,2026-04-10 20:00:00,2025-26,26.730704225352113,11.915492957746478,5.323943661971831,1.4507042253521127,0.704225352112676,1.619718309859155,1.1690140845070423,2.6056338028169015,10.28653579218719,0.5843509974028844,678.0,12.86066558475773
1626171.0,Bobby Portis,68,2025-10-22 20:00:00,2026-04-10 20:00:00,1,1607.2,915.0,105.0,89.0,339.0,428.0,750.0,366.0,296.0,135.0,68.0,48.0,41.0,12.0,66.0,110.0,-266.0,0.488,0.4560810810810811,0.7058823529411765,Milwaukee,Bucks,Milwaukee Bucks,2026-04-10 20:00:00,2025-26,23.63529411764706,13.455882352941176,6.294117647058823,1.5441176470588236,0.6029411764705882,0.17647058823529413,0.9705882352941176,1.6176470588235294,7.802156232267827,0.5865986255000513,705.3000000000001,15.798158287705327
1626172.0,Kevon Looney,21,2025-11-02 15:30:00,2026-04-10 19:30:00,1,302.5,59.0,34.0,48.0,70.0,118.0,60.0,25.0,13.0,2.0,10.0,7.0,9.0,10.0,9.0,34.0,-63.0,0.4166666666666667,0.15384615384615385,0.7,New Orleans,Pelicans,New Orleans Pelicans,2026-04-10 19:30:00,2025-26,14.404761904761905,2.8095238095238093,5.619047619047619,1.619047619047619,0.42857142857142855,0.47619047619047616,0.42857142857142855,1.619047619047619,12.261580381471388,0.45807453416149063,97.6,11.615206611570247
1626179.0,Terry Rozier,1,2026-02-03 19:30:00,2026-02-03 19:30:00,1,0.0,0.0,0.0,0.0,0.0,0.0,0.0,0.0,0.0,0.0,0.0,0.0,0.0,0.0,0.0,0.0,0.0,,,,Miami,Heat,Miami Heat,2026-02-03 19:30:00,2025-26,0.0,0.0,0.0,0.0,0.0,0.0,0.0,0.0,,,0.0,
1626181.0,Norman Powell,58,2025-10-22 19:00:00,2026-04-12 18:00:00,1,1704.56,1261.0,143.0,22.0,181.0,203.0,895.0,421.0,410.0,156.0,318.0,263.0,64.0,14.0,111.0,127.0,38.0,0.47039106145251397,0.3804878048780488,0.8270440251572327,Miami,Heat,Miami Heat,2026-04-12 18:00:00,2025-26,29.388965517241378,21.74137931034483,3.5,2.4655172413793105,1.103448275862069,0.2413793103448276,1.9137931034482758,2.189655172413793,9.686540072605418,0.6092258338808796,862.7,18.220068522081945
1626192.0,Pat Connaughton,42,2025-10-26 18:00:00,2026-04-10 19:00:00,1,288.71,110.0,18.0,15.0,46.0,61.0,85.0,38.0,52.0,21.0,20.0,13.0,11.0,1.0,11.0,9.0,-29.0,0.4470588235294118,0.40384615384615385,0.65,Charlotte,Hornets,Charlotte Hornets,2026-04-10 19:00:00,2025-26,6.8740476190476185,2.619047619047619,1.4523809523809523,0.42857142857142855,0.2619047619047619,0.023809523809523808,0.2619047619047619,0.21428571428571427,10.49618320610687,0.5863539445628998,96.90000000000002,12.082712756745526
1626204.0,Larry Nance Jr.,35,2025-10-22 19:00:00,2026-04-12 18:00:00,1,442.86,131.0,34.0,29.0,64.0,93.0,124.0,52.0,63.0,21.0,13.0,6.0,21.0,6.0,20.0,55.0,-17.0,0.41935483870967744,0.3333333333333333,0.46153846153846156,Cleveland,Cavaliers,Cleveland Cavaliers,2026-04-12 18:00:00,2025-26,12.653142857142857,3.742857142857143,2.657142857142857,0.9714285714285714,0.6,0.17142857142857143,0.5714285714285714,1.5714285714285714,13.35826876836762,0.5049337033610855,108.69999999999999,8.836201056767376
1626220.0,Royce O'Neale,78,2025-10-22 22:00:00,2026-04-10 22:30:00,1,2197.06,765.0,208.0,59.0,313.0,372.0,625.0,263.0,520.0,212.0,38.0,27.0,84.0,32.0,103.0,177.0,-113.0,0.4208,0.4076923076923077,0.7105263157894737,Phoenix,Suns,Phoenix Suns,2026-04-10 22:30:00,2025-26,28.167435897435897,9.807692307692308,4.769230769230769,2.6666666666666665,1.0769230769230769,0.41025641025641024,1.3205128205128205,2.269230769230769,13.83070147169406,0.5960543539238297,641.7000000000002,10.514596779332383
1627734.0,Domantas Sabonis,19,2025-10-24 22:00:00,2026-02-04 22:00:00,1,559.35,301.0,78.0,64.0,152.0,216.0,221.0,120.0,27.0,5.0,77.0,56.0,18.0,4.0,51.0,66.0,-177.0,0.5429864253393665,0.18518518518518517,0.7272727272727273,Sacramento,Kings,Sacramento Kings,2026-02-04 22:00:00,2025-26,29.439473684210526,15.842105263157896,11.368421052631579,4.105263157894737,0.9473684210526315,0.21052631578947367,2.6842105263157894,3.473684210526316,16.673205178501373,0.590473948524796,274.3,17.654062751407885
1627739.0,Kris Dunn,82,2025-10-22 21:00:00,2026-04-12 20:30:00,1,2213.22,596.0,295.0,58.0,213.0,271.0,477.0,227.0,214.0,80.0,81.0,62.0,131.0,14.0,111.0,189.0,15.0,0.4758909853249476,0.37383177570093457,0.7654320987654321,LA,Clippers,LA Clippers,2026-04-12 20:30:00,2025-26,26.990487804878047,7.2682926829268295,3.3048780487804876,3.597560975609756,1.5975609756097562,0.17073170731707318,1.353658536585366,2.3048780487804876,17.798730036559554,0.5813046192259675,610.4999999999999,9.93032775774663
1627741.0,Buddy Hield,51,2025-10-21 22:00:00,2026-04-12 18:00:00,2,808.79,390.0,71.0,27.0,89.0,116.0,327.0,143.0,212.0,74.0,37.0,30.0,39.0,9.0,48.0,57.0,-86.0,0.43730886850152906,0.3490566037735849,0.8108108108108109,Atlanta,Hawks,Atlanta Hawks,2026-04-12 18:00:00,2025-26,15.858627450980391,7.647058823529412,2.2745098039215685,1.392156862745098,0.7647058823529411,0.17647058823529413,0.9411764705882353,1.1176470588235294,12.267429973420569,0.5680494057329294,285.3,12.698970066395482
1627742.0,Brandon Ingram,77,2025-10-22 19:30:00,2026-04-12 18:00:00,1,2589.5099999999998,1655.0,284.0,63.0,367.0,430.0,1288.0,614.0,353.0,135.0,356.0,292.0,58.0,55.0,187.0,148.0,43.0,0.4767080745341615,0.38243626062322944,0.8202247191011236,Toronto,Raptors,Toronto Raptors,2026-04-12 18:00:00,2025-26,33.629999999999995,21.493506493506494,5.584415584415584,3.688311688311688,0.7532467532467533,0.7142857142857143,2.4285714285714284,1.922077922077922,11.460861464538745,0.5728070661202791,1176.6999999999998,16.358770578217502
1627746.0,Skal Labissiere,3,2026-01-27 19:00:00,2026-02-03 19:00:00,1,36.93,13.0,3.0,3.0,6.0,9.0,10.0,6.0,5.0,1.0,0.0,0.0,2.0,1.0,1.0,3.0,2.0,0.6,0.2,,Washington,Wizards,Washington Wizards,2026-02-03 19:00:00,2025-26,12.31,4.333333333333333,3.0,1.0,0.6666666666666666,0.3333333333333333,0.3333333333333333,1.0,9.090909090909092,0.65,14.899999999999999,14.524776604386677
1627747.0,Caris LeVert,60,2025-10-22 20:00:00,2026-04-12 18:00:00,1,1145.07,443.0,159.0,23.0,94.0,117.0,391.0,163.0,180.0,60.0,84.0,57.0,51.0,41.0,82.0,91.0,-7.0,0.41687979539641945,0.3333333333333333,0.6785714285714286,Detroit,Pistons,Detroit Pistons,2026-04-12 18:00:00,2025-26,19.0845,7.383333333333334,1.95,2.65,0.85,0.6833333333333333,1.3666666666666667,1.5166666666666666,16.079692524903916,0.5175717356762315,340.6,10.7081663129765
1627749.0,Dejounte Murray,14,2026-02-24 20:00:00,2026-04-02 22:00:00,1,386.05,234.0,89.0,4.0,71.0,75.0,182.0,88.0,62.0,19.0,45.0,39.0,23.0,3.0,47.0,33.0,20.0,0.4835164835164835,0.3064516129032258,0.8666666666666667,New Orleans,Pelicans,New Orleans Pelicans,2026-04-02 22:00:00,2025-26,27.575,16.714285714285715,5.357142857142857,6.357142857142857,1.6428571428571428,0.21428571428571427,3.357142857142857,2.357142857142857,18.890675241157556,0.5797819623389494,190.70000000000002,17.78318870612615
1627750.0,Jamal Murray,75,2025-10-23 22:00:00,2026-04-08 21:00:00,1,2636.74,1905.0,535.0,32.0,298.0,330.0,1360.0,657.0,563.0,245.0,390.0,346.0,66.0,29.0,171.0,131.0,431.0,0.48308823529411765,0.4351687388987567,0.8871794871794871,Denver,Nuggets,Denver Nuggets,2026-04-08 21:00:00,2025-26,35.15653333333333,25.4,4.4,7.133333333333334,0.88,0.38666666666666666,2.28,1.7466666666666666,10.043462939034418,0.6218986680595456,1547.4000000000003,21.12699773204791
1627751.0,Jakob Poeltl,46,2025-10-22 19:30:00,2026-04-12 18:00:00,1,1139.83,493.0,93.0,114.0,209.0,323.0,310.0,217.0,0.0,0.0,98.0,59.0,40.0,32.0,57.0,145.0,48.0,0.7,,0.6020408163265306,Toronto,Raptors,Toronto Raptors,2026-04-12 18:00:00,2025-26,24.77891304347826,10.717391304347826,7.021739130434782,2.0217391304347827,0.8695652173913043,0.6956521739130435,1.2391304347826086,3.152173913043478,13.898371208426802,0.6980629814227458,502.19999999999993,15.861312651886683
1627752.0,Taurean Prince,26,2025-10-22 20:00:00,2026-04-12 18:00:00,1,605.59,239.0,46.0,4.0,77.0,81.0,191.0,86.0,140.0,61.0,6.0,6.0,16.0,6.0,31.0,48.0,-51.0,0.450261780104712,0.4357142857142857,1.0,Milwaukee,Bucks,Milwaukee Bucks,2026-04-12 18:00:00,2025-26,23.291923076923077,9.192307692307692,3.1153846153846154,1.7692307692307692,0.6153846153846154,0.23076923076923078,1.1923076923076923,1.8461538461538463,13.79985754985755,0.6171245610411072,167.79999999999995,9.975065638468267
1627759.0,Jaylen Brown,71,2025-10-22 19:30:00,2026-04-10 19:30:00,1,2428.91,2038.0,364.0,81.0,411.0,492.0,1543.0,736.0,404.0,140.0,536.0,426.0,72.0,27.0,259.0,191.0,321.0,0.4769928710304601,0.3465346534653465,0.7947761194029851,Boston,Celtics,Boston Celtics,2026-04-10 19:30:00,2025-26,34.21,28.704225352112676,6.929577464788732,5.126760563380282,1.0140845070422535,0.38028169014084506,3.647887323943662,2.6901408450704225,12.709535586699642,0.5728452249780757,1398.6000000000001,20.729298327233206
1627780.0,Gary Payton II,73,2025-10-21 22:00:00,2026-04-12 20:30:00,1,1126.97,547.0,123.0,101.0,164.0,265.0,415.0,242.0,127.0,37.0,40.0,26.0,67.0,21.0,62.0,132.0,-109.0,0.5831325301204819,0.29133858267716534,0.65,Golden State,Warriors,Golden State Warriors,2026-04-12 20:30:00,2025-26,15.437945205479453,7.493150684931507,3.6301369863013697,1.6849315068493151,0.9178082191780822,0.2876712328767123,0.8493150684931506,1.8082191780821917,12.535382126971289,0.6322237632917245,520.6,16.63007888408742
1627783.0,Pascal Siakam,62,2025-10-23 19:30:00,2026-04-03 19:00:00,1,2043.59,1485.0,236.0,89.0,322.0,411.0,1155.0,559.0,293.0,105.0,378.0,262.0,69.0,25.0,138.0,147.0,-230.0,0.48398268398268396,0.3583617747440273,0.6931216931216931,Indiana,Pacers,Indiana Pacers,2026-04-03 19:00:00,2025-26,32.961129032258064,23.951612903225808,6.629032258064516,3.806451612903226,1.1129032258064515,0.4032258064516129,2.225806451612903,2.370967741935484,9.456459172765397,0.561938061938062,1067.5,18.80514193160076
1627824.0,Guerschon Yabusele,67,2025-10-22 19:00:00,2026-04-09 19:00:00,2,993.4399999999999,373.0,63.0,56.0,178.0,234.0,312.0,125.0,196.0,69.0,72.0,54.0,26.0,16.0,41.0,81.0,-166.0,0.40064102564102566,0.3520408163265306,0.75,Chicago,Bulls,Chicago Bulls,2026-04-09 19:00:00,2025-26,14.827462686567163,5.567164179104478,3.4925373134328357,0.9402985074626866,0.3880597014925373,0.23880597014925373,0.6119402985074627,1.208955223880597,10.658209420817302,0.5426559590316573,297.90000000000003,10.795216621033985
1627826.0,Ivica Zubac,49,2025-10-22 21:00:00,2026-03-18 19:30:00,2,1437.6399999999999,677.0,105.0,162.0,347.0,509.0,482.0,288.0,0.0,0.0,142.0,101.0,18.0,40.0,86.0,112.0,-46.0,0.5975103734439834,,0.7112676056338029,Indiana,Pacers,Indiana Pacers,2026-03-18 19:30:00,2025-26,29.33959183673469,13.816326530612244,10.387755102040817,2.142857142857143,0.3673469387755102,0.8163265306122449,1.7551020408163265,2.2857142857142856,13.640400964344625,0.6216940934469586,644.6000000000001,16.14145404969256
1627827.0,Dorian Finney-Smith,37,2025-12-25 20:00:00,2026-04-12 20:30:00,1,613.79,123.0,36.0,35.0,58.0,93.0,132.0,44.0,100.0,27.0,9.0,8.0,16.0,6.0,22.0,61.0,15.0,0.3333333333333333,0.27,0.8888888888888888,Houston,Rockets,Houston Rockets,2026-04-12 20:30:00,2025-26,16.588918918918917,3.324324324324324,2.5135135135135136,0.972972972972973,0.43243243243243246,0.16216216216216217,0.5945945945945946,1.6486486486486487,13.927576601671309,0.4523389232127096,88.69999999999999,5.20243079880741
1627884.0,Derrick Jones Jr.,50,2025-10-22 21:00:00,2026-04-12 20:30:00,1,1340.11,504.0,69.0,61.0,112.0,173.0,379.0,189.0,153.0,55.0,93.0,71.0,45.0,50.0,40.0,104.0,130.0,0.49868073878627966,0.35947712418300654,0.7634408602150538,LA,Clippers,LA Clippers,2026-04-12 20:30:00,2025-26,26.8022,10.08,3.46,1.38,0.9,1.0,0.8,2.08,8.697164724299878,0.6001143074871403,428.5,11.510995366052041
1627936.0,Alex Caruso,56,2025-10-21 19:30:00,2026-04-08 22:00:00,1,1008.61,348.0,110.0,28.0,127.0,155.0,300.0,127.0,181.0,53.0,51.0,41.0,72.0,17.0,48.0,68.0,382.0,0.42333333333333334,0.292817679558011,0.803921568627451,Oklahoma City,Thunder,Oklahoma City Thunder,2026-04-08 22:00:00,2025-26,18.010892857142856,6.214285714285714,2.767857142857143,1.9642857142857142,1.2857142857142858,0.30357142857142855,0.8571428571428571,1.2142857142857142,12.957563977972141,0.5396352809825083,328.2,11.714339536589959
1628365.0,Markelle Fultz,5,2026-03-23 21:00:00,2026-03-31 20:00:00,1,34.66,4.0,8.0,0.0,1.0,1.0,11.0,2.0,0.0,0.0,0.0,0.0,2.0,0.0,4.0,2.0,-36.0,0.18181818181818182,,,Toronto,Raptors,Toronto Raptors,2026-03-31 20:00:00,2025-26,6.9319999999999995,0.8,0.2,1.6,0.4,0.0,0.8,0.4,26.666666666666668,0.18181818181818182,0.20000000000000018,0.2077322562031162
1628366.0,Lonzo Ball,35,2025-10-22 19:00:00,2026-02-01 21:00:00,1,721.4399999999999,160.0,136.0,26.0,114.0,140.0,176.0,53.0,147.0,40.0,21.0,14.0,45.0,9.0,52.0,46.0,32.0,0.30113636363636365,0.272108843537415,0.6666666666666666,Cleveland,Cavaliers,Cleveland Cavaliers,2026-02-01 21:00:00,2025-26,20.612571428571428,4.571428571428571,4.0,3.8857142857142857,1.2857142857142858,0.2571428571428571,1.4857142857142858,1.3142857142857143,21.91873208565166,0.43187216583891164,183.7,9.166666666666668
1628368.0,De'Aaron Fox,72,2025-11-08 20:00:00,2026-04-12 20:30:00,1,2217.85,1336.0,445.0,42.0,228.0,270.0,1047.0,509.0,395.0,131.0,246.0,187.0,89.0,19.0,164.0,162.0,452.0,0.48615090735434574,0.33164556962025316,0.7601626016260162,San Antonio,Spurs,San Antonio Spurs,2026-04-12 20:30:00,2025-26,30.803472222222222,18.555555555555557,3.75,6.180555555555555,1.2361111111111112,0.2638888888888889,2.2777777777777777,2.25,12.431399896910342,0.5782348256639313,1065.8999999999999,17.30162093919787
1628369.0,Jayson Tatum,16,2026-03-06 19:00:00,2026-04-09 19:30:00,1,518.7,348.0,85.0,8.0,152.0,160.0,287.0,118.0,143.0,47.0,79.0,65.0,22.0,3.0,39.0,26.0,118.0,0.41114982578397213,0.32867132867132864,0.8227848101265823,Boston,Celtics,Boston Celtics,2026-04-09 19:30:00,2025-26,32.41875,21.75,10.0,5.3125,1.375,0.1875,2.4375,1.625,10.810511143142255,0.5407757334659373,274.1,19.023713128976286
1628370.0,Malik Monk,62,2025-10-22 22:00:00,2026-04-10 22:00:00,1,1350.99,772.0,185.0,15.0,102.0,117.0,632.0,277.0,314.0,124.0,107.0,94.0,37.0,24.0,91.0,99.0,-255.0,0.43829113924050633,0.39490445859872614,0.8785046728971962,Sacramento,Kings,Sacramento Kings,2026-04-10 22:00:00,2025-26,21.79016129032258,12.451612903225806,1.8870967741935485,2.9838709677419355,0.5967741935483871,0.3870967741935484,1.467741935483871,1.596774193548387,11.816954082692707,0.568416092360252,528.9999999999999,14.096329358470452
1628371.0,Jonathan Isaac,52,2025-10-22 19:00:00,2026-03-12 19:00:00,1,510.14,134.0,22.0,43.0,89.0,132.0,109.0,46.0,38.0,7.0,58.0,35.0,20.0,31.0,18.0,41.0,-35.0,0.42201834862385323,0.18421052631578946,0.603448275862069,Orlando,Magic,Orlando Magic,2026-03-12 19:00:00,2025-26,9.810384615384615,2.576923076923077,2.5384615384615383,0.4230769230769231,0.38461538461538464,0.5961538461538461,0.34615384615384615,0.7884615384615384,11.801730920535011,0.4980672019030627,146.39999999999998,10.331281608970086
1628374.0,Lauri Markkanen,43,2025-10-22 21:00:00,2026-03-21 21:30:00,1,1433.57,1123.0,89.0,84.0,205.0,289.0,805.0,384.0,324.0,115.0,268.0,240.0,42.0,21.0,63.0,77.0,-55.0,0.47701863354037266,0.3549382716049383,0.8955223880597015,Utah,Jazz,Utah Jazz,2026-03-21 21:30:00,2025-26,33.338837209302326,26.11627906976744,6.72093023255814,2.0697674418604652,0.9767441860465116,0.4883720930232558,1.4651162790697674,1.7906976744186047,6.389970788704966,0.6083950938326183,847.3999999999999,21.2800212058009
1628378.0,Donovan Mitchell,70,2025-10-22 19:00:00,2026-04-08 19:00:00,1,2327.64,1952.0,398.0,50.0,266.0,316.0,1403.0,678.0,616.0,224.0,430.0,372.0,104.0,20.0,198.0,163.0,370.0,0.4832501781895937,0.36363636363636365,0.8651162790697674,Cleveland,Cavaliers,Cleveland Cavaliers,2026-04-08 19:00:00,2025-26,33.251999999999995,27.885714285714286,4.514285714285714,5.685714285714286,1.4857142857142858,0.2857142857142857,2.8285714285714287,2.3285714285714287,11.060216735560273,0.6129883180504961,1466.0999999999997,22.67515595195133
1628379.0,Luke Kennard,78,2025-10-22 19:30:00,2026-04-12 20:30:00,2,1664.33,652.0,174.0,32.0,150.0,182.0,443.0,236.0,245.0,117.0,69.0,63.0,55.0,8.0,60.0,101.0,41.0,0.5327313769751693,0.4775510204081633,0.9130434782608695,Los Angeles,Lakers,Los Angeles Lakers,2026-04-12 20:30:00,2025-26,21.3375641025641,8.35897435897436,2.3333333333333335,2.230769230769231,0.7051282051282052,0.10256410256410256,0.7692307692307693,1.294871794871795,11.249437528123593,0.6886935947270576,583.3,12.616968990524716
1628380.0,Zach Collins,10,2025-12-05 20:00:00,2025-12-27 20:00:00,1,181.04,97.0,15.0,16.0,40.0,56.0,64.0,37.0,21.0,9.0,20.0,14.0,2.0,4.0,10.0,18.0,18.0,0.578125,0.42857142857142855,0.7,Chicago,Bulls,Chicago Bulls,2025-12-27 20:00:00,2025-26,18.104,9.7,5.6,1.5,0.2,0.4,1.0,1.8,12.077294685990339,0.6662087912087913,85.89999999999999,17.081307998232433
1628381.0,John Collins,69,2025-10-22 21:00:00,2026-04-12 20:30:00,1,1857.67,935.0,70.0,110.0,257.0,367.0,659.0,364.0,219.0,89.0,154.0,118.0,60.0,51.0,95.0,187.0,-38.0,0.5523520485584219,0.4063926940639269,0.7662337662337663,LA,Clippers,LA Clippers,2026-04-12 20:30:00,2025-26,26.922753623188406,13.55072463768116,5.318840579710145,1.0144927536231885,0.8695652173913043,0.7391304347826086,1.3768115942028984,2.710144927536232,11.560552959501559,0.6432660025317849,733.9000000000001,14.222332276453837
1628384.0,OG Anunoby,67,2025-10-22 19:00:00,2026-04-10 19:30:00,1,2210.3,1118.0,145.0,85.0,266.0,351.0,804.0,389.0,407.0,157.0,221.0,183.0,104.0,48.0,123.0,164.0,407.0,0.48383084577114427,0.3857493857493858,0.8280542986425339,New York,Knicks,New York Knicks,2026-04-10 19:30:00,2025-26,32.98955223880597,16.686567164179106,5.2388059701492535,2.1641791044776117,1.5522388059701493,0.7164179104477612,1.835820895522388,2.4477611940298507,12.008904163086777,0.6202565354400603,885.3999999999997,14.420847848708314
1628386.0,Jarrett Allen,56,2025-10-22 19:00:00,2026-04-08 19:00:00,1,1507.91,860.0,100.0,144.0,332.0,476.0,528.0,337.0,10.0,1.0,261.0,185.0,55.0,47.0,75.0,95.0,213.0,0.6382575757575758,0.1,0.7088122605363985,Cleveland,Cavaliers,Cleveland Cavaliers,2026-04-08 19:00:00,2025-26,26.926964285714288,15.357142857142858,8.5,1.7857142857142858,0.9821428571428571,0.8392857142857143,1.3392857142857142,1.6964285714285714,10.448010698762955,0.6689067264015929,840.1,20.056634679788583
1628389.0,Bam Adebayo,73,2025-10-22 19:00:00,2026-04-12 18:00:00,1,2351.63,1468.0,232.0,149.0,583.0,732.0,1145.0,506.0,400.0,127.0,423.0,329.0,86.0,49.0,120.0,122.0,331.0,0.44192139737991265,0.3175,0.7777777777777778,Miami,Heat,Miami Heat,2026-04-12 18:00:00,2025-26,32.2141095890411,20.10958904109589,10.027397260273972,3.1780821917808217,1.178082191780822,0.6712328767123288,1.643835616438356,1.6712328767123288,8.269474612712939,0.551415349480137,1224.4,18.743764963025647
1628392.0,Isaiah Hartenstein,47,2025-10-21 19:30:00,2026-04-08 22:00:00,1,1127.68,432.0,166.0,149.0,294.0,443.0,296.0,184.0,7.0,0.0,105.0,64.0,48.0,36.0,82.0,118.0,365.0,0.6216216216216216,0.0,0.6095238095238096,Oklahoma City,Thunder,Oklahoma City Thunder,2026-04-08 22:00:00,2025-26,23.993191489361703,9.191489361702128,9.425531914893616,3.5319148936170213,1.0212765957446808,0.7659574468085106,1.7446808510638299,2.5106382978723403,19.330504479019332,0.6312098188194039,534.7,17.069736095346197
1628396.0,Tony Bradley,41,2025-10-23 19:30:00,2026-04-12 18:00:00,2,442.40999999999997,162.0,22.0,60.0,56.0,116.0,117.0,64.0,4.0,2.0,43.0,32.0,6.0,7.0,18.0,62.0,-140.0,0.5470085470085471,0.5,0.7441860465116279,Atlanta,Hawks,Atlanta Hawks,2026-04-12 18:00:00,2025-26,10.790487804878047,3.951219512195122,2.8292682926829267,0.5365853658536586,0.14634146341463414,0.17073170731707318,0.43902439024390244,1.5121951219512195,11.694386694386694,0.5959387875220717,143.60000000000002,11.685088492574762
1628398.0,Kyle Kuzma,69,2025-10-22 20:00:00,2026-04-10 20:00:00,1,1791.47,896.0,184.0,57.0,256.0,313.0,689.0,339.0,239.0,83.0,186.0,135.0,46.0,28.0,119.0,134.0,-283.0,0.49201741654571846,0.3472803347280335,0.7258064516129032,Milwaukee,Bucks,Milwaukee Bucks,2026-04-10 20:00:00,2025-26,25.963333333333335,12.985507246376812,4.536231884057971,2.6666666666666665,0.6666666666666666,0.4057971014492754,1.7246376811594204,1.9420289855072463,13.373190685966016,0.5811841627315656,667.3999999999999,13.411555873109789
1628401.0,Derrick White,77,2025-10-22 19:30:00,2026-04-10 19:30:00,1,2610.98,1267.0,414.0,86.0,253.0,339.0,1108.0,437.0,640.0,209.0,204.0,184.0,88.0,98.0,134.0,119.0,598.0,0.3944043321299639,0.3265625,0.9019607843137255,Boston,Celtics,Boston Celtics,2026-04-10 19:30:00,2025-26,33.90883116883117,16.454545454545453,4.402597402597403,5.376623376623376,1.1428571428571428,1.2727272727272727,1.7402597402597402,1.5454545454545454,10.061873010151979,0.5289039540475554,1059.1,14.602792821086334
1628404.0,Josh Hart,66,2025-10-24 19:30:00,2026-04-10 19:30:00,1,1979.76,792.0,317.0,93.0,393.0,486.0,592.0,301.0,242.0,100.0,125.0,90.0,75.0,17.0,128.0,165.0,210.0,0.5084459459459459,0.4132231404958678,0.72,New York,Knicks,New York Knicks,2026-04-10 19:30:00,2025-26,29.996363636363636,12.0,7.363636363636363,4.803030303030303,1.1363636363636365,0.25757575757575757,1.9393939393939394,2.5,16.516129032258064,0.6120556414219475,781.8,14.216268638622862
1628415.0,Dillon Brooks,56,2025-10-22 22:00:00,2026-04-10 22:30:00,1,1689.78,1131.0,99.0,43.0,160.0,203.0,959.0,417.0,369.0,127.0,202.0,170.0,57.0,9.0,98.0,183.0,-49.0,0.4348279457768509,0.34417344173441733,0.8415841584158416,Phoenix,Suns,Phoenix Suns,2026-04-10 22:30:00,2025-26,30.174642857142857,20.196428571428573,3.625,1.7678571428571428,1.0178571428571428,0.16071428571428573,1.75,3.267857142857143,8.552378957656996,0.5396610298889185,653.1999999999999,13.916131093988565
1628418.0,Thomas Bryant,60,2025-10-27 19:00:00,2026-04-05 18:00:00,1,721.11,370.0,33.0,59.0,146.0,205.0,267.0,135.0,131.0,47.0,66.0,53.0,18.0,27.0,28.0,75.0,39.0,0.5056179775280899,0.35877862595419846,0.803030303030303,Cleveland,Cavaliers,Cleveland Cavaliers,2026-04-05 18:00:00,2025-26,12.0185,6.166666666666667,3.4166666666666665,0.55,0.3,0.45,0.4666666666666667,1.25,8.640908529811133,0.6249155519524389,319.00000000000006,15.925448267254652
1628420.0,Monte Morris,6,2025-11-08 21:00:00,2025-11-17 19:00:00,1,63.57,18.0,9.0,1.0,6.0,7.0,20.0,7.0,8.0,2.0,4.0,2.0,1.0,1.0,2.0,3.0,-29.0,0.35,0.25,0.5,Indiana,Pacers,Indiana Pacers,2025-11-17 19:00:00,2025-26,10.595,3.0,1.1666666666666667,1.5,0.16666666666666666,0.16666666666666666,0.3333333333333333,0.5,8.417508417508417,0.41360294117647056,13.3,7.531854648419066
1628436.0,Luke Kornet,69,2025-10-22 21:30:00,2026-04-10 20:00:00,1,1418.45,444.0,126.0,181.0,233.0,414.0,272.0,175.0,0.0,0.0,114.0,94.0,32.0,65.0,28.0,120.0,118.0,0.6433823529411765,,0.8245614035087719,San Antonio,Spurs,San Antonio Spurs,2026-04-10 20:00:00,2025-26,20.557246376811595,6.434782608695652,6.0,1.826086956521739,0.463768115942029,0.9420289855072463,0.4057971014492754,1.7391304347826086,7.996344528215673,0.6890985845542587,601.9000000000001,15.276111248193452
1628449.0,Chris Boucher,9,2025-10-22 19:30:00,2026-01-30 19:30:00,1,92.49,21.0,3.0,2.0,16.0,18.0,25.0,8.0,15.0,2.0,4.0,3.0,5.0,7.0,1.0,17.0,5.0,0.32,0.13333333333333333,0.75,Boston,Celtics,Boston Celtics,2026-01-30 19:30:00,2025-26,10.276666666666666,2.3333333333333335,2.0,0.3333333333333333,0.5555555555555556,0.7777777777777778,0.1111111111111111,1.8888888888888888,3.6023054755043225,0.39237668161434974,16.7,6.500162179695102
1628467.0,Maxi Kleber,43,2025-11-08 20:00:00,2026-04-12 20:30:00,1,453.0,86.0,27.0,36.0,48.0,84.0,73.0,33.0,26.0,6.0,26.0,14.0,18.0,11.0,17.0,60.0,55.0,0.4520547945205479,0.23076923076923078,0.5384615384615384,Los Angeles,Lakers,Los Angeles Lakers,2026-04-12 20:30:00,2025-26,10.534883720930232,2.0,1.9534883720930232,0.627906976744186,0.4186046511627907,0.2558139534883721,0.3953488372093023,1.3953488372093024,16.758675078864353,0.5092373282804358,86.50000000000001,6.8741721854304645
1628502.0,Nigel Hayes-Davis,27,2025-10-22 22:00:00,2026-01-30 21:00:00,1,190.72,34.0,7.0,12.0,21.0,33.0,46.0,15.0,16.0,2.0,4.0,2.0,8.0,2.0,8.0,16.0,-72.0,0.32608695652173914,0.125,0.5,Phoenix,Suns,Phoenix Suns,2026-01-30 21:00:00,2025-26,7.063703703703704,1.2592592592592593,1.2222222222222223,0.25925925925925924,0.2962962962962963,0.07407407407407407,0.2962962962962963,0.5925925925925926,14.347202295552368,0.3559463986599665,21.6,4.077181208053691
1628960.0,Grayson Allen,51,2025-10-22 22:00:00,2026-04-10 22:30:00,1,1457.18,841.0,195.0,37.0,118.0,155.0,667.0,269.0,455.0,159.0,168.0,144.0,69.0,13.0,83.0,117.0,18.0,0.4032983508245877,0.34945054945054943,0.8571428571428571,Phoenix,Suns,Phoenix Suns,2026-04-10 22:30:00,2025-26,28.5721568627451,16.49019607843137,3.0392156862745097,3.823529411764706,1.3529411764705883,0.2549019607843137,1.6274509803921569,2.2941176470588234,10.073793572191475,0.5675376558872753,618.2,15.272787164248754
1628963.0,Marvin Bagley III,61,2025-10-22 20:00:00,2026-04-10 20:00:00,2,1188.94,627.0,85.0,150.0,216.0,366.0,411.0,254.0,52.0,24.0,144.0,95.0,28.0,43.0,61.0,123.0,-220.0,0.6180048661800487,0.46153846153846156,0.6597222222222222,Dallas,Mavericks,Dallas Mavericks,2026-04-10 20:00:00,2025-26,19.49081967213115,10.278688524590164,6.0,1.3934426229508197,0.45901639344262296,0.7049180327868853,1.0,2.0163934426229506,11.394202032277345,0.6608904629395396,598.4999999999999,18.122024660622063
1628964.0,Mo Bamba,4,2025-12-29 19:30:00,2026-03-05 19:00:00,2,43.08,10.0,1.0,10.0,12.0,22.0,11.0,5.0,0.0,0.0,0.0,0.0,0.0,3.0,2.0,6.0,-13.0,0.45454545454545453,,,Utah,Jazz,Utah Jazz,2026-03-05 19:00:00,2025-26,10.77,2.5,5.5,0.25,0.0,0.75,0.5,1.5,15.384615384615385,0.45454545454545453,13.299999999999999,11.114206128133704
1628969.0,Mikal Bridges,82,2025-10-22 19:00:00,2026-04-12 18:00:00,1,2675.99,1181.0,304.0,79.0,233.0,312.0,963.0,472.0,420.0,156.0,98.0,81.0,107.0,62.0,83.0,160.0,298.0,0.490134994807892,0.37142857142857144,0.826530612244898,New York,Knicks,New York Knicks,2026-04-12 18:00:00,2025-26,32.6340243902439,14.402439024390244,3.8048780487804876,3.707317073170732,1.3048780487804879,0.7560975609756098,1.0121951219512195,1.951219512195122,7.620831496988395,0.5869081222915755,1030.3000000000002,13.86058991251836
1628970.0,Miles Bridges,77,2025-10-22 19:00:00,2026-04-12 18:00:00,1,2371.55,1314.0,246.0,75.0,375.0,450.0,1042.0,479.0,445.0,148.0,253.0,208.0,46.0,34.0,107.0,131.0,147.0,0.4596928982725528,0.3325842696629214,0.8221343873517787,Charlotte,Hornets,Charlotte Hornets,2026-04-12 18:00:00,2025-26,30.79935064935065,17.064935064935064,5.8441558441558445,3.1948051948051948,0.5974025974025974,0.44155844155844154,1.3896103896103895,1.7012987012987013,8.489907325123779,0.5696597648527729,1005.7999999999997,15.267989289705039
1628971.0,Bruce Brown,82,2025-10-23 22:00:00,2026-04-12 20:30:00,1,1982.68,649.0,174.0,85.0,233.0,318.0,522.0,248.0,148.0,57.0,126.0,96.0,85.0,20.0,91.0,195.0,-76.0,0.47509578544061304,0.38513513513513514,0.7619047619047619,Denver,Nuggets,Denver Nuggets,2026-04-12 20:30:00,2025-26,24.179024390243903,7.914634146341464,3.8780487804878048,2.1219512195121952,1.0365853658536586,0.24390243902439024,1.1097560975609757,2.3780487804878048,13.6137873257136,0.5619631476863397,552.0,10.022797425706619
1628973.0,Jalen Brunson,74,2025-10-22 19:00:00,2026-04-10 19:30:00,1,2573.52,1927.0,503.0,31.0,216.0,247.0,1475.0,689.0,528.0,195.0,421.0,354.0,57.0,8.0,175.0,170.0,353.0,0.46711864406779663,0.3693181818181818,0.8408551068883611,New York,Knicks,New York Knicks,2026-04-10 19:30:00,2025-26,34.777297297297295,26.04054054054054,3.3378378378378377,6.797297297297297,0.7702702702702703,0.10810810810810811,2.364864864864865,2.2972972972972974,9.535537586364725,0.5803377824892787,1401.4999999999998,19.605054555628087
1628975.0,Jevon Carter,53,2025-11-02 19:00:00,2026-04-12 18:00:00,2,858.46,339.0,87.0,14.0,75.0,89.0,307.0,123.0,215.0,78.0,19.0,15.0,40.0,10.0,36.0,57.0,-87.0,0.4006514657980456,0.3627906976744186,0.7894736842105263,Orlando,Magic,Orlando Magic,2026-04-12 18:00:00,2025-26,16.19735849056604,6.39622641509434,1.679245283018868,1.6415094339622642,0.7547169811320755,0.18867924528301888,0.6792452830188679,1.0754716981132075,10.245901639344261,0.5374809741248097,253.10000000000002,10.61388998905016
1628976.0,Wendell Carter Jr.,78,2025-10-22 19:00:00,2026-04-12 18:00:00,1,2271.44,922.0,154.0,162.0,415.0,577.0,637.0,326.0,226.0,72.0,250.0,198.0,60.0,49.0,100.0,267.0,90.0,0.5117739403453689,0.3185840707964602,0.792,Orlando,Magic,Orlando Magic,2026-04-12 18:00:00,2025-26,29.121025641025643,11.820512820512821,7.397435897435898,1.9743589743589745,0.7692307692307693,0.6282051282051282,1.2820512820512822,3.423076923076923,11.806375442739078,0.6171352074966533,818.9000000000001,12.97872715105836
1628978.0,Donte DiVincenzo,82,2025-10-22 22:00:00,2026-04-12 20:30:00,1,2479.24,1000.0,313.0,67.0,269.0,336.0,835.0,339.0,644.0,244.0,105.0,78.0,104.0,34.0,118.0,197.0,337.0,0.4059880239520958,0.37888198757763975,0.7428571428571429,Minnesota,Timberwolves,Minnesota Timberwolves,2026-04-12 20:30:00,2025-26,30.23463414634146,12.195121951219512,4.097560975609756,3.817073170731707,1.2682926829268293,0.4146341463414634,1.4390243902439024,2.402439024390244,11.809447558046436,0.5674080798910576,818.0,11.877833529630049
1628983.0,Shai Gilgeous-Alexander,68,2025-10-21 19:30:00,2026-04-08 22:00:00,1,2244.98,2117.0,448.0,38.0,254.0,292.0,1321.0,731.0,298.0,115.0,614.0,540.0,95.0,52.0,151.0,139.0,788.0,0.5533686601059803,0.3859060402684564,0.8794788273615635,Oklahoma City,Thunder,Oklahoma City Thunder,2026-04-08 22:00:00,2025-26,33.01441176470588,31.13235294117647,4.294117647058823,6.588235294117647,1.3970588235294117,0.7647058823529411,2.2205882352941178,2.0441176470588234,8.667401386784222,0.6652379396163804,1796.3000000000004,28.80506730572211
1628988.0,Aaron Holiday,57,2025-10-27 20:00:00,2026-04-12 20:30:00,1,771.26,312.0,60.0,13.0,45.0,58.0,252.0,105.0,170.0,67.0,41.0,35.0,27.0,5.0,38.0,72.0,129.0,0.4166666666666667,0.3941176470588235,0.8536585365853658,Houston,Rockets,Houston Rockets,2026-04-12 20:30:00,2025-26,13.530877192982455,5.473684210526316,1.0175438596491229,1.0526315789473684,0.47368421052631576,0.08771929824561403,0.6666666666666666,1.263157894736842,12.336060251915335,0.5776921937490742,203.5,9.498742317765734
1628989.0,Kevin Huerter,69,2025-10-22 20:00:00,2026-04-12 18:00:00,2,1533.47,693.0,178.0,34.0,206.0,240.0,596.0,269.0,325.0,100.0,71.0,55.0,63.0,33.0,72.0,115.0,86.0,0.4513422818791946,0.3076923076923077,0.7746478873239436,Detroit,Pistons,Detroit Pistons,2026-04-12 18:00:00,2025-26,22.224202898550725,10.043478260869565,3.4782608695652173,2.579710144927536,0.9130434782608695,0.4782608695652174,1.0434782608695652,1.6666666666666667,10.296893770379269,0.5524201262674574,555.3000000000002,13.036316328327262
1628991.0,Jaren Jackson Jr.,49,2025-10-22 20:00:00,2026-03-21 21:30:00,2,1445.99,931.0,94.0,42.0,230.0,272.0,719.0,342.0,235.0,84.0,203.0,163.0,53.0,69.0,107.0,179.0,-63.0,0.4756606397774687,0.3574468085106383,0.8029556650246306,Utah,Jazz,Utah Jazz,2026-03-21 21:30:00,2025-26,29.51,19.0,5.551020408163265,1.9183673469387754,1.0816326530612246,1.4081632653061225,2.183673469387755,3.6530612244897958,11.689900799720316,0.5758857878068091,635.3999999999999,15.81919653662888
1628997.0,Caleb Martin,59,2025-10-22 21:30:00,2026-04-05 19:30:00,1,844.9399999999999,227.0,81.0,28.0,115.0,143.0,189.0,85.0,57.0,20.0,61.0,37.0,40.0,15.0,40.0,86.0,-196.0,0.4497354497354497,0.3508771929824561,0.6065573770491803,Dallas,Mavericks,Dallas Mavericks,2026-04-05 19:30:00,2025-26,14.321016949152542,3.847457627118644,2.4237288135593222,1.3728813559322033,0.6779661016949152,0.2542372881355932,0.6779661016949152,1.4576271186440677,15.634771732332707,0.5258524833209784,206.00000000000003,8.776954576656331
1628998.0,Cody Martin,4,2025-11-05 19:00:00,2025-11-11 21:00:00,1,54.31,7.0,2.0,1.0,13.0,14.0,10.0,2.0,5.0,0.0,6.0,3.0,4.0,2.0,4.0,5.0,-28.0,0.2,0.0,0.5,Indiana,Pacers,Indiana Pacers,2025-11-11 21:00:00,2025-26,13.5775,1.75,3.5,0.5,1.0,0.5,1.0,1.25,24.038461538461537,0.27689873417721517,5.0,3.314306757503222
1629001.0,De'Anthony Melton,49,2025-12-04 19:00:00,2026-04-12 20:30:00,1,1115.18,602.0,125.0,39.0,119.0,158.0,528.0,215.0,245.0,72.0,121.0,100.0,77.0,20.0,91.0,91.0,95.0,0.4071969696969697,0.2938775510204082,0.8264462809917356,Golden State,Warriors,Golden State Warriors,2026-04-12 20:30:00,2025-26,22.75877551020408,12.285714285714286,3.2244897959183674,2.5510204081632653,1.5714285714285714,0.40816326530612246,1.8571428571428572,1.8571428571428572,13.536832083779602,0.5178583717569335,424.1,13.690704639609748
1629004.0,Svi Mykhailiuk,50,2025-10-22 21:00:00,2026-04-05 19:00:00,1,1146.57,469.0,93.0,36.0,88.0,124.0,362.0,173.0,240.0,98.0,28.0,25.0,26.0,3.0,42.0,63.0,-77.0,0.47790055248618785,0.4083333333333333,0.8928571428571429,Utah,Jazz,Utah Jazz,2026-04-05 19:00:00,2025-26,22.9314,9.38,2.48,1.86,0.52,0.06,0.84,1.26,10.088393543428133,0.626469331053644,361.2000000000001,11.340956068970936
1629006.0,Josh Okogie,78,2025-10-21 19:30:00,2026-04-12 20:30:00,1,1337.08,353.0,69.0,81.0,119.0,200.0,294.0,125.0,161.0,62.0,69.0,41.0,63.0,16.0,41.0,107.0,69.0,0.42517006802721086,0.38509316770186336,0.5942028985507246,Houston,Rockets,Houston Rockets,2026-04-12 20:30:00,2025-26,17.14205128205128,4.5256410256410255,2.5641025641025643,0.8846153846153846,0.8076923076923077,0.20512820512820512,0.5256410256410257,1.3717948717948718,11.22180862710751,0.5441484770008632,317.1,8.537709037604333
1629008.0,Michael Porter Jr.,53,2025-10-22 19:00:00,2026-04-10 20:00:00,1,1678.39,1259.0,158.0,69.0,298.0,367.0,958.0,444.0,485.0,176.0,227.0,195.0,55.0,13.0,122.0,116.0,-205.0,0.46346555323590816,0.3628865979381443,0.8590308370044053,Brooklyn,Nets,Brooklyn Nets,2026-04-10 20:00:00,2025-26,31.667735849056605,23.754716981132077,6.9245283018867925,2.981132075471698,1.0377358490566038,0.24528301886792453,2.30188679245283,2.188679245283019,10.340034579787774,0.5950580406095208,897.1999999999999,19.244156602458304
1629011.0,Mitchell Robinson,60,2025-10-31 20:00:00,2026-04-09 19:30:00,1,1163.11,340.0,52.0,252.0,273.0,525.0,206.0,149.0,0.0,0.0,103.0,42.0,56.0,70.0,41.0,127.0,157.0,0.7233009708737864,,0.4077669902912621,New York,Knicks,New York Knicks,2026-04-09 19:30:00,2025-26,19.385166666666667,5.666666666666667,8.75,0.8666666666666667,0.9333333333333333,1.1666666666666667,0.6833333333333333,2.1166666666666667,14.025725232621784,0.6764284577431163,538.9,16.679763736877852
1629012.0,Collin Sexton,68,2025-10-22 19:00:00,2026-04-12 20:30:00,2,1599.53,1050.0,223.0,41.0,114.0,155.0,742.0,360.0,279.0,112.0,255.0,218.0,76.0,10.0,141.0,144.0,-118.0,0.48517520215633425,0.4014336917562724,0.8549019607843137,Chicago,Bulls,Chicago Bulls,2026-04-12 20:30:00,2025-26,23.5225,15.441176470588236,2.2794117647058822,3.2794117647058822,1.1176470588235294,0.14705882352941177,2.073529411764706,2.1176470588235294,14.168006430868166,0.614610161554671,763.2000000000002,17.177045757191177
1629013.0,Landry Shamet,51,2025-10-22 19:00:00,2026-04-10 19:30:00,1,1160.25,475.0,72.0,23.0,69.0,92.0,364.0,159.0,263.0,103.0,76.0,54.0,31.0,9.0,30.0,77.0,191.0,0.4368131868131868,0.3916349809885932,0.7105263157894737,New York,Knicks,New York Knicks,2026-04-10 19:30:00,2025-26,22.75,9.313725490196079,1.803921568627451,1.411764705882353,0.6078431372549019,0.17647058823529413,0.5882352941176471,1.5098039215686274,7.018528916339135,0.5975744766505636,338.70000000000005,10.509114414996768
1629014.0,Anfernee Simons,55,2025-10-22 19:30:00,2026-02-21 20:00:00,2,1359.97,785.0,134.0,31.0,104.0,135.0,648.0,285.0,379.0,146.0,77.0,69.0,27.0,8.0,68.0,94.0,98.0,0.4398148148148148,0.38522427440633245,0.8961038961038961,Chicago,Bulls,Chicago Bulls,2026-02-21 20:00:00,2025-26,24.726727272727274,14.272727272727273,2.4545454545454546,2.4363636363636365,0.4909090909090909,0.14545454545454545,1.2363636363636363,1.709090909090909,9.068117565477143,0.5756144776206957,515.9,13.656477716420213
1629018.0,Gary Trent Jr.,66,2025-10-22 20:00:00,2026-04-10 20:00:00,1,1364.04,529.0,79.0,8.0,59.0,67.0,473.0,183.0,342.0,123.0,52.0,40.0,34.0,3.0,41.0,85.0,-348.0,0.386892177589852,0.35964912280701755,0.7692307692307693,Milwaukee,Bucks,Milwaukee Bucks,2026-04-10 20:00:00,2025-26,20.667272727272728,8.015151515151516,1.0151515151515151,1.196969696969697,0.5151515151515151,0.045454545454545456,0.6212121212121212,1.2878787878787878,7.63671583966622,0.5333951762523191,306.0000000000001,8.07600950118765
1629020.0,Jarred Vanderbilt,65,2025-10-21 22:00:00,2026-04-12 20:30:00,1,1115.46,288.0,84.0,80.0,212.0,292.0,240.0,113.0,99.0,29.0,56.0,33.0,55.0,19.0,56.0,104.0,6.0,0.4708333333333333,0.29292929292929293,0.5892857142857143,Los Angeles,Lakers,Los Angeles Lakers,2026-04-12 20:30:00,2025-26,17.160923076923076,4.430769230769231,4.492307692307692,1.2923076923076924,0.8461538461538461,0.2923076923076923,0.8615384615384616,1.6,17.465069860279442,0.5441354292623942,305.1,9.84670001613684
1629021.0,Moritz Wagner,36,2026-01-11 15:00:00,2026-04-08 19:00:00,1,419.96,247.0,27.0,27.0,88.0,115.0,195.0,83.0,70.0,22.0,72.0,59.0,15.0,2.0,19.0,58.0,-88.0,0.4256410256410256,0.3142857142857143,0.8194444444444444,Orlando,Magic,Orlando Magic,2026-04-08 19:00:00,2025-26,11.665555555555555,6.861111111111111,3.1944444444444446,0.75,0.4166666666666667,0.05555555555555555,0.5277777777777778,1.6111111111111112,7.733637251709541,0.5448208928886535,176.90000000000003,15.164301362034484
1629023.0,P.J. Washington,56,2025-10-22 21:30:00,2026-04-05 19:30:00,1,1724.57,793.0,98.0,84.0,310.0,394.0,658.0,296.0,234.0,76.0,182.0,125.0,55.0,60.0,94.0,119.0,-277.0,0.44984802431610943,0.3247863247863248,0.6868131868131868,Dallas,Mavericks,Dallas Mavericks,2026-04-05 19:30:00,2025-26,30.795892857142857,14.160714285714286,7.035714285714286,1.75,0.9821428571428571,1.0714285714285714,1.6785714285714286,2.125,11.296990673973657,0.5372046390635161,603.8,12.60418539114098
1629026.0,Kenrich Williams,56,2025-11-26 19:30:00,2026-04-12 20:30:00,1,843.91,363.0,79.0,59.0,128.0,187.0,296.0,140.0,129.0,50.0,52.0,33.0,31.0,5.0,43.0,59.0,45.0,0.47297297297297297,0.3875968992248062,0.6346153846153846,Oklahoma City,Thunder,Oklahoma City Thunder,2026-04-12 20:30:00,2025-26,15.069821428571428,6.482142857142857,3.3392857142857144,1.4107142857142858,0.5535714285714286,0.08928571428571429,0.7678571428571429,1.0535714285714286,11.882391953133636,0.5691796287004516,307.09999999999997,13.100449100022512
1629027.0,Trae Young,15,2025-10-22 19:30:00,2026-03-16 19:00:00,2,381.85,269.0,120.0,4.0,26.0,30.0,177.0,81.0,80.0,27.0,97.0,80.0,13.0,2.0,39.0,33.0,-66.0,0.4576271186440678,0.3375,0.8247422680412371,Washington,Wizards,Washington Wizards,2026-03-16 19:00:00,2025-26,25.456666666666667,17.933333333333334,2.0,8.0,0.8666666666666667,0.13333333333333333,2.6,2.2,15.076542446265655,0.6122541879096868,227.5,21.44821264894592
1629028.0,Deandre Ayton,72,2025-10-21 22:00:00,2026-04-12 20:30:00,1,1942.24,897.0,59.0,185.0,390.0,575.0,601.0,403.0,0.0,0.0,141.0,91.0,41.0,70.0,83.0,157.0,-8.0,0.670549084858569,,0.6453900709219859,Los Angeles,Lakers,Los Angeles Lakers,2026-04-12 20:30:00,2025-26,26.975555555555555,12.458333333333334,7.986111111111111,0.8194444444444444,0.5694444444444444,0.9722222222222222,1.1527777777777777,2.1805555555555554,11.125408825264062,0.676429777992278,849.5,15.745736881126946
1629029.0,Luka Doncic,65,2025-10-21 22:00:00,2026-04-05 19:30:00,1,2274.39,2143.0,530.0,41.0,454.0,495.0,1457.0,693.0,694.0,254.0,645.0,503.0,105.0,34.0,255.0,153.0,187.0,0.4756348661633493,0.3659942363112392,0.7798449612403101,Los Angeles,Lakers,Los Angeles Lakers,2026-04-05 19:30:00,2025-26,34.99061538461538,32.96923076923077,7.615384615384615,8.153846153846153,1.6153846153846154,0.5230769230769231,3.923076923076923,2.353846153846154,12.776831345826235,0.6155215992647058,1691.9999999999998,26.781686518143324
1629048.0,Goga Bitadze,64,2025-10-22 19:00:00,2026-04-12 18:00:00,1,960.41,375.0,84.0,137.0,183.0,320.0,225.0,152.0,11.0,2.0,97.0,69.0,37.0,61.0,43.0,136.0,17.0,0.6755555555555556,0.18181818181818182,0.711340206185567,Orlando,Magic,Orlando Magic,2026-04-12 18:00:00,2025-26,15.00640625,5.859375,5.0,1.3125,0.578125,0.953125,0.671875,2.125,13.840607699240376,0.7004632396891811,459.0,17.205151966347707
1629057.0,Robert Williams III,59,2025-10-31 22:00:00,2026-04-12 20:30:00,1,996.54,397.0,60.0,141.0,274.0,415.0,250.0,177.0,23.0,9.0,57.0,34.0,35.0,87.0,49.0,74.0,73.0,0.708,0.391304347826087,0.5964912280701754,Portland,Trail Blazers,Portland Trail Blazers,2026-04-12 20:30:00,2025-26,16.890508474576272,6.728813559322034,7.033898305084746,1.0169491525423728,0.5932203389830508,1.4745762711864407,0.8305084745762712,1.2542372881355932,15.119723525055543,0.7216082594154428,523.8,18.922271057860197
1629060.0,Rui Hachimura,68,2025-10-21 22:00:00,2026-04-12 20:30:00,1,1912.35,780.0,57.0,41.0,185.0,226.0,597.0,307.0,262.0,116.0,72.0,50.0,39.0,21.0,42.0,110.0,81.0,0.5142378559463987,0.44274809160305345,0.6944444444444444,Los Angeles,Lakers,Los Angeles Lakers,2026-04-12 20:30:00,2025-26,28.122794117647057,11.470588235294118,3.323529411764706,0.8382352941176471,0.5735294117647058,0.3088235294117647,0.6176470588235294,1.6176470588235294,6.262300948291287,0.620347394540943,567.9,10.690720840850263
1629111.0,Jock Landale,68,2025-10-22 20:00:00,2026-04-01 19:00:00,2,1492.08,718.0,115.0,183.0,204.0,387.0,548.0,282.0,193.0,74.0,126.0,80.0,35.0,36.0,60.0,150.0,-55.0,0.5145985401459854,0.38341968911917096,0.6349206349206349,Atlanta,Hawks,Atlanta Hawks,2026-04-01 19:00:00,2025-26,21.94235294117647,10.558823529411764,5.6911764705882355,1.6911764705882353,0.5147058823529411,0.5294117647058824,0.8823529411764706,2.2058823529411766,9.043771855781984,0.5949224446506695,638.8000000000001,15.41257841402606
1629130.0,Duncan Robinson,77,2025-10-22 20:00:00,2026-04-12 18:00:00,1,2097.92,939.0,159.0,29.0,176.0,205.0,698.0,318.0,536.0,220.0,110.0,83.0,44.0,22.0,54.0,168.0,536.0,0.45558739255014324,0.41044776119402987,0.7545454545454545,Detroit,Pistons,Detroit Pistons,2026-04-12 18:00:00,2025-26,27.245714285714286,12.194805194805195,2.6623376623376624,2.064935064935065,0.5714285714285714,0.2857142857142857,0.7012987012987013,2.1818181818181817,6.746626686656672,0.6290192926045016,689.4,11.830003050640633
1629162.0,Jordan McLaughlin,44,2025-10-22 21:30:00,2026-04-12 20:30:00,1,273.37,89.0,38.0,7.0,25.0,32.0,79.0,33.0,40.0,17.0,7.0,6.0,20.0,2.0,15.0,11.0,-61.0,0.4177215189873418,0.425,0.8571428571428571,San Antonio,Spurs,San Antonio Spurs,2026-04-12 20:30:00,2025-26,6.212954545454545,2.022727272727273,0.7272727272727273,0.8636363636363636,0.45454545454545453,0.045454545454545456,0.3409090909090909,0.25,15.451174289245984,0.5421539961013645,87.5,11.522844496469986
1629216.0,Gabe Vincent,53,2025-10-21 22:00:00,2026-04-10 19:00:00,2,870.25,231.0,76.0,17.0,37.0,54.0,216.0,76.0,173.0,59.0,23.0,20.0,27.0,3.0,27.0,79.0,39.0,0.35185185185185186,0.34104046242774566,0.8695652173913043,Atlanta,Hawks,Atlanta Hawks,2026-04-10 19:00:00,2025-26,16.419811320754718,4.3584905660377355,1.0188679245283019,1.4339622641509433,0.5094339622641509,0.05660377358490566,0.5094339622641509,1.490566037735849,10.666877370417193,0.5107907305855298,155.69999999999996,6.440907785119218
1629234.0,Drew Eubanks,42,2025-10-22 22:00:00,2026-03-11 22:00:00,1,542.16,219.0,19.0,39.0,88.0,127.0,156.0,93.0,7.0,1.0,57.0,32.0,15.0,26.0,30.0,57.0,-157.0,0.5961538461538461,0.14285714285714285,0.5614035087719298,Sacramento,Kings,Sacramento Kings,2026-03-11 22:00:00,2025-26,12.908571428571427,5.214285714285714,3.0238095238095237,0.4523809523809524,0.35714285714285715,0.6190476190476191,0.7142857142857143,1.3571428571428572,14.212620807276862,0.6047051027170312,184.4,12.244355909694557
1629312.0,Haywood Highsmith,7,2026-03-06 21:00:00,2026-04-12 20:30:00,1,89.28,38.0,7.0,6.0,7.0,13.0,23.0,12.0,14.0,8.0,7.0,6.0,4.0,0.0,0.0,9.0,10.0,0.5217391304347826,0.5714285714285714,0.8571428571428571,Phoenix,Suns,Phoenix Suns,2026-04-12 20:30:00,2025-26,12.754285714285714,5.428571428571429,1.8571428571428572,1.0,0.5714285714285714,0.0,0.0,1.2857142857142858,0.0,0.7285276073619632,37.9,15.282258064516128
1629599.0,Amir Coffey,46,2025-10-22 20:00:00,2026-04-12 20:30:00,2,481.51,149.0,27.0,19.0,38.0,57.0,113.0,55.0,49.0,17.0,28.0,22.0,9.0,5.0,9.0,30.0,-32.0,0.48672566371681414,0.3469387755102041,0.7857142857142857,Phoenix,Suns,Phoenix Suns,2026-04-12 20:30:00,2025-26,10.467608695652174,3.239130434782609,1.2391304347826086,0.5869565217391305,0.1956521739130435,0.10869565217391304,0.1956521739130435,0.6521739130434783,6.700416914830257,0.5944781359719119,124.6,9.315694378102219
1629610.0,DaQuan Jeffries,3,2026-03-26 19:00:00,2026-03-29 18:00:00,1,59.54,31.0,1.0,3.0,2.0,5.0,19.0,11.0,9.0,4.0,5.0,5.0,2.0,0.0,0.0,9.0,1.0,0.5789473684210527,0.4444444444444444,1.0,Sacramento,Kings,Sacramento Kings,2026-03-29 18:00:00,2025-26,19.846666666666668,10.333333333333334,1.6666666666666667,0.3333333333333333,0.6666666666666666,0.0,0.0,3.0,0.0,0.7311320754716981,23.900000000000002,14.450789385287203
1629611.0,Terance Mann,64,2025-10-22 19:00:00,2026-04-10 20:00:00,1,1516.62,455.0,190.0,70.0,130.0,200.0,368.0,168.0,154.0,56.0,80.0,63.0,41.0,15.0,71.0,155.0,-267.0,0.45652173913043476,0.36363636363636365,0.7875,Brooklyn,Nets,Brooklyn Nets,2026-04-10 20:00:00,2025-26,23.6971875,7.109375,3.125,2.96875,0.640625,0.234375,1.109375,2.421875,14.972585407001265,0.5642361111111112,397.30000000000007,9.43070775804091
1629614.0,Andrew Nembhard,57,2025-10-23 19:30:00,2026-03-29 17:00:00,1,1774.58,966.0,437.0,25.0,135.0,160.0,753.0,333.0,296.0,107.0,234.0,193.0,51.0,8.0,137.0,126.0,-393.0,0.44223107569721115,0.3614864864864865,0.8247863247863247,Indiana,Pacers,Indiana Pacers,2026-03-29 17:00:00,2025-26,31.13298245614035,16.94736842105263,2.807017543859649,7.666666666666667,0.8947368421052632,0.14035087719298245,2.4035087719298245,2.210526315789474,13.797131807927812,0.5642787046123651,788.8000000000001,16.00198356794284
1629618.0,Jalen Pickett,50,2025-10-25 21:00:00,2026-04-12 20:30:00,1,795.9,260.0,115.0,18.0,96.0,114.0,232.0,98.0,127.0,49.0,19.0,15.0,13.0,5.0,34.0,42.0,3.0,0.4224137931034483,0.3858267716535433,0.7894736842105263,Denver,Nuggets,Denver Nuggets,2026-04-12 20:30:00,2025-26,15.918,5.2,2.28,2.3,0.26,0.1,0.68,0.84,12.392477037469018,0.5408553835912797,222.8,10.077647945721825
1629622.0,Max Strus,12,2026-03-15 15:30:00,2026-04-12 18:00:00,1,285.38,134.0,24.0,9.0,56.0,65.0,106.0,47.0,82.0,33.0,9.0,7.0,3.0,0.0,9.0,34.0,-3.0,0.44339622641509435,0.4024390243902439,0.7777777777777778,Cleveland,Cavaliers,Cleveland Cavaliers,2026-04-12 18:00:00,2025-26,23.781666666666666,11.166666666666666,5.416666666666667,2.0,0.25,0.0,0.75,2.8333333333333335,7.565568258238064,0.6093124772644598,98.10000000000002,12.375078842245431
1629627.0,Zion Williamson,62,2025-10-22 20:00:00,2026-04-05 19:00:00,1,1828.65,1302.0,199.0,125.0,228.0,353.0,807.0,484.0,4.0,1.0,465.0,333.0,60.0,34.0,126.0,141.0,-82.0,0.5997521685254027,0.25,0.7161290322580646,New Orleans,Pelicans,New Orleans Pelicans,2026-04-05 19:00:00,2025-26,29.49435483870968,21.0,5.693548387096774,3.2096774193548385,0.967741935483871,0.5483870967741935,2.032258064516129,2.274193548387097,11.075949367088608,0.6435349940688019,1074.4999999999998,21.15330981871872
1629628.0,RJ Barrett,57,2025-10-22 19:30:00,2026-04-12 18:00:00,1,1714.25,1098.0,189.0,55.0,245.0,300.0,816.0,401.0,283.0,96.0,279.0,200.0,42.0,19.0,99.0,147.0,168.0,0.49142156862745096,0.3392226148409894,0.7168458781362007,Toronto,Raptors,Toronto Raptors,2026-04-12 18:00:00,2025-26,30.07456140350877,19.263157894736842,5.2631578947368425,3.3157894736842106,0.7368421052631579,0.3333333333333333,1.736842105263158,2.5789473684210527,9.53977798334875,0.5848140099705995,797.4000000000001,16.74574886976812
1629630.0,Ja Morant,20,2025-10-22 20:00:00,2026-01-21 20:00:00,1,563.9,389.0,161.0,8.0,57.0,65.0,322.0,132.0,85.0,20.0,117.0,105.0,20.0,6.0,71.0,40.0,-50.0,0.40993788819875776,0.23529411764705882,0.8974358974358975,Memphis,Grizzlies,Memphis Grizzlies,2026-01-21 20:00:00,2025-26,28.195,19.45,3.25,8.05,1.0,0.3,3.55,2.0,15.973722102231822,0.5207775516761272,284.2,18.143642489803156
1629631.0,De'Andre Hunter,45,2025-10-26 18:00:00,2026-02-06 22:00:00,2,1167.69,615.0,90.0,30.0,155.0,185.0,501.0,208.0,246.0,75.0,143.0,124.0,30.0,6.0,75.0,112.0,-21.0,0.4151696606786427,0.3048780487804878,0.8671328671328671,Sacramento,Kings,Sacramento Kings,2026-02-06 22:00:00,2025-26,25.948666666666668,13.666666666666666,4.111111111111111,2.0,0.6666666666666666,0.13333333333333333,1.6666666666666667,2.488888888888889,11.738558818005385,0.5452901120726344,384.8,11.863422654985484
1629632.0,Coby White,50,2025-11-16 20:00:00,2026-04-12 18:00:00,2,1240.29,868.0,200.0,17.0,153.0,170.0,623.0,278.0,318.0,115.0,241.0,197.0,25.0,5.0,128.0,111.0,94.0,0.4462279293739968,0.36163522012578614,0.8174273858921162,Charlotte,Hornets,Charlotte Hornets,2026-04-12 18:00:00,2025-26,24.805799999999998,17.36,3.4,4.0,0.5,0.1,2.56,2.22,14.935125548399142,0.5953034127071217,579.4000000000001,16.817357230970178
1629634.0,Brandon Clarke,2,2025-12-17 20:00:00,2025-12-20 20:00:00,1,19.86,8.0,1.0,4.0,2.0,6.0,9.0,3.0,0.0,0.0,4.0,2.0,2.0,0.0,0.0,5.0,-12.0,0.3333333333333333,,0.5,Memphis,Grizzlies,Memphis Grizzlies,2025-12-20 20:00:00,2025-26,9.93,4.0,3.0,0.5,1.0,0.0,0.0,2.5,0.0,0.3717472118959108,6.199999999999999,11.238670694864048
1629636.0,Darius Garland,45,2025-11-05 19:00:00,2026-04-12 20:30:00,2,1336.18,845.0,301.0,18.0,89.0,107.0,672.0,309.0,308.0,122.0,122.0,105.0,43.0,8.0,130.0,84.0,84.0,0.45982142857142855,0.3961038961038961,0.860655737704918,LA,Clippers,LA Clippers,2026-04-12 20:30:00,2025-26,29.69288888888889,18.77777777777778,2.3777777777777778,6.688888888888889,0.9555555555555556,0.17777777777777778,2.888888888888889,1.8666666666666667,15.192595362752431,0.5822125454745893,626.4000000000001,16.876768100106272
1629637.0,Jaxson Hayes,66,2025-10-21 22:00:00,2026-04-05 19:30:00,1,1193.17,497.0,59.0,99.0,172.0,271.0,262.0,198.0,3.0,3.0,150.0,98.0,29.0,52.0,31.0,127.0,71.0,0.7557251908396947,1.0,0.6533333333333333,Los Angeles,Lakers,Los Angeles Lakers,2026-04-05 19:30:00,2025-26,18.078333333333333,7.53030303030303,4.106060606060606,0.8939393939393939,0.4393939393939394,0.7878787878787878,0.4696969696969697,1.9242424242424243,8.635097493036211,0.7576219512195121,517.8000000000001,15.622920455593086
1629638.0,Nickeil Alexander-Walker,78,2025-10-22 19:30:00,2026-04-10 19:00:00,1,2588.7200000000003,1624.0,286.0,52.0,216.0,268.0,1195.0,548.0,629.0,251.0,307.0,277.0,102.0,42.0,162.0,173.0,244.0,0.4585774058577406,0.3990461049284579,0.9022801302931596,Atlanta,Hawks,Atlanta Hawks,2026-04-10 19:00:00,2025-26,33.18871794871795,20.82051282051282,3.4358974358974357,3.6666666666666665,1.3076923076923077,0.5384615384615384,2.076923076923077,2.217948717948718,10.857326684896252,0.6104895946108505,1196.3000000000002,16.63632992366884
1629639.0,Tyler Herro,33,2025-11-24 19:30:00,2026-04-12 18:00:00,1,1027.2,677.0,136.0,14.0,144.0,158.0,515.0,247.0,222.0,84.0,108.0,99.0,23.0,12.0,64.0,62.0,-38.0,0.4796116504854369,0.3783783783783784,0.9166666666666666,Miami,Heat,Miami Heat,2026-04-12 18:00:00,2025-26,31.12727272727273,20.515151515151516,4.787878787878788,4.121212121212121,0.696969696969697,0.36363636363636365,1.9393939393939394,1.878787878787879,10.215156738811212,0.6017563819953069,502.4999999999999,17.610981308411212
1629640.0,Keldon Johnson,82,2025-10-22 21:30:00,2026-04-12 20:30:00,1,1895.68,1081.0,111.0,137.0,303.0,440.0,797.0,414.0,273.0,99.0,194.0,154.0,46.0,11.0,70.0,162.0,317.0,0.5194479297365119,0.3626373626373626,0.7938144329896907,San Antonio,Spurs,San Antonio Spurs,2026-04-12 20:30:00,2025-26,23.118048780487804,13.182926829268293,5.365853658536586,1.353658536585366,0.5609756097560976,0.13414634146341464,0.8536585365853658,1.975609756097561,7.350161703557478,0.6125617661725373,856.0999999999999,16.257807224848076
1629645.0,Kevin Porter Jr.,39,2025-10-22 20:00:00,2026-04-10 20:00:00,1,1253.81,661.0,280.0,34.0,164.0,198.0,514.0,239.0,143.0,46.0,156.0,137.0,83.0,19.0,110.0,88.0,-107.0,0.4649805447470817,0.32167832167832167,0.8782051282051282,Milwaukee,Bucks,Milwaukee Bucks,2026-04-10 20:00:00,2025-26,32.14897435897436,16.94871794871795,5.076923076923077,7.17948717948718,2.128205128205128,0.48717948717948717,2.8205128205128207,2.2564102564102564,15.881265881265882,0.5672456405327475,609.3,17.494516713058598
1629646.0,Charles Bassey,13,2025-11-03 20:00:00,2026-04-12 20:30:00,4,150.42,76.0,7.0,23.0,34.0,57.0,47.0,31.0,0.0,0.0,20.0,14.0,4.0,11.0,6.0,19.0,-44.0,0.6595744680851063,,0.7,Golden State,Warriors,Golden State Warriors,2026-04-12 20:30:00,2025-26,11.57076923076923,5.846153846153846,4.384615384615385,0.5384615384615384,0.3076923076923077,0.8461538461538461,0.46153846153846156,1.4615384615384615,9.708737864077671,0.6810035842293907,82.40000000000002,19.720781810929402
1629651.0,Nic Claxton,69,2025-10-22 19:00:00,2026-04-03 19:30:00,1,1907.02,810.0,253.0,168.0,310.0,478.0,583.0,333.0,19.0,3.0,229.0,141.0,45.0,77.0,96.0,158.0,-515.0,0.5711835334476844,0.15789473684210525,0.6157205240174672,Brooklyn,Nets,Brooklyn Nets,2026-04-03 19:30:00,2025-26,27.637971014492752,11.73913043478261,6.927536231884058,3.6666666666666665,0.6521739130434783,1.1159420289855073,1.391304347826087,2.289855072463768,12.311480455524777,0.5923130923130924,827.3000000000001,15.61745550649705
1629652.0,Luguentz Dort,69,2025-10-21 19:30:00,2026-04-12 20:30:00,1,1836.02,576.0,85.0,56.0,189.0,245.0,524.0,202.0,372.0,128.0,58.0,44.0,62.0,27.0,54.0,179.0,294.0,0.38549618320610685,0.34408602150537637,0.7586206896551724,Oklahoma City,Thunder,Oklahoma City Thunder,2026-04-12 20:30:00,2025-26,26.608985507246377,8.347826086956522,3.550724637681159,1.2318840579710144,0.8985507246376812,0.391304347826087,0.782608695652174,2.5942028985507246,8.947507953340404,0.524093754549425,395.0999999999999,7.7469744338296955
1629655.0,Daniel Gafford,55,2025-11-01 22:00:00,2026-04-05 19:30:00,1,1184.31,524.0,58.0,138.0,240.0,378.0,316.0,207.0,0.0,0.0,161.0,110.0,42.0,69.0,63.0,144.0,-188.0,0.6550632911392406,,0.6832298136645962,Dallas,Mavericks,Dallas Mavericks,2026-04-05 19:30:00,2025-26,21.53290909090909,9.527272727272727,6.872727272727273,1.0545454545454545,0.7636363636363637,1.2545454545454546,1.1454545454545455,2.618181818181818,14.004979548283833,0.6772825974563126,544.0999999999999,16.53925070294095
1629656.0,Quentin Grimes,75,2025-10-22 19:30:00,2026-04-12 18:00:00,1,2188.66,1006.0,244.0,46.0,227.0,273.0,755.0,340.0,380.0,127.0,237.0,199.0,64.0,28.0,133.0,155.0,8.0,0.4503311258278146,0.33421052631578946,0.8396624472573839,Philadelphia,76ers,Philadelphia 76ers,2026-04-12 18:00:00,2025-26,29.182133333333333,13.413333333333334,3.64,3.2533333333333334,0.8533333333333334,0.37333333333333335,1.7733333333333334,2.066666666666667,13.40347482565405,0.5853738013220371,758.0,12.467902735006808
1629660.0,Ty Jerome,15,2026-01-31 20:00:00,2026-03-23 19:30:00,1,334.81,295.0,85.0,11.0,31.0,42.0,215.0,102.0,100.0,42.0,56.0,49.0,16.0,4.0,27.0,31.0,-45.0,0.4744186046511628,0.42,0.875,Memphis,Grizzlies,Memphis Grizzlies,2026-03-23 19:30:00,2025-26,22.320666666666668,19.666666666666668,2.8,5.666666666666667,1.0666666666666667,0.26666666666666666,1.8,2.066666666666667,10.126012601260127,0.6155065932231681,238.40000000000003,25.63364296167976
1629661.0,Cameron Johnson,54,2025-10-23 22:00:00,2026-04-08 21:00:00,1,1636.22,660.0,132.0,43.0,163.0,206.0,475.0,228.0,256.0,110.0,112.0,94.0,40.0,21.0,47.0,125.0,343.0,0.48,0.4296875,0.8392857142857143,Denver,Nuggets,Denver Nuggets,2026-04-08 21:00:00,2025-26,30.30037037037037,12.222222222222221,3.814814814814815,2.4444444444444446,0.7407407407407407,0.3888888888888889,0.8703703703703703,2.314814814814815,8.2271390561546,0.6294346532387274,540.6,11.894244050311084
1629673.0,Jordan Poole,39,2025-10-22 20:00:00,2026-04-10 19:30:00,1,925.95,524.0,119.0,9.0,68.0,77.0,444.0,165.0,288.0,96.0,114.0,98.0,22.0,15.0,69.0,89.0,-144.0,0.3716216216216216,0.3333333333333333,0.8596491228070176,New Orleans,Pelicans,New Orleans Pelicans,2026-04-10 19:30:00,2025-26,23.742307692307694,13.435897435897436,1.9743589743589745,3.051282051282051,0.5641025641025641,0.38461538461538464,1.7692307692307692,2.282051282051282,12.252290645642445,0.5301926501537964,310.70000000000005,12.079701927749879
1629674.0,Neemias Queta,76,2025-10-22 19:30:00,2026-04-10 19:30:00,1,1911.34,776.0,126.0,230.0,406.0,636.0,499.0,326.0,8.0,1.0,175.0,123.0,60.0,100.0,75.0,216.0,480.0,0.6533066132264529,0.125,0.7028571428571428,Boston,Celtics,Boston Celtics,2026-04-10 19:30:00,2025-26,25.149210526315787,10.210526315789474,8.368421052631579,1.6578947368421053,0.7894736842105263,1.3157894736842106,0.9868421052631579,2.8421052631578947,11.52073732718894,0.6736111111111112,875.9,16.49753576025197
1629675.0,Naz Reid,77,2025-10-22 22:00:00,2026-04-08 19:00:00,1,1992.41,1046.0,170.0,90.0,387.0,477.0,871.0,397.0,448.0,162.0,123.0,90.0,76.0,78.0,126.0,195.0,169.0,0.45579793340987373,0.36160714285714285,0.7317073170731707,Minnesota,Timberwolves,Minnesota Timberwolves,2026-04-08 19:00:00,2025-26,25.875454545454545,13.584415584415584,6.194805194805195,2.207792207792208,0.987012987012987,1.0129870129870129,1.6363636363636365,2.5324675324675323,11.987213638785297,0.5653320650294016,806.6,14.574108742678465
1629680.0,Matisse Thybulle,30,2025-10-22 22:00:00,2026-04-12 20:30:00,1,474.2,174.0,27.0,17.0,42.0,59.0,134.0,58.0,93.0,37.0,25.0,21.0,60.0,16.0,28.0,43.0,88.0,0.43283582089552236,0.3978494623655914,0.84,Portland,Trail Blazers,Portland Trail Blazers,2026-04-12 20:30:00,2025-26,15.806666666666667,5.8,1.9666666666666666,0.9,2.0,0.5333333333333333,0.9333333333333333,1.4333333333333333,16.184971098265898,0.6,171.2,12.997047659215522
1629684.0,Grant Williams,36,2026-01-10 21:30:00,2026-04-12 18:00:00,1,703.67,252.0,56.0,46.0,96.0,142.0,183.0,78.0,134.0,52.0,54.0,44.0,17.0,18.0,31.0,56.0,203.0,0.4262295081967213,0.3880597014925373,0.8148148148148148,Charlotte,Hornets,Charlotte Hornets,2026-04-12 18:00:00,2025-26,19.546388888888888,7.0,3.9444444444444446,1.5555555555555556,0.4722222222222222,0.5,0.8611111111111112,1.5555555555555556,13.03835800807537,0.6094022054556008,227.5,11.638978498443873
1629723.0,John Konchar,56,2025-10-22 20:00:00,2026-04-12 20:30:00,2,1102.81,248.0,118.0,74.0,166.0,240.0,199.0,94.0,99.0,28.0,44.0,32.0,83.0,38.0,35.0,79.0,-146.0,0.4723618090452261,0.2828282828282828,0.7272727272727273,Utah,Jazz,Utah Jazz,2026-04-12 20:30:00,2025-26,19.693035714285713,4.428571428571429,4.285714285714286,2.107142857142857,1.4821428571428572,0.6785714285714286,0.625,1.4107142857142858,13.814335333122829,0.5678695731819015,368.70000000000005,12.035799457748842
1629726.0,Garrison Mathews,15,2025-11-21 19:00:00,2025-12-23 19:30:00,1,193.27,78.0,10.0,2.0,15.0,17.0,52.0,21.0,46.0,17.0,23.0,19.0,6.0,3.0,3.0,19.0,-2.0,0.40384615384615385,0.3695652173913043,0.8260869565217391,Indiana,Pacers,Indiana Pacers,2025-12-23 19:30:00,2025-26,12.884666666666668,5.2,1.1333333333333333,0.6666666666666666,0.4,0.2,0.2,1.2666666666666666,4.606879606879606,0.6278171281390856,58.800000000000004,10.952553422672946
1629731.0,Dean Wade,59,2025-10-22 19:00:00,2026-04-10 19:00:00,1,1304.99,342.0,88.0,53.0,194.0,247.0,278.0,122.0,196.0,71.0,38.0,27.0,44.0,23.0,16.0,90.0,151.0,0.43884892086330934,0.3622448979591837,0.7105263157894737,Cleveland,Cavaliers,Cleveland Cavaliers,2026-04-10 19:00:00,2025-26,22.118474576271186,5.796610169491525,4.186440677966102,1.4915254237288136,0.7457627118644068,0.3898305084745763,0.2711864406779661,1.5254237288135593,5.1493305870236865,0.5802117263843648,356.80000000000007,9.842834044705326
1629750.0,Javonte Green,82,2025-10-22 20:00:00,2026-04-12 18:00:00,1,1431.25,569.0,56.0,62.0,168.0,230.0,414.0,185.0,247.0,94.0,125.0,105.0,102.0,25.0,45.0,107.0,215.0,0.4468599033816425,0.3805668016194332,0.84,Detroit,Pistons,Detroit Pistons,2026-04-12 18:00:00,2025-26,17.454268292682926,6.939024390243903,2.8048780487804876,0.6829268292682927,1.2439024390243902,0.3048780487804878,0.5487804878048781,1.3048780487804879,8.754863813229573,0.6066098081023454,509.9000000000001,12.825432314410481
1630162.0,Anthony Edwards,61,2025-10-22 22:00:00,2026-04-10 21:30:00,1,2126.77,1757.0,226.0,36.0,266.0,302.0,1231.0,602.0,514.0,205.0,437.0,348.0,83.0,49.0,174.0,118.0,162.0,0.4890333062550772,0.39883268482490275,0.7963386727688787,Minnesota,Timberwolves,Minnesota Timberwolves,2026-04-10 21:30:00,2025-26,34.865081967213115,28.80327868852459,4.950819672131147,3.7049180327868854,1.360655737704918,0.8032786885245902,2.8524590163934427,1.9344262295081966,10.893518982269859,0.6172362430442359,1259.8,21.32473187039501
1630163.0,LaMelo Ball,72,2025-10-22 19:00:00,2026-04-12 18:00:00,1,2003.28,1445.0,514.0,65.0,282.0,347.0,1244.0,506.0,740.0,272.0,179.0,161.0,87.0,17.0,202.0,195.0,416.0,0.4067524115755627,0.3675675675675676,0.8994413407821229,Charlotte,Hornets,Charlotte Hornets,2026-04-12 18:00:00,2025-26,27.823333333333334,20.069444444444443,4.819444444444445,7.138888888888889,1.2083333333333333,0.2361111111111111,2.8055555555555554,2.7083333333333335,13.247986568377975,0.5462064168859052,1078.2000000000003,19.37582364921529
1630164.0,James Wiseman,4,2025-10-25 20:00:00,2025-12-23 19:30:00,1,57.480000000000004,13.0,3.0,5.0,3.0,8.0,10.0,6.0,0.0,0.0,2.0,1.0,0.0,1.0,5.0,10.0,-9.0,0.6,,0.5,Indiana,Pacers,Indiana Pacers,2025-12-23 19:30:00,2025-26,14.370000000000001,3.25,2.0,0.75,0.0,0.25,1.25,2.5,31.48614609571788,0.5974264705882353,6.199999999999999,3.8830897703549057
1630165.0,Killian Hayes,23,2026-02-23 20:00:00,2026-04-12 20:30:00,1,400.92,127.0,81.0,4.0,50.0,54.0,138.0,42.0,63.0,17.0,28.0,26.0,21.0,4.0,28.0,36.0,-18.0,0.30434782608695654,0.2698412698412698,0.9285714285714286,Sacramento,Kings,Sacramento Kings,2026-04-12 20:30:00,2025-26,17.43130434782609,5.521739130434782,2.347826086956522,3.5217391304347827,0.9130434782608695,0.17391304347826086,1.2173913043478262,1.565217391304348,15.702108568864963,0.42243214475784996,102.30000000000001,9.185872493265489
1630166.0,Deni Avdija,66,2025-10-22 22:00:00,2026-04-12 20:30:00,1,2185.62,1598.0,442.0,74.0,380.0,454.0,1064.0,492.0,393.0,125.0,610.0,489.0,51.0,41.0,253.0,168.0,16.0,0.462406015037594,0.31806615776081426,0.8016393442622951,Portland,Trail Blazers,Portland Trail Blazers,2026-04-12 20:30:00,2025-26,33.11545454545455,24.21212121212121,6.878787878787879,6.696969696969697,0.7727272727272727,0.6212121212121212,3.8333333333333335,2.5454545454545454,15.958117825154535,0.5996697688381867,1236.3000000000002,20.36346665934609
1630167.0,Obi Toppin,24,2025-10-23 19:30:00,2026-04-12 18:00:00,1,418.23,279.0,55.0,13.0,93.0,106.0,199.0,100.0,105.0,37.0,46.0,42.0,12.0,1.0,28.0,28.0,-33.0,0.5025125628140703,0.3523809523809524,0.9130434782608695,Indiana,Pacers,Indiana Pacers,2026-04-12 18:00:00,2025-26,17.42625,11.625,4.416666666666667,2.2916666666666665,0.5,0.041666666666666664,1.1666666666666667,1.1666666666666667,11.325028312570781,0.6362889983579638,227.10000000000002,19.548095545513235
1630168.0,Onyeka Okongwu,74,2025-10-22 19:30:00,2026-04-10 19:00:00,1,2280.59,1123.0,231.0,140.0,422.0,562.0,860.0,413.0,383.0,144.0,202.0,153.0,82.0,79.0,127.0,243.0,109.0,0.48023255813953486,0.37597911227154046,0.7574257425742574,Atlanta,Hawks,Atlanta Hawks,2026-04-10 19:00:00,2025-26,30.818783783783786,15.175675675675675,7.594594594594595,3.1216216216216215,1.1081081081081081,1.0675675675675675,1.7162162162162162,3.2837837837837838,11.804290441313157,0.5917502740072507,966.0,15.24868564713517
1630169.0,Tyrese Haliburton,1,2026-03-08 21:00:00,2026-03-08 21:00:00,1,0.0,0.0,0.0,0.0,0.0,0.0,0.0,0.0,0.0,0.0,0.0,0.0,0.0,0.0,0.0,0.0,0.0,,,,Indiana,Pacers,Indiana Pacers,2026-03-08 21:00:00,2025-26,0.0,0.0,0.0,0.0,0.0,0.0,0.0,0.0,,,0.0,
1630170.0,Devin Vassell,67,2025-10-22 21:30:00,2026-04-12 20:30:00,1,2030.94,932.0,167.0,39.0,230.0,269.0,755.0,330.0,433.0,166.0,130.0,106.0,57.0,25.0,60.0,106.0,492.0,0.4370860927152318,0.3833718244803695,0.8153846153846154,San Antonio,Spurs,San Antonio Spurs,2026-04-12 20:30:00,2025-26,30.312537313432838,13.91044776119403,4.014925373134329,2.4925373134328357,0.8507462686567164,0.373134328358209,0.8955223880597015,1.5820895522388059,6.87915615684476,0.573750307805959,711.1999999999999,12.606576265177699
1630171.0,Isaac Okoro,63,2025-10-22 20:00:00,2026-04-07 19:00:00,1,1681.34,584.0,100.0,69.0,104.0,173.0,459.0,211.0,221.0,73.0,112.0,89.0,46.0,29.0,46.0,162.0,-335.0,0.4596949891067538,0.33031674208144796,0.7946428571428571,Chicago,Bulls,Chicago Bulls,2026-04-07 19:00:00,2025-26,26.687936507936506,9.26984126984127,2.746031746031746,1.5873015873015872,0.7301587301587301,0.4603174603174603,0.7301587301587301,2.5714285714285716,8.29905462942917,0.5744865035020068,442.90000000000003,9.483150344368184
1630172.0,Patrick Williams,72,2025-10-22 20:00:00,2026-04-12 20:30:00,1,1459.88,505.0,105.0,49.0,166.0,215.0,478.0,178.0,274.0,95.0,75.0,54.0,49.0,26.0,75.0,93.0,-345.0,0.3723849372384937,0.3467153284671533,0.72,Chicago,Bulls,Chicago Bulls,2026-04-12 20:30:00,2025-26,20.276111111111113,7.013888888888889,2.986111111111111,1.4583333333333333,0.6805555555555556,0.3611111111111111,1.0416666666666667,1.2916666666666667,12.79863481228669,0.49412915851272016,345.80000000000007,8.527276214483383
1630173.0,Precious Achiuwa,73,2025-11-05 22:00:00,2026-04-12 20:30:00,1,1730.72,736.0,101.0,177.0,315.0,492.0,598.0,316.0,97.0,27.0,139.0,77.0,65.0,50.0,65.0,123.0,-271.0,0.5284280936454849,0.27835051546391754,0.5539568345323741,Sacramento,Kings,Sacramento Kings,2026-04-12 20:30:00,2025-26,23.70849315068493,10.082191780821917,6.739726027397261,1.3835616438356164,0.8904109589041096,0.684931506849315,0.8904109589041096,1.6849315068493151,8.97591692443659,0.5582863037805692,693.8999999999999,14.43353055375797
1630174.0,Aaron Nesmith,45,2025-10-23 19:30:00,2026-03-27 19:00:00,1,1326.98,621.0,86.0,48.0,139.0,187.0,512.0,212.0,277.0,105.0,111.0,92.0,26.0,23.0,63.0,124.0,-201.0,0.4140625,0.37906137184115524,0.8288288288288288,Indiana,Pacers,Indiana Pacers,2026-03-27 19:00:00,2025-26,29.488444444444443,13.8,4.155555555555556,1.9111111111111112,0.5777777777777777,0.5111111111111111,1.4,2.7555555555555555,10.098743267504489,0.5536338349618429,404.79999999999995,10.981928891166406
1630175.0,Cole Anthony,35,2025-10-22 20:00:00,2026-02-03 20:00:00,1,519.17,234.0,121.0,16.0,71.0,87.0,231.0,98.0,72.0,22.0,26.0,16.0,20.0,11.0,65.0,73.0,-111.0,0.42424242424242425,0.3055555555555556,0.6153846153846154,Milwaukee,Bucks,Milwaukee Bucks,2026-02-03 20:00:00,2025-26,14.83342857142857,6.685714285714286,2.4857142857142858,3.4571428571428573,0.5714285714285714,0.3142857142857143,1.8571428571428572,2.085714285714286,21.14233671610721,0.4825936314139581,158.2,10.969817208236224
1630178.0,Tyrese Maxey,71,2025-10-22 19:30:00,2026-04-12 18:00:00,1,2646.31,1980.0,461.0,24.0,266.0,290.0,1501.0,694.0,599.0,220.0,417.0,372.0,130.0,55.0,171.0,151.0,113.0,0.46235842771485675,0.3672787979966611,0.8920863309352518,Philadelphia,76ers,Philadelphia 76ers,2026-04-12 18:00:00,2025-26,37.27197183098591,27.887323943661972,4.084507042253521,6.492957746478873,1.8309859154929577,0.7746478873239436,2.408450704225352,2.1267605633802815,9.215944122275637,0.5877184650455927,1545.2999999999997,21.022026897831317
1630180.0,Saddiq Bey,72,2025-10-22 20:00:00,2026-04-05 19:00:00,1,2231.78,1271.0,182.0,121.0,279.0,400.0,967.0,436.0,412.0,151.0,295.0,248.0,68.0,7.0,68.0,95.0,-187.0,0.45087900723888313,0.36650485436893204,0.8406779661016949,New Orleans,Pelicans,New Orleans Pelicans,2026-04-05 19:00:00,2025-26,30.99694444444445,17.65277777777778,5.555555555555555,2.5277777777777777,0.9444444444444444,0.09722222222222222,0.9444444444444444,1.3194444444444444,5.8379120879120885,0.5794128373450037,1012.4000000000003,16.330641909148753
1630182.0,Josh Green,58,2025-12-12 19:00:00,2026-04-12 18:00:00,1,896.78,249.0,47.0,45.0,57.0,102.0,181.0,83.0,138.0,58.0,28.0,25.0,35.0,6.0,35.0,64.0,207.0,0.4585635359116022,0.42028985507246375,0.8928571428571429,Charlotte,Hornets,Charlotte Hornets,2026-04-12 18:00:00,2025-26,15.461724137931034,4.293103448275862,1.7586206896551724,0.8103448275862069,0.603448275862069,0.10344827586206896,0.603448275862069,1.103448275862069,15.329362298528382,0.644009931719429,214.4,8.606793193425368
1630183.0,Jaden McDaniels,73,2025-10-22 22:00:00,2026-04-10 21:30:00,1,2301.86,1084.0,199.0,76.0,234.0,310.0,809.0,417.0,250.0,103.0,176.0,147.0,81.0,73.0,131.0,244.0,120.0,0.515451174289246,0.412,0.8352272727272727,Minnesota,Timberwolves,Minnesota Timberwolves,2026-04-10 21:30:00,2025-26,31.53232876712329,14.849315068493151,4.2465753424657535,2.7260273972602738,1.1095890410958904,1.0,1.7945205479452055,3.3424657534246576,12.875452115112438,0.6114345020531564,839.1,13.123126515079111
1630188.0,Jalen Smith,53,2025-10-22 20:00:00,2026-03-25 19:00:00,1,1085.24,541.0,65.0,98.0,257.0,355.0,404.0,195.0,220.0,82.0,93.0,69.0,24.0,42.0,53.0,111.0,86.0,0.48267326732673266,0.37272727272727274,0.7419354838709677,Chicago,Bulls,Chicago Bulls,2026-03-25 19:00:00,2025-26,20.476226415094338,10.20754716981132,6.69811320754717,1.2264150943396226,0.4528301886792453,0.7924528301886793,1.0,2.0943396226415096,10.644280205655527,0.6079744673199676,473.80000000000007,15.717076407062034
1630191.0,Isaiah Stewart,58,2025-10-22 20:00:00,2026-04-12 18:00:00,1,1305.8799999999999,581.0,66.0,96.0,194.0,290.0,402.0,221.0,120.0,40.0,131.0,99.0,16.0,93.0,67.0,166.0,39.0,0.5497512437810945,0.3333333333333333,0.7557251908396947,Detroit,Pistons,Detroit Pistons,2026-04-12 18:00:00,2025-26,22.515172413793103,10.017241379310345,5.0,1.1379310344827587,0.27586206896551724,1.603448275862069,1.1551724137931034,2.8620689655172415,12.72216314750114,0.6320163606300583,494.5,13.632186724660766
1630192.0,Zeke Nnaji,52,2025-10-25 21:00:00,2026-04-12 20:30:00,1,615.22,190.0,29.0,33.0,103.0,136.0,151.0,71.0,54.0,14.0,44.0,34.0,17.0,24.0,27.0,71.0,-109.0,0.47019867549668876,0.25925925925925924,0.7727272727272727,Denver,Nuggets,Denver Nuggets,2026-04-12 20:30:00,2025-26,11.831153846153846,3.6538461538461537,2.6153846153846154,0.5576923076923077,0.3269230769230769,0.46153846153846156,0.5192307692307693,1.3653846153846154,13.680583704904741,0.5576426391171636,161.4,9.444426384057737
1630193.0,Immanuel Quickley,70,2025-10-22 19:30:00,2026-04-12 18:00:00,1,2216.4,1150.0,415.0,38.0,244.0,282.0,905.0,401.0,476.0,178.0,207.0,170.0,92.0,5.0,102.0,141.0,119.0,0.4430939226519337,0.3739495798319328,0.821256038647343,Toronto,Raptors,Toronto Raptors,2026-04-12 18:00:00,2025-26,31.662857142857145,16.428571428571427,4.0285714285714285,5.928571428571429,1.3142857142857143,0.07142857142857142,1.457142857142857,2.0142857142857142,9.288940696488417,0.5772628704521725,989.5,16.072008662696263
1630194.0,Paul Reed,65,2025-10-22 20:00:00,2026-04-12 18:00:00,1,888.39,504.0,80.0,130.0,164.0,294.0,339.0,209.0,40.0,13.0,110.0,73.0,57.0,60.0,58.0,120.0,138.0,0.616519174041298,0.325,0.6636363636363637,Detroit,Pistons,Detroit Pistons,2026-04-12 18:00:00,2025-26,13.667538461538461,7.753846153846154,4.523076923076923,1.2307692307692308,0.8769230769230769,0.9230769230769231,0.8923076923076924,1.8461538461538463,13.022002694207455,0.6504904491481673,524.7,21.262283456590012
1630198.0,Isaiah Joe,71,2025-10-30 20:00:00,2026-04-08 22:00:00,1,1494.89,785.0,94.0,33.0,148.0,181.0,543.0,247.0,428.0,181.0,123.0,110.0,50.0,11.0,45.0,121.0,356.0,0.4548802946593002,0.42289719626168226,0.8943089430894309,Oklahoma City,Thunder,Oklahoma City Thunder,2026-04-08 22:00:00,2025-26,21.054788732394368,11.056338028169014,2.5492957746478875,1.323943661971831,0.704225352112676,0.15492957746478872,0.6338028169014085,1.704225352112676,7.008035881143711,0.6573218113612004,596.1,14.355303734722957
1630200.0,Tre Jones,65,2025-10-22 20:00:00,2026-04-12 20:30:00,1,1739.84,914.0,350.0,38.0,166.0,204.0,617.0,341.0,130.0,41.0,227.0,191.0,76.0,11.0,92.0,94.0,-137.0,0.5526742301458671,0.3153846153846154,0.8414096916299559,Chicago,Bulls,Chicago Bulls,2026-04-12 20:30:00,2025-26,26.766769230769228,14.061538461538461,3.1384615384615384,5.384615384615385,1.1692307692307693,0.16923076923076924,1.4153846153846155,1.4461538461538461,11.373751359905054,0.6374846557303873,879.6000000000001,18.20029427993379
1630202.0,Payton Pritchard,79,2025-10-22 19:30:00,2026-04-10 19:30:00,1,2538.93,1345.0,408.0,69.0,243.0,312.0,1091.0,506.0,562.0,212.0,136.0,121.0,58.0,10.0,109.0,118.0,426.0,0.46379468377635197,0.37722419928825623,0.8897058823529411,Boston,Celtics,Boston Celtics,2026-04-10 19:30:00,2025-26,32.13835443037974,17.025316455696203,3.949367088607595,5.1645569620253164,0.7341772151898734,0.12658227848101267,1.379746835443038,1.4936708860759493,8.651892303784608,0.5843557749122381,1093.3,15.502120972220581
1630208.0,Nick Richards,48,2025-10-22 22:00:00,2026-03-25 19:00:00,2,690.83,276.0,16.0,77.0,166.0,243.0,201.0,103.0,18.0,5.0,101.0,65.0,10.0,32.0,59.0,88.0,-135.0,0.5124378109452736,0.2777777777777778,0.6435643564356436,Chicago,Bulls,Chicago Bulls,2026-03-25 19:00:00,2025-26,14.392291666666667,5.75,5.0625,0.3333333333333333,0.20833333333333334,0.6666666666666666,1.2291666666666667,1.8333333333333333,19.37984496124031,0.5622555410691004,215.2,11.21433637798011
1630209.0,Omer Yurtseven,9,2026-03-15 20:00:00,2026-04-01 22:00:00,1,101.97,34.0,8.0,13.0,17.0,30.0,26.0,11.0,4.0,0.0,18.0,12.0,2.0,1.0,9.0,15.0,-14.0,0.4230769230769231,0.0,0.6666666666666666,Golden State,Warriors,Golden State Warriors,2026-04-01 22:00:00,2025-26,11.33,3.7777777777777777,3.3333333333333335,0.8888888888888888,0.2222222222222222,0.1111111111111111,1.0,1.6666666666666667,20.969245107176143,0.5011792452830188,25.300000000000004,8.932038834951458
1630214.0,Xavier Tillman,30,2025-10-22 19:30:00,2026-04-10 19:00:00,2,177.53,44.0,13.0,19.0,24.0,43.0,46.0,20.0,18.0,3.0,4.0,1.0,9.0,5.0,8.0,15.0,-23.0,0.43478260869565216,0.16666666666666666,0.25,Charlotte,Hornets,Charlotte Hornets,2026-04-10 19:00:00,2025-26,5.917666666666666,1.4666666666666666,1.4333333333333333,0.43333333333333335,0.3,0.16666666666666666,0.26666666666666666,0.5,14.347202295552368,0.46063651591289784,46.70000000000001,9.46994874105785
1630217.0,Desmond Bane,82,2025-10-22 19:00:00,2026-04-12 18:00:00,1,2740.04,1647.0,338.0,98.0,240.0,338.0,1205.0,583.0,427.0,167.0,346.0,314.0,86.0,37.0,164.0,252.0,135.0,0.4838174273858921,0.3911007025761124,0.9075144508670521,Orlando,Magic,Orlando Magic,2026-04-12 18:00:00,2025-26,33.41512195121951,20.085365853658537,4.121951219512195,4.121951219512195,1.048780487804878,0.45121951219512196,2.0,3.073170731707317,10.78067891982856,0.6067460434411011,1248.2,16.399468620896048
1630224.0,Jalen Green,32,2025-11-06 21:00:00,2026-04-08 22:00:00,1,821.4,568.0,91.0,16.0,100.0,116.0,512.0,216.0,227.0,71.0,87.0,65.0,34.0,8.0,72.0,42.0,33.0,0.421875,0.31277533039647576,0.7471264367816092,Phoenix,Suns,Phoenix Suns,2026-04-08 22:00:00,2025-26,25.66875,17.75,3.625,2.84375,1.0625,0.25,2.25,1.3125,11.570354181397443,0.5161008940902814,342.9,15.028487947406866
1630228.0,Jonathan Kuminga,36,2025-10-21 22:00:00,2026-04-10 19:00:00,2,823.5,438.0,83.0,49.0,153.0,202.0,339.0,157.0,105.0,35.0,123.0,89.0,22.0,11.0,67.0,55.0,71.0,0.4631268436578171,0.3333333333333333,0.7235772357723578,Atlanta,Hawks,Atlanta Hawks,2026-04-10 19:00:00,2025-26,22.875,12.166666666666666,5.611111111111111,2.3055555555555554,0.6111111111111112,0.3055555555555556,1.8611111111111112,1.5277777777777777,14.561418760323393,0.5570818070818071,328.8999999999999,14.37814207650273
1630230.0,Naji Marshall,74,2025-10-22 21:30:00,2026-04-07 22:30:00,1,2170.27,1128.0,241.0,65.0,283.0,348.0,821.0,419.0,213.0,62.0,300.0,228.0,82.0,6.0,119.0,143.0,-218.0,0.510353227771011,0.29107981220657275,0.76,Dallas,Mavericks,Dallas Mavericks,2026-04-07 22:30:00,2025-26,29.327972972972972,15.243243243243244,4.702702702702703,3.2567567567567566,1.1081081081081081,0.08108108108108109,1.6081081081081081,1.9324324324324325,11.100746268656716,0.5918153200419727,901.2,14.948923405843512
1630241.0,Sam Merrill,52,2025-10-22 19:00:00,2026-04-08 19:00:00,1,1366.25,663.0,125.0,28.0,105.0,133.0,484.0,223.0,375.0,158.0,69.0,59.0,33.0,7.0,42.0,127.0,242.0,0.4607438016528926,0.42133333333333334,0.855072463768116,Cleveland,Cavaliers,Cleveland Cavaliers,2026-04-08 19:00:00,2025-26,26.27403846153846,12.75,2.5576923076923075,2.4038461538461537,0.6346153846153846,0.1346153846153846,0.8076923076923077,2.4423076923076925,7.549068948163059,0.6444902402986236,493.10000000000014,12.99293687099726
1630245.0,Ayo Dosunmu,69,2025-10-22 20:00:00,2026-04-10 21:30:00,2,1867.45,1022.0,249.0,47.0,190.0,237.0,747.0,386.0,280.0,123.0,145.0,127.0,58.0,18.0,96.0,130.0,-67.0,0.5167336010709505,0.4392857142857143,0.8758620689655172,Minnesota,Timberwolves,Minnesota Timberwolves,2026-04-10 21:30:00,2025-26,27.06449275362319,14.81159420289855,3.4347826086956523,3.608695652173913,0.8405797101449275,0.2608695652173913,1.391304347826087,1.8840579710144927,10.586678429642701,0.6302417365564874,833.1,16.060189027818684
1630249.0,Vit Krejci,65,2025-10-24 19:00:00,2026-04-12 20:30:00,2,1381.28,550.0,100.0,31.0,117.0,148.0,429.0,192.0,328.0,128.0,51.0,38.0,47.0,18.0,41.0,138.0,-38.0,0.44755244755244755,0.3902439024390244,0.7450980392156863,Portland,Trail Blazers,Portland Trail Blazers,2026-04-12 20:30:00,2025-26,21.250461538461536,8.461538461538462,2.276923076923077,1.5384615384615385,0.7230769230769231,0.27692307692307694,0.6307692307692307,2.123076923076923,8.325887417756478,0.6091617933723197,411.50000000000006,10.724834935711804
1630256.0,Jae'Sean Tate,46,2025-10-27 20:00:00,2026-04-12 20:30:00,1,396.03000000000003,129.0,25.0,33.0,40.0,73.0,109.0,56.0,32.0,10.0,11.0,7.0,10.0,3.0,16.0,48.0,-37.0,0.5137614678899083,0.3125,0.6363636363636364,Houston,Rockets,Houston Rockets,2026-04-12 20:30:00,2025-26,8.609347826086957,2.8043478260869565,1.5869565217391304,0.5434782608695652,0.21739130434782608,0.06521739130434782,0.34782608695652173,1.0434782608695652,12.322858903265557,0.5665846802529866,103.00000000000001,9.362927050980987
1630264.0,Anthony Gill,55,2025-10-22 20:00:00,2026-04-12 18:00:00,1,939.77,321.0,69.0,58.0,100.0,158.0,215.0,135.0,48.0,17.0,46.0,34.0,31.0,21.0,36.0,88.0,-293.0,0.627906976744186,0.3541666666666667,0.7391304347826086,Washington,Wizards,Washington Wizards,2026-04-12 18:00:00,2025-26,17.086727272727273,5.836363636363636,2.8727272727272726,1.2545454545454546,0.5636363636363636,0.38181818181818183,0.6545454545454545,1.6,13.272378705205721,0.6822819248427138,313.09999999999997,11.993998531555592
1630286.0,Trevon Scott,6,2026-04-03 19:30:00,2026-04-12 18:00:00,1,181.34,48.0,10.0,10.0,21.0,31.0,50.0,19.0,19.0,6.0,6.0,4.0,8.0,5.0,4.0,12.0,-65.0,0.38,0.3157894736842105,0.6666666666666666,Brooklyn,Nets,Brooklyn Nets,2026-04-12 18:00:00,2025-26,30.223333333333333,8.0,5.166666666666667,1.6666666666666667,1.3333333333333333,0.8333333333333334,0.6666666666666666,2.0,7.062146892655367,0.45592705167173253,42.8,8.496746443145472
1630311.0,Pat Spencer,66,2025-10-24 22:00:00,2026-04-12 20:30:00,1,1218.18,476.0,232.0,51.0,107.0,158.0,436.0,186.0,168.0,60.0,57.0,44.0,48.0,5.0,85.0,75.0,-95.0,0.42660550458715596,0.35714285714285715,0.7719298245614035,Golden State,Warriors,Golden State Warriors,2026-04-12 20:30:00,2025-26,18.457272727272727,7.212121212121212,2.393939393939394,3.515151515151515,0.7272727272727273,0.07575757575757576,1.2878787878787878,1.1363636363636365,15.565484910635806,0.5161794048755097,406.70000000000005,12.018913461064868
1630314.0,Brandon Williams,66,2025-10-22 21:30:00,2026-04-05 19:30:00,1,1449.6,859.0,256.0,30.0,161.0,191.0,617.0,291.0,155.0,36.0,304.0,241.0,62.0,20.0,125.0,103.0,-143.0,0.47163695299837927,0.23225806451612904,0.7927631578947368,Dallas,Mavericks,Dallas Mavericks,2026-04-05 19:30:00,2025-26,21.96363636363636,13.015151515151516,2.893939393939394,3.878787878787879,0.9393939393939394,0.30303030303030304,1.893939393939394,1.5606060606060606,14.273316890472275,0.5720869518887527,676.5999999999999,16.80298013245033
1630322.0,Lindy Waters III,40,2025-11-05 22:00:00,2026-04-06 20:00:00,1,276.01,95.0,19.0,3.0,26.0,29.0,88.0,33.0,79.0,27.0,3.0,2.0,6.0,1.0,7.0,24.0,-5.0,0.375,0.34177215189873417,0.6666666666666666,San Antonio,Spurs,San Antonio Spurs,2026-04-06 20:00:00,2025-26,6.90025,2.375,0.725,0.475,0.15,0.025,0.175,0.6,7.267441860465117,0.5317957904164801,59.5,7.760588384478823
1630526.0,Jeremiah Robinson-Earl,22,2025-11-01 19:00:00,2026-01-24 20:30:00,2,356.77,101.0,15.0,36.0,67.0,103.0,100.0,37.0,41.0,10.0,18.0,17.0,9.0,1.0,12.0,26.0,-86.0,0.37,0.24390243902439024,0.9444444444444444,Dallas,Mavericks,Dallas Mavericks,2026-01-24 20:30:00,2025-26,16.21681818181818,4.590909090909091,4.681818181818182,0.6818181818181818,0.4090909090909091,0.045454545454545456,0.5454545454545454,1.1818181818181819,10.00667111407605,0.467939214232765,88.49999999999999,8.930123048462594
1630529.0,Herbert Jones,56,2025-10-22 20:00:00,2026-04-05 19:00:00,1,1577.85,496.0,155.0,47.0,143.0,190.0,478.0,183.0,259.0,80.0,62.0,50.0,88.0,27.0,73.0,177.0,-49.0,0.38284518828451886,0.3088803088803089,0.8064516129032258,New Orleans,Pelicans,New Orleans Pelicans,2026-04-05 19:00:00,2025-26,28.175892857142856,8.857142857142858,3.392857142857143,2.767857142857143,1.5714285714285714,0.48214285714285715,1.3035714285714286,3.1607142857142856,12.623642526111919,0.49081697276757447,377.2,8.606141268181386
1630530.0,Trey Murphy III,66,2025-10-22 20:00:00,2026-04-03 22:00:00,1,2326.38,1420.0,250.0,63.0,314.0,377.0,1050.0,494.0,565.0,214.0,246.0,218.0,99.0,24.0,120.0,138.0,-169.0,0.4704761904761905,0.3787610619469027,0.8861788617886179,New Orleans,Pelicans,New Orleans Pelicans,2026-04-03 22:00:00,2025-26,35.24818181818182,21.515151515151516,5.712121212121212,3.787878787878788,1.5,0.36363636363636365,1.8181818181818181,2.090909090909091,9.38790837401427,0.6129990330156099,1125.2999999999997,17.413664147731662
1630532.0,Franz Wagner,35,2025-10-22 19:00:00,2026-04-12 18:00:00,1,1012.2,699.0,113.0,43.0,134.0,177.0,507.0,244.0,139.0,48.0,198.0,163.0,32.0,11.0,58.0,72.0,80.0,0.4812623274161736,0.34532374100719426,0.8232323232323232,Orlando,Magic,Orlando Magic,2026-04-12 18:00:00,2025-26,28.92,19.97142857142857,5.057142857142857,3.2285714285714286,0.9142857142857143,0.3142857142857143,1.6571428571428573,2.057142857142857,8.894068576335643,0.588264996970309,530.0000000000001,18.850029638411385
1630533.0,Ziaire Williams,57,2025-10-22 19:00:00,2026-04-10 20:00:00,1,1269.16,573.0,60.0,30.0,104.0,134.0,433.0,184.0,251.0,86.0,140.0,119.0,76.0,21.0,59.0,116.0,-282.0,0.42494226327944573,0.3426294820717131,0.85,Brooklyn,Nets,Brooklyn Nets,2026-04-10 20:00:00,2025-26,22.265964912280705,10.052631578947368,2.3508771929824563,1.0526315789473684,1.3333333333333333,0.3684210526315789,1.0350877192982457,2.0350877192982457,10.657514450867051,0.5792559644156894,414.60000000000014,11.760219357685402
1630534.0,Ochai Agbaji,62,2025-10-22 19:30:00,2026-04-05 15:30:00,2,960.73,314.0,47.0,46.0,95.0,141.0,280.0,122.0,128.0,34.0,43.0,36.0,24.0,17.0,31.0,93.0,-62.0,0.4357142857142857,0.265625,0.8372093023255814,Brooklyn,Nets,Brooklyn Nets,2026-04-05 15:30:00,2025-26,15.495645161290323,5.064516129032258,2.274193548387097,0.7580645161290323,0.3870967741935484,0.27419354838709675,0.5,1.5,9.396217264791463,0.5252241402381908,225.29999999999995,8.44233031132576
1630536.0,Sharife Cooper,41,2025-10-22 20:00:00,2026-04-12 18:00:00,1,692.0,333.0,124.0,18.0,68.0,86.0,247.0,127.0,76.0,29.0,60.0,50.0,16.0,5.0,61.0,61.0,-184.0,0.5141700404858299,0.3815789473684211,0.8333333333333334,Washington,Wizards,Washington Wizards,2026-04-12 18:00:00,2025-26,16.878048780487806,8.121951219512194,2.097560975609756,3.024390243902439,0.3902439024390244,0.12195121951219512,1.4878048780487805,1.4878048780487805,18.241626794258373,0.6089978054133138,260.80000000000007,13.567630057803472
1630538.0,Bones Hyland,71,2025-10-22 22:00:00,2026-04-08 19:00:00,1,1161.75,604.0,188.0,23.0,104.0,127.0,468.0,212.0,299.0,116.0,82.0,64.0,44.0,17.0,70.0,120.0,124.0,0.452991452991453,0.3879598662207358,0.7804878048780488,Minnesota,Timberwolves,Minnesota Timberwolves,2026-04-08 19:00:00,2025-26,16.362676056338028,8.507042253521126,1.7887323943661972,2.647887323943662,0.6197183098591549,0.23943661971830985,0.9859154929577465,1.6901408450704225,12.193422519509477,0.5991112521821933,470.79999999999995,14.589025177533893
1630540.0,Miles McBride,41,2025-10-22 19:00:00,2026-04-12 18:00:00,1,1072.04,491.0,106.0,24.0,76.0,100.0,404.0,171.0,271.0,112.0,47.0,37.0,35.0,9.0,33.0,70.0,224.0,0.42326732673267325,0.4132841328413284,0.7872340425531915,New York,Knicks,New York Knicks,2026-04-12 18:00:00,2025-26,26.14731707317073,11.975609756097562,2.4390243902439024,2.5853658536585367,0.8536585365853658,0.21951219512195122,0.8048780487804879,1.7073170731707317,7.210277923439958,0.5780823208062541,366.70000000000005,12.314092757732922
1630541.0,Moses Moody,60,2025-10-24 22:00:00,2026-03-23 21:30:00,1,1529.16,728.0,98.0,51.0,149.0,200.0,557.0,245.0,377.0,151.0,113.0,87.0,58.0,34.0,57.0,122.0,80.0,0.4398563734290844,0.4005305039787798,0.7699115044247787,Golden State,Warriors,Golden State Warriors,2026-03-23 21:30:00,2025-26,25.486,12.133333333333333,3.3333333333333335,1.6333333333333333,0.9666666666666667,0.5666666666666667,0.95,2.033333333333333,8.587958777797866,0.5999472573839663,550.7,12.964764969002589
1630543.0,Isaiah Jackson,55,2025-10-23 19:30:00,2026-03-27 19:00:00,2,896.6,370.0,52.0,113.0,177.0,290.0,237.0,151.0,3.0,0.0,105.0,68.0,36.0,49.0,58.0,147.0,-50.0,0.6371308016877637,0.0,0.6476190476190476,LA,Clippers,LA Clippers,2026-03-27 19:00:00,2025-26,16.30181818181818,6.7272727272727275,5.2727272727272725,0.9454545454545454,0.6545454545454545,0.8909090909090909,1.0545454545454545,2.672727272727273,16.998827667057444,0.6532485875706215,371.79999999999995,14.928396163283514
1630544.0,Tre Mann,53,2025-10-22 19:00:00,2026-04-12 18:00:00,1,658.28,291.0,86.0,20.0,72.0,92.0,303.0,109.0,155.0,50.0,27.0,23.0,25.0,5.0,54.0,69.0,-153.0,0.35973597359735976,0.3225806451612903,0.8518518518518519,Charlotte,Hornets,Charlotte Hornets,2026-04-12 18:00:00,2025-26,12.420377358490565,5.490566037735849,1.7358490566037736,1.6226415094339623,0.4716981132075472,0.09433962264150944,1.0188679245283019,1.3018867924528301,14.638906961613532,0.46208079268292684,163.60000000000002,8.946952664519658
1630545.0,Terrence Shannon Jr.,43,2025-10-22 22:00:00,2026-04-12 20:30:00,1,529.82,241.0,38.0,10.0,39.0,49.0,171.0,77.0,76.0,31.0,70.0,56.0,14.0,1.0,24.0,50.0,-82.0,0.4502923976608187,0.40789473684210525,0.8,Minnesota,Timberwolves,Minnesota Timberwolves,2026-04-12 20:30:00,2025-26,12.32139534883721,5.604651162790698,1.1395348837209303,0.8837209302325582,0.32558139534883723,0.023255813953488372,0.5581395348837209,1.1627906976744187,10.628875110717448,0.5971258671952427,162.5,11.041485787625986
1630548.0,Johnny Juzang,21,2025-10-24 22:00:00,2026-02-06 20:00:00,1,83.01,43.0,6.0,5.0,12.0,17.0,38.0,16.0,24.0,6.0,8.0,5.0,2.0,1.0,5.0,3.0,-5.0,0.42105263157894735,0.25,0.625,Minnesota,Timberwolves,Minnesota Timberwolves,2026-02-06 20:00:00,2025-26,3.9528571428571433,2.0476190476190474,0.8095238095238095,0.2857142857142857,0.09523809523809523,0.047619047619047616,0.23809523809523808,0.14285714285714285,10.748065348237317,0.5178227360308285,29.400000000000006,12.75027105168052
1630549.0,Day'Ron Sharpe,63,2025-10-22 19:00:00,2026-04-10 20:00:00,1,1147.58,540.0,145.0,171.0,242.0,413.0,356.0,214.0,39.0,9.0,152.0,103.0,67.0,26.0,106.0,147.0,-114.0,0.601123595505618,0.23076923076923078,0.6776315789473685,Brooklyn,Nets,Brooklyn Nets,2026-04-10 20:00:00,2025-26,18.215555555555554,8.571428571428571,6.555555555555555,2.3015873015873014,1.0634920634920635,0.4126984126984127,1.6825396825396826,2.3333333333333335,20.04235365300257,0.6384790011350738,571.0000000000001,17.912476690078257
1630551.0,Justin Champagnie,69,2025-10-22 20:00:00,2026-04-12 18:00:00,1,1364.08,597.0,84.0,145.0,239.0,384.0,462.0,232.0,166.0,53.0,102.0,80.0,59.0,43.0,45.0,114.0,-294.0,0.5021645021645021,0.3192771084337349,0.7843137254901961,Washington,Wizards,Washington Wizards,2026-04-12 18:00:00,2025-26,19.76927536231884,8.652173913043478,5.565217391304348,1.2173913043478262,0.855072463768116,0.6231884057971014,0.6521739130434783,1.6521739130434783,8.153946510110893,0.5888967803030303,588.0999999999999,15.520790569468065
1630552.0,Jalen Johnson,72,2025-10-22 19:30:00,2026-04-10 19:00:00,1,2516.55,1621.0,566.0,101.0,639.0,740.0,1228.0,600.0,341.0,120.0,382.0,301.0,89.0,31.0,244.0,151.0,187.0,0.48859934853420195,0.3519061583577713,0.7879581151832461,Atlanta,Hawks,Atlanta Hawks,2026-04-10 19:00:00,2025-26,34.952083333333334,22.51388888888889,10.277777777777779,7.861111111111111,1.2361111111111112,0.4305555555555556,3.388888888888889,2.0972222222222223,14.877323057411834,0.5805541229728955,1433.9,20.51236812302557
1630557.0,Corey Kispert,58,2025-10-22 20:00:00,2026-04-12 18:00:00,2,1067.35,532.0,92.0,27.0,105.0,132.0,394.0,184.0,237.0,87.0,97.0,77.0,16.0,9.0,45.0,60.0,-151.0,0.467005076142132,0.3670886075949367,0.7938144329896907,Atlanta,Hawks,Atlanta Hawks,2026-04-12 18:00:00,2025-26,18.40258620689655,9.172413793103448,2.2758620689655173,1.5862068965517242,0.27586206896551724,0.15517241379310345,0.7758620689655172,1.0344827586206897,9.342301943198803,0.6091417055967756,389.90000000000003,13.150700332599431
1630558.0,Davion Mitchell,70,2025-10-22 19:00:00,2026-04-12 18:00:00,1,1987.38,654.0,453.0,32.0,154.0,186.0,533.0,261.0,228.0,90.0,65.0,42.0,68.0,11.0,108.0,181.0,202.0,0.4896810506566604,0.39473684210526316,0.6461538461538462,Miami,Heat,Miami Heat,2026-04-12 18:00:00,2025-26,28.39114285714286,9.342857142857143,2.657142857142857,6.4714285714285715,0.9714285714285714,0.15714285714285714,1.542857142857143,2.585714285714286,16.129032258064516,0.5822649572649572,657.1,11.902907345349153
1630559.0,Austin Reaves,52,2025-10-21 22:00:00,2026-04-05 19:30:00,1,1751.41,1187.0,280.0,33.0,207.0,240.0,762.0,373.0,328.0,118.0,371.0,323.0,56.0,20.0,151.0,110.0,182.0,0.489501312335958,0.3597560975609756,0.8706199460916442,Los Angeles,Lakers,Los Angeles Lakers,2026-04-05 19:30:00,2025-26,33.68096153846154,22.826923076923077,4.615384615384615,5.384615384615385,1.0769230769230769,0.38461538461538464,2.9038461538461537,2.1153846153846154,14.030327807923882,0.6414551900047555,939.8000000000002,19.317464214547137
1630560.0,Cam Thomas,42,2025-10-22 19:00:00,2026-03-21 22:00:00,2,872.33,567.0,108.0,11.0,60.0,71.0,461.0,189.0,168.0,52.0,169.0,137.0,9.0,4.0,74.0,43.0,-213.0,0.40997830802603036,0.30952380952380953,0.8106508875739645,Milwaukee,Bucks,Milwaukee Bucks,2026-03-21 22:00:00,2025-26,20.769761904761907,13.5,1.6904761904761905,2.5714285714285716,0.21428571428571427,0.09523809523809523,1.7619047619047619,1.0238095238095237,12.143888670080084,0.5295502092050209,329.0,13.577430559535955
1630567.0,Scottie Barnes,80,2025-10-22 19:30:00,2026-04-12 18:00:00,1,2664.07,1448.0,474.0,149.0,451.0,600.0,1123.0,569.0,224.0,68.0,297.0,242.0,114.0,116.0,210.0,211.0,266.0,0.5066785396260017,0.30357142857142855,0.8148148148148148,Toronto,Raptors,Toronto Raptors,2026-04-12 18:00:00,2025-26,33.300875000000005,18.1,7.5,5.925,1.425,1.45,2.625,2.6375,14.34739833843463,0.5774998404696573,1339.6999999999998,18.10357835942749
1630568.0,Luka Garza,69,2025-10-22 19:30:00,2026-04-12 18:00:00,1,1105.55,557.0,66.0,156.0,125.0,281.0,357.0,206.0,127.0,55.0,117.0,90.0,27.0,28.0,46.0,161.0,124.0,0.5770308123249299,0.4330708661417323,0.7692307692307693,Boston,Celtics,Boston Celtics,2026-04-12 18:00:00,2025-26,16.02246376811594,8.072463768115941,4.072463768115942,0.9565217391304348,0.391304347826087,0.4057971014492754,0.6666666666666666,2.3333333333333335,10.121457489878543,0.6817959263611437,507.80000000000007,16.535480077789337
1630570.0,Trendon Watford,53,2025-10-28 19:00:00,2026-04-12 18:00:00,1,853.8199999999999,346.0,132.0,38.0,137.0,175.0,268.0,138.0,50.0,10.0,77.0,60.0,16.0,22.0,64.0,107.0,-156.0,0.5149253731343284,0.2,0.7792207792207793,Philadelphia,76ers,Philadelphia 76ers,2026-04-12 18:00:00,2025-26,16.109811320754716,6.528301886792453,3.30188679245283,2.490566037735849,0.3018867924528302,0.41509433962264153,1.2075471698113207,2.018867924528302,17.492073904012244,0.5730753941963694,291.49999999999994,12.29064674053079
1630572.0,Sandro Mamukelashvili,80,2025-10-22 19:30:00,2026-04-12 18:00:00,1,1734.85,893.0,151.0,108.0,287.0,395.0,631.0,330.0,296.0,115.0,158.0,118.0,64.0,41.0,67.0,147.0,184.0,0.5229793977812995,0.3885135135135135,0.7468354430379747,Toronto,Raptors,Toronto Raptors,2026-04-12 18:00:00,2025-26,21.685624999999998,11.1625,4.9375,1.8875,0.8,0.5125,0.8375,1.8375,8.729414217219096,0.6373836578541655,801.6000000000001,16.634060581606484
1630573.0,Sam Hauser,78,2025-10-22 19:30:00,2026-04-10 19:30:00,1,1920.52,719.0,114.0,56.0,244.0,300.0,601.0,252.0,504.0,198.0,20.0,17.0,38.0,23.0,35.0,113.0,369.0,0.4193011647254576,0.39285714285714285,0.85,Boston,Celtics,Boston Celtics,2026-04-10 19:30:00,2025-26,24.62205128205128,9.217948717948717,3.8461538461538463,1.4615384615384615,0.48717948717948717,0.2948717948717949,0.44871794871794873,1.4487179487179487,5.428039702233251,0.5895375532961628,563.9999999999999,10.572136712973569
1630574.0,Ariel Hukporti,54,2025-10-22 19:00:00,2026-04-12 18:00:00,1,487.2,117.0,29.0,56.0,103.0,159.0,80.0,45.0,4.0,1.0,33.0,26.0,9.0,26.0,32.0,67.0,35.0,0.5625,0.25,0.7878787878787878,New York,Knicks,New York Knicks,2026-04-12 18:00:00,2025-26,9.022222222222222,2.1666666666666665,2.9444444444444446,0.5370370370370371,0.16666666666666666,0.48148148148148145,0.5925925925925926,1.2407407407407407,25.29244388239014,0.6189166314007618,135.0,9.975369458128078
1630577.0,Julian Champagnie,82,2025-10-22 21:30:00,2026-04-12 20:30:00,1,2249.18,911.0,127.0,74.0,399.0,473.0,689.0,301.0,512.0,195.0,135.0,114.0,62.0,38.0,69.0,131.0,592.0,0.43686502177068215,0.380859375,0.8444444444444444,San Antonio,Spurs,San Antonio Spurs,2026-04-12 20:30:00,2025-26,27.4290243902439,11.109756097560975,5.7682926829268295,1.548780487804878,0.7560975609756098,0.4634146341463415,0.8414634146341463,1.5975609756097562,8.441399559579153,0.6086317477284875,768.3000000000001,12.297281675988584
1630578.0,Alperen Sengun,72,2025-10-21 19:30:00,2026-04-10 21:30:00,1,2382.63,1466.0,445.0,215.0,425.0,640.0,1123.0,583.0,131.0,40.0,376.0,260.0,85.0,77.0,227.0,238.0,205.0,0.5191451469278717,0.3053435114503817,0.6914893617021277,Houston,Rockets,Houston Rockets,2026-04-10 21:30:00,2025-26,33.092083333333335,20.36111111111111,8.88888888888889,6.180555555555555,1.1805555555555556,1.0694444444444444,3.1527777777777777,3.3055555555555554,14.97914797022647,0.5689050324423334,1272.9000000000003,19.232696641946088
1630579.0,Jericho Sims,67,2025-10-22 20:00:00,2026-04-12 18:00:00,1,1303.51,334.0,104.0,147.0,223.0,370.0,185.0,145.0,0.0,0.0,71.0,44.0,19.0,17.0,75.0,146.0,-272.0,0.7837837837837838,,0.6197183098591549,Milwaukee,Bucks,Milwaukee Bucks,2026-04-12 18:00:00,2025-26,19.455373134328358,4.985074626865671,5.522388059701493,1.5522388059701493,0.2835820895522388,0.2537313432835821,1.1194029850746268,2.1791044776119404,25.751957148743305,0.7722900480947096,391.79999999999995,10.82063045162676
1630581.0,Josh Giddey,54,2025-10-22 20:00:00,2026-04-03 19:30:00,1,1720.02,919.0,494.0,67.0,381.0,448.0,717.0,321.0,283.0,103.0,228.0,174.0,55.0,27.0,196.0,90.0,-187.0,0.4476987447698745,0.36395759717314485,0.7631578947368421,Chicago,Bulls,Chicago Bulls,2026-04-03 19:30:00,2025-26,31.85222222222222,17.01851851851852,8.296296296296296,9.148148148148149,1.0185185185185186,0.5,3.6296296296296298,1.6666666666666667,19.342359767891683,0.5622032985856212,872.8000000000002,18.267694561691147
1630583.0,Santi Aldama,43,2025-10-22 20:00:00,2026-02-04 22:00:00,1,1190.06,602.0,126.0,67.0,220.0,287.0,476.0,228.0,200.0,70.0,114.0,76.0,37.0,31.0,55.0,69.0,-48.0,0.4789915966386555,0.35,0.6666666666666666,Memphis,Grizzlies,Memphis Grizzlies,2026-02-04 22:00:00,2025-26,27.675813953488372,14.0,6.674418604651163,2.9302325581395348,0.8604651162790697,0.7209302325581395,1.2790697674418605,1.6046511627906976,9.463830958772112,0.5720693325224266,522.0000000000001,15.790800463842164
1630587.0,Isaiah Livers,36,2025-10-25 21:00:00,2026-03-22 21:00:00,1,340.44,65.0,21.0,19.0,42.0,61.0,64.0,22.0,40.0,12.0,12.0,9.0,13.0,8.0,12.0,28.0,11.0,0.34375,0.3,0.75,Phoenix,Suns,Phoenix Suns,2026-03-22 21:00:00,2025-26,9.456666666666667,1.8055555555555556,1.6944444444444444,0.5833333333333334,0.3611111111111111,0.2222222222222222,0.3333333333333333,0.7777777777777778,14.763779527559056,0.4691108545034642,63.8,6.746563271060979
1630590.0,Scotty Pippen Jr.,10,2026-02-06 22:00:00,2026-03-07 20:00:00,1,209.92000000000002,114.0,47.0,8.0,14.0,22.0,96.0,43.0,32.0,10.0,23.0,18.0,19.0,4.0,27.0,31.0,-50.0,0.4479166666666667,0.3125,0.782608695652174,Memphis,Grizzlies,Memphis Grizzlies,2026-03-07 20:00:00,2025-26,20.992,11.4,2.2,4.7,1.9,0.4,2.7,3.1,20.282451923076923,0.5371277798718431,87.09999999999998,14.937118902439021
1630591.0,Jalen Suggs,57,2025-10-22 19:00:00,2026-04-12 18:00:00,1,1562.15,786.0,312.0,36.0,184.0,220.0,649.0,282.0,360.0,122.0,117.0,100.0,105.0,40.0,152.0,145.0,181.0,0.4345146379044684,0.3388888888888889,0.8547008547008547,Orlando,Magic,Orlando Magic,2026-04-12 18:00:00,2025-26,27.406140350877195,13.789473684210526,3.8596491228070176,5.473684210526316,1.8421052631578947,0.7017543859649122,2.6666666666666665,2.543859649122807,17.83033033033033,0.5610438556418456,659.5,15.198284415709118
1630592.0,Jalen Wilson,54,2025-10-22 19:00:00,2026-04-12 18:00:00,1,848.34,343.0,50.0,17.0,97.0,114.0,278.0,110.0,152.0,54.0,96.0,69.0,22.0,2.0,38.0,85.0,-193.0,0.39568345323741005,0.35526315789473684,0.71875,Brooklyn,Nets,Brooklyn Nets,2026-04-12 18:00:00,2025-26,15.71,6.351851851851852,2.111111111111111,0.9259259259259259,0.4074074074074074,0.037037037037037035,0.7037037037037037,1.5740740740740742,10.60741402411791,0.5355358481139145,209.0,8.869085508168894
1630595.0,Cade Cunningham,64,2025-10-22 20:00:00,2026-04-12 18:00:00,1,2159.01,1531.0,634.0,56.0,299.0,355.0,1189.0,548.0,366.0,125.0,382.0,310.0,92.0,54.0,236.0,196.0,518.0,0.4608915054667788,0.34153005464480873,0.8115183246073299,Detroit,Pistons,Detroit Pistons,2026-04-12 18:00:00,2025-26,33.73453125,23.921875,5.546875,9.90625,1.4375,0.84375,3.6875,3.0625,14.814070856454165,0.5640787573319186,1277.2,21.296427529284255
1630596.0,Evan Mobley,65,2025-10-22 19:00:00,2026-04-10 19:00:00,1,2062.21,1180.0,234.0,156.0,430.0,586.0,859.0,469.0,209.0,62.0,297.0,180.0,48.0,113.0,122.0,159.0,224.0,0.5459837019790454,0.2966507177033493,0.6060606060606061,Cleveland,Cavaliers,Cleveland Cavaliers,2026-04-10 19:00:00,2025-26,31.726307692307692,18.153846153846153,9.015384615384615,3.6,0.7384615384615385,1.7384615384615385,1.876923076923077,2.4461538461538463,10.974381116868162,0.5961522916498262,1063.0,18.556791015463993
1630598.0,Aaron Wiggins,65,2025-10-21 19:30:00,2026-04-12 20:30:00,1,1400.4,611.0,109.0,41.0,158.0,199.0,536.0,231.0,270.0,96.0,72.0,53.0,60.0,28.0,81.0,83.0,178.0,0.43097014925373134,0.35555555555555557,0.7361111111111112,Oklahoma City,Thunder,Oklahoma City Thunder,2026-04-12 20:30:00,2025-26,21.544615384615387,9.4,3.0615384615384613,1.676923076923077,0.9230769230769231,0.4307692307692308,1.2461538461538462,1.2769230769230768,12.486896466670778,0.5381552987598648,438.39999999999986,11.269922879177374
1630604.0,E.J. Liddell,26,2025-10-27 20:00:00,2026-04-12 18:00:00,1,344.31,147.0,24.0,14.0,55.0,69.0,111.0,54.0,52.0,18.0,26.0,21.0,6.0,10.0,15.0,45.0,-47.0,0.4864864864864865,0.34615384615384615,0.8076923076923077,Brooklyn,Nets,Brooklyn Nets,2026-04-12 18:00:00,2025-26,13.242692307692307,5.653846153846154,2.6538461538461537,0.9230769230769231,0.23076923076923078,0.38461538461538464,0.5769230769230769,1.7307692307692308,10.913853317811409,0.6002940215615812,112.0,11.710377276291714
1630610.0,DeJon Jarreau,11,2026-03-13 19:30:00,2026-04-01 20:00:00,1,228.84,88.0,36.0,12.0,39.0,51.0,83.0,33.0,30.0,4.0,23.0,18.0,10.0,8.0,26.0,28.0,-112.0,0.39759036144578314,0.13333333333333333,0.782608695652174,Memphis,Grizzlies,Memphis Grizzlies,2026-04-01 20:00:00,2025-26,20.803636363636365,8.0,4.636363636363637,3.272727272727273,0.9090909090909091,0.7272727272727273,2.3636363636363638,2.5454545454545454,21.82672934855608,0.4725085910652921,64.8,10.194022024121656
1630611.0,Gui Santos,68,2025-10-21 22:00:00,2026-04-12 20:30:00,1,1380.84,625.0,159.0,75.0,191.0,266.0,460.0,230.0,222.0,78.0,120.0,87.0,61.0,22.0,102.0,142.0,35.0,0.5,0.35135135135135137,0.725,Golden State,Warriors,Golden State Warriors,2026-04-12 20:30:00,2025-26,20.306470588235292,9.191176470588236,3.911764705882353,2.338235294117647,0.8970588235294118,0.3235294117647059,1.5,2.088235294117647,16.590761223162005,0.609399375975039,520.5,13.570000869036239
1630619.0,Moussa Cisse,39,2025-10-22 21:30:00,2026-04-12 20:30:00,1,522.15,170.0,9.0,89.0,127.0,216.0,115.0,66.0,0.0,0.0,81.0,38.0,19.0,45.0,30.0,73.0,-3.0,0.5739130434782609,,0.4691358024691358,Dallas,Mavericks,Dallas Mavericks,2026-04-12 20:30:00,2025-26,13.388461538461538,4.358974358974359,5.538461538461538,0.23076923076923078,0.48717948717948717,1.1538461538461537,0.7692307692307693,1.8717948717948718,16.607617360496015,0.5642591609134361,196.7,13.561620224073542
1630621.0,Hunter Dickinson,5,2025-10-22 20:00:00,2026-04-12 20:30:00,1,41.48,12.0,2.0,2.0,3.0,5.0,14.0,5.0,4.0,0.0,2.0,2.0,1.0,2.0,3.0,6.0,-37.0,0.35714285714285715,0.0,1.0,New Orleans,Pelicans,New Orleans Pelicans,2026-04-12 20:30:00,2025-26,8.296,2.4,1.0,0.4,0.2,0.4,0.6,1.2,16.778523489932883,0.4032258064516129,4.900000000000002,4.252651880424303
1630623.0,Tyson Etienne,24,2025-10-27 20:00:00,2026-04-12 18:00:00,1,375.61,189.0,40.0,5.0,22.0,27.0,145.0,58.0,108.0,43.0,36.0,30.0,11.0,0.0,16.0,47.0,-104.0,0.4,0.39814814814814814,0.8333333333333334,Brooklyn,Nets,Brooklyn Nets,2026-04-12 18:00:00,2025-26,15.650416666666667,7.875,1.125,1.6666666666666667,0.4583333333333333,0.0,0.6666666666666666,1.9583333333333333,9.047726758651889,0.5875404128326287,122.59999999999997,11.750485876307868
1630625.0,Dalano Banton,6,2026-02-08 15:00:00,2026-04-12 18:00:00,2,60.19,12.0,11.0,2.0,3.0,5.0,12.0,4.0,1.0,0.0,4.0,4.0,2.0,5.0,8.0,3.0,-9.0,0.3333333333333333,0.0,1.0,Boston,Celtics,Boston Celtics,2026-04-12 18:00:00,2025-26,10.031666666666666,2.0,0.8333333333333334,1.8333333333333333,0.3333333333333333,0.8333333333333334,1.3333333333333333,0.5,36.76470588235294,0.436046511627907,11.500000000000004,6.878218973251373
1630631.0,Jose Alvarado,69,2025-10-24 20:00:00,2026-04-12 18:00:00,2,1356.55,510.0,234.0,26.0,145.0,171.0,449.0,187.0,287.0,101.0,46.0,35.0,66.0,8.0,77.0,129.0,24.0,0.41648106904231624,0.3519163763066202,0.7608695652173914,New York,Knicks,New York Knicks,2026-04-12 18:00:00,2025-26,19.66014492753623,7.391304347826087,2.4782608695652173,3.391304347826087,0.9565217391304348,0.11594202898550725,1.1159420289855073,1.8695652173913044,14.096367896895137,0.5434319324865741,434.6,11.533375105967345
1630639.0,A.J. Lawson,24,2025-12-07 15:30:00,2026-04-12 18:00:00,1,220.87,101.0,7.0,9.0,34.0,43.0,78.0,34.0,45.0,19.0,18.0,14.0,12.0,4.0,6.0,27.0,-9.0,0.4358974358974359,0.4222222222222222,0.7777777777777778,Toronto,Raptors,Toronto Raptors,2026-04-12 18:00:00,2025-26,9.202916666666667,4.208333333333333,1.7916666666666667,0.2916666666666667,0.5,0.16666666666666666,0.25,1.125,6.527415143603133,0.587756052141527,77.80000000000001,12.680762439444017
1630643.0,Jay Huff,82,2025-10-23 19:30:00,2026-04-12 18:00:00,1,1701.94,783.0,121.0,73.0,251.0,324.0,611.0,291.0,373.0,119.0,99.0,82.0,41.0,153.0,76.0,196.0,-252.0,0.4762684124386252,0.3190348525469169,0.8282828282828283,Indiana,Pacers,Indiana Pacers,2026-04-12 18:00:00,2025-26,20.75536585365854,9.548780487804878,3.951219512195122,1.475609756097561,0.5,1.8658536585365855,0.926829268292683,2.3902439024390243,10.402978537012704,0.5981117086286972,669.7,14.165716770273923
1630644.0,Mac McClung,11,2025-10-29 20:30:00,2026-04-12 20:30:00,2,133.5,67.0,10.0,2.0,8.0,10.0,59.0,23.0,30.0,7.0,18.0,14.0,11.0,3.0,9.0,19.0,-26.0,0.3898305084745763,0.23333333333333334,0.7777777777777778,Chicago,Bulls,Chicago Bulls,2026-04-12 20:30:00,2025-26,12.136363636363637,6.090909090909091,0.9090909090909091,0.9090909090909091,1.0,0.2727272727272727,0.8181818181818182,1.7272727272727273,11.854583772391992,0.5005977286312014,40.6,10.948314606741574
1630649.0,Stanley Umude,2,2026-02-01 21:00:00,2026-02-21 20:00:00,1,6.34,2.0,1.0,0.0,0.0,0.0,2.0,1.0,1.0,0.0,0.0,0.0,1.0,0.0,0.0,2.0,-17.0,0.5,0.0,,San Antonio,Spurs,San Antonio Spurs,2026-02-21 20:00:00,2025-26,3.17,1.0,0.0,0.5,0.5,0.0,0.0,1.0,0.0,0.5,1.9000000000000001,10.788643533123029
1630658.0,Colin Castleton,5,2026-02-01 21:00:00,2026-04-10 20:00:00,1,20.83,5.0,1.0,2.0,6.0,8.0,5.0,2.0,0.0,0.0,1.0,1.0,1.0,0.0,2.0,2.0,6.0,0.4,,1.0,Orlando,Magic,Orlando Magic,2026-04-10 20:00:00,2025-26,4.1659999999999995,1.0,1.6,0.2,0.2,0.0,0.4,0.4,26.881720430107524,0.45955882352941174,4.4,7.604416706673069
1630679.0,Ethan Thompson,33,2025-12-01 19:00:00,2026-04-12 18:00:00,1,646.33,223.0,57.0,17.0,52.0,69.0,196.0,74.0,116.0,38.0,47.0,37.0,20.0,9.0,25.0,69.0,1.0,0.37755102040816324,0.3275862068965517,0.7872340425531915,Indiana,Pacers,Indiana Pacers,2026-04-12 18:00:00,2025-26,19.585757575757576,6.757575757575758,2.090909090909091,1.7272727272727273,0.6060606060606061,0.2727272727272727,0.7575757575757576,2.090909090909091,10.34425686858656,0.5145837179250508,152.50000000000003,8.494112914455465
1630692.0,Jordan Goodwin,70,2025-10-24 22:30:00,2026-04-08 22:00:00,1,1558.26,609.0,151.0,138.0,203.0,341.0,555.0,229.0,302.0,112.0,56.0,39.0,106.0,14.0,68.0,133.0,93.0,0.4126126126126126,0.3708609271523179,0.6964285714285714,Phoenix,Suns,Phoenix Suns,2026-04-08 22:00:00,2025-26,22.260857142857144,8.7,4.871428571428571,2.157142857142857,1.5142857142857142,0.2,0.9714285714285714,1.9,10.499660305107776,0.5253260644537989,563.0999999999999,13.009125563128103
1630695.0,Micah Potter,47,2025-12-26 19:00:00,2026-04-12 18:00:00,1,898.19,458.0,69.0,58.0,175.0,233.0,293.0,151.0,168.0,71.0,101.0,85.0,22.0,15.0,47.0,82.0,-120.0,0.515358361774744,0.4226190476190476,0.8415841584158416,Indiana,Pacers,Indiana Pacers,2026-04-12 18:00:00,2025-26,19.110425531914895,9.74468085106383,4.957446808510638,1.4680851063829787,0.46808510638297873,0.3191489361702128,1.0,1.7446808510638299,12.225574862137135,0.6786391654812708,401.0,16.072323227824846
1630696.0,Dru Smith,70,2025-10-22 19:00:00,2026-04-04 15:00:00,1,1128.0,395.0,180.0,62.0,111.0,173.0,325.0,135.0,129.0,38.0,105.0,87.0,100.0,21.0,55.0,109.0,-83.0,0.4153846153846154,0.29457364341085274,0.8285714285714286,Miami,Heat,Miami Heat,2026-04-04 15:00:00,2025-26,16.114285714285714,5.642857142857143,2.4714285714285715,2.5714285714285716,1.4285714285714286,0.3,0.7857142857142857,1.5571428571428572,12.904739558892539,0.5320581896551724,433.1,13.822340425531916
1630699.0,MarJon Beauchamp,14,2026-02-09 22:00:00,2026-04-12 18:00:00,1,193.67,95.0,15.0,7.0,25.0,32.0,76.0,33.0,47.0,16.0,19.0,13.0,9.0,4.0,13.0,13.0,-26.0,0.4342105263157895,0.3404255319148936,0.6842105263157895,Philadelphia,76ers,Philadelphia 76ers,2026-04-12 18:00:00,2025-26,13.833571428571428,6.785714285714286,2.2857142857142856,1.0714285714285714,0.6428571428571429,0.2857142857142857,0.9285714285714286,0.9285714285714286,13.352506162695152,0.5630630630630631,69.1,12.844529354055869
1630700.0,Dyson Daniels,76,2025-10-22 19:30:00,2026-04-10 19:00:00,1,2505.34,901.0,449.0,184.0,336.0,520.0,777.0,402.0,117.0,22.0,122.0,75.0,149.0,31.0,135.0,166.0,306.0,0.5173745173745173,0.18803418803418803,0.6147540983606558,Atlanta,Hawks,Atlanta Hawks,2026-04-10 19:00:00,2025-26,32.965,11.855263157894736,6.842105263157895,5.907894736842105,1.9605263157894737,0.40789473684210525,1.7763157894736843,2.1842105263157894,13.979786264601112,0.5423267684306833,1012.3,14.546049637973287
1630702.0,Jaden Hardy,57,2025-10-22 21:30:00,2026-04-12 18:00:00,2,887.66,523.0,58.0,15.0,71.0,86.0,429.0,182.0,262.0,104.0,75.0,55.0,16.0,6.0,62.0,89.0,-84.0,0.42424242424242425,0.3969465648854962,0.7333333333333333,Washington,Wizards,Washington Wizards,2026-04-12 18:00:00,2025-26,15.57298245614035,9.175438596491228,1.5087719298245614,1.0175438596491229,0.2807017543859649,0.10526315789473684,1.087719298245614,1.5614035087719298,11.83206106870229,0.566017316017316,282.49999999999994,11.457089426131626
1630703.0,Scoot Henderson,30,2026-02-06 22:00:00,2026-04-12 20:30:00,1,742.3,427.0,112.0,18.0,62.0,80.0,342.0,143.0,162.0,57.0,100.0,84.0,27.0,9.0,73.0,85.0,53.0,0.41812865497076024,0.35185185185185186,0.84,Portland,Trail Blazers,Portland Trail Blazers,2026-04-12 20:30:00,2025-26,24.743333333333332,14.233333333333333,2.6666666666666665,3.7333333333333334,0.9,0.3,2.433333333333333,2.8333333333333335,15.904139433551197,0.5531088082901554,274.3,13.302977232924697
1630811.0,Keaton Wallace,53,2025-10-22 19:30:00,2026-04-12 18:00:00,1,526.8,186.0,94.0,3.0,53.0,56.0,171.0,68.0,102.0,38.0,18.0,12.0,24.0,5.0,28.0,48.0,-101.0,0.39766081871345027,0.37254901960784315,0.6666666666666666,Atlanta,Hawks,Atlanta Hawks,2026-04-12 18:00:00,2025-26,9.939622641509434,3.509433962264151,1.0566037735849056,1.7735849056603774,0.4528301886792453,0.09433962264150944,0.5283018867924528,0.9056603773584906,13.531799729364007,0.5197853789403085,155.2,10.605922551252847
1630828.0,Alex Antetokounmpo,6,2026-03-31 20:00:00,2026-04-12 18:00:00,1,19.58,19.0,1.0,2.0,4.0,6.0,8.0,3.0,7.0,2.0,15.0,11.0,0.0,1.0,1.0,1.0,5.0,0.375,0.2857142857142857,0.7333333333333333,Milwaukee,Bucks,Milwaukee Bucks,2026-04-12 18:00:00,2025-26,3.263333333333333,3.1666666666666665,1.0,0.16666666666666666,0.0,0.16666666666666666,0.16666666666666666,0.16666666666666666,6.410256410256411,0.6506849315068494,15.600000000000001,28.68232890704801
1630846.0,Olivier Sarr,4,2026-03-27 19:30:00,2026-04-12 18:00:00,1,38.81,14.0,5.0,2.0,9.0,11.0,7.0,5.0,3.0,2.0,5.0,2.0,2.0,3.0,2.0,9.0,26.0,0.7142857142857143,0.6666666666666666,0.4,Cleveland,Cavaliers,Cleveland Cavaliers,2026-04-12 18:00:00,2025-26,9.7025,3.5,2.75,1.25,0.5,0.75,0.5,2.25,17.857142857142858,0.7608695652173914,16.0,14.84153568667869
1631093.0,Jaden Ivey,37,2025-11-22 20:00:00,2026-02-11 19:30:00,2,662.94,316.0,68.0,24.0,67.0,91.0,256.0,114.0,134.0,50.0,47.0,38.0,23.0,14.0,41.0,53.0,26.0,0.4453125,0.373134328358209,0.8085106382978723,Chicago,Bulls,Chicago Bulls,2026-02-11 19:30:00,2025-26,17.9172972972973,8.54054054054054,2.4594594594594597,1.837837837837838,0.6216216216216216,0.3783783783783784,1.1081081081081081,1.4324324324324325,12.906069000251826,0.571056816538962,233.90000000000003,12.70160195492805
1631094.0,Paolo Banchero,72,2025-10-22 19:00:00,2026-04-12 18:00:00,1,2488.61,1599.0,373.0,85.0,519.0,604.0,1152.0,529.0,275.0,84.0,590.0,457.0,51.0,40.0,222.0,144.0,-3.0,0.4592013888888889,0.3054545454545455,0.7745762711864407,Orlando,Magic,Orlando Magic,2026-04-12 18:00:00,2025-26,34.56402777777778,22.208333333333332,8.38888888888889,5.180555555555555,0.7083333333333334,0.5555555555555556,3.0833333333333335,2.0,13.589618021547503,0.5663785775007084,1226.6999999999998,17.745327713060703
1631095.0,Jabari Smith Jr.,77,2025-10-21 19:30:00,2026-04-10 21:30:00,1,2690.82,1215.0,143.0,108.0,421.0,529.0,974.0,438.0,488.0,177.0,209.0,162.0,56.0,71.0,105.0,192.0,265.0,0.44969199178644764,0.36270491803278687,0.7751196172248804,Houston,Rockets,Houston Rockets,2026-04-10 21:30:00,2025-26,34.94571428571429,15.779220779220779,6.87012987012987,1.8571428571428572,0.7272727272727273,0.922077922077922,1.3636363636363635,2.4935064935064934,8.96700143472023,0.5699088145896656,915.5000000000002,12.248310923807615
1631096.0,Chet Holmgren,69,2025-10-21 19:30:00,2026-04-08 22:00:00,1,1984.36,1181.0,115.0,130.0,485.0,615.0,779.0,434.0,243.0,88.0,284.0,225.0,43.0,131.0,107.0,158.0,678.0,0.5571245186136072,0.36213991769547327,0.7922535211267606,Oklahoma City,Thunder,Oklahoma City Thunder,2026-04-08 22:00:00,2025-26,28.758840579710142,17.115942028985508,8.91304347826087,1.6666666666666667,0.6231884057971014,1.8985507246376812,1.5507246376811594,2.289855072463768,10.583999366938356,0.6532368688880039,1067.1999999999998,19.361003043802537
1631097.0,Bennedict Mathurin,54,2025-10-23 19:30:00,2026-04-12 20:30:00,2,1610.0,949.0,129.0,55.0,238.0,293.0,677.0,291.0,238.0,75.0,336.0,292.0,43.0,13.0,118.0,137.0,-146.0,0.4298375184638109,0.31512605042016806,0.8690476190476191,LA,Clippers,LA Clippers,2026-04-12 20:30:00,2025-26,29.814814814814813,17.574074074074073,5.425925925925926,2.388888888888889,0.7962962962962963,0.24074074074074073,2.185185185185185,2.537037037037037,12.515379067498197,0.575263081324863,653.4000000000001,14.610186335403728
1631099.0,Keegan Murray,23,2025-11-20 20:00:00,2026-02-25 20:00:00,1,787.85,321.0,38.0,33.0,99.0,132.0,300.0,126.0,112.0,31.0,49.0,38.0,24.0,36.0,27.0,42.0,-164.0,0.42,0.2767857142857143,0.7755102040816326,Sacramento,Kings,Sacramento Kings,2026-02-25 20:00:00,2025-26,34.254347826086956,13.956521739130435,5.739130434782608,1.6521739130434783,1.0434782608695652,1.565217391304348,1.173913043478261,1.826086956521739,7.746155611659399,0.49912924493096156,241.79999999999995,11.048803706289267
1631101.0,Shaedon Sharpe,50,2025-10-22 22:00:00,2026-04-12 20:30:00,1,1461.19,1042.0,132.0,51.0,166.0,217.0,868.0,392.0,306.0,103.0,197.0,155.0,70.0,6.0,147.0,98.0,-50.0,0.45161290322580644,0.3366013071895425,0.7868020304568528,Portland,Trail Blazers,Portland Trail Blazers,2026-04-12 20:30:00,2025-26,29.2238,20.84,4.34,2.64,1.4,0.12,2.94,1.96,13.343257570256336,0.545732601499979,640.3000000000001,15.775361178217755
1631102.0,TyTy Washington Jr.,16,2026-01-16 19:30:00,2026-04-10 22:00:00,1,84.88,21.0,17.0,1.0,5.0,6.0,19.0,9.0,8.0,3.0,0.0,0.0,6.0,3.0,3.0,7.0,-39.0,0.47368421052631576,0.375,,LA,Clippers,LA Clippers,2026-04-10 22:00:00,2025-26,5.305,1.3125,0.375,1.0625,0.375,0.1875,0.1875,0.4375,13.636363636363637,0.5526315789473685,27.7,11.748350612629595
1631103.0,Malaki Branham,28,2025-11-03 19:30:00,2026-01-30 19:00:00,1,270.5,128.0,23.0,12.0,32.0,44.0,91.0,43.0,37.0,14.0,34.0,28.0,10.0,3.0,15.0,21.0,-42.0,0.4725274725274725,0.3783783783783784,0.8235294117647058,Washington,Wizards,Washington Wizards,2026-01-30 19:00:00,2025-26,9.660714285714286,4.571428571428571,1.5714285714285714,0.8214285714285714,0.35714285714285715,0.10714285714285714,0.5357142857142857,0.75,12.40079365079365,0.604001510003775,101.89999999999998,13.561552680221808
1631104.0,Blake Wesley,31,2025-10-22 22:00:00,2026-04-12 20:30:00,1,354.11,148.0,62.0,8.0,31.0,39.0,124.0,56.0,36.0,10.0,47.0,26.0,16.0,5.0,31.0,34.0,-78.0,0.45161290322580644,0.2777777777777778,0.5531914893617021,Portland,Trail Blazers,Portland Trail Blazers,2026-04-12 20:30:00,2025-26,11.422903225806452,4.774193548387097,1.2580645161290323,2.0,0.5161290322580645,0.16129032258064516,1.0,1.096774193548387,17.645719489981783,0.5114735969035111,108.4,11.020304425178617
1631105.0,Jalen Duren,70,2025-10-22 20:00:00,2026-04-10 19:00:00,1,1961.91,1365.0,138.0,265.0,472.0,737.0,803.0,522.0,0.0,0.0,430.0,321.0,57.0,59.0,130.0,195.0,480.0,0.6500622665006227,,0.7465116279069768,Detroit,Pistons,Detroit Pistons,2026-04-10 19:00:00,2025-26,28.027285714285714,19.5,10.528571428571428,1.9714285714285715,0.8142857142857143,0.8428571428571429,1.8571428571428572,2.7857142857142856,11.584387809659598,0.6878653497278774,1282.0999999999997,23.52584980962429
1631106.0,Tari Eason,60,2025-10-21 19:30:00,2026-04-12 20:30:00,1,1536.69,627.0,90.0,124.0,252.0,376.0,580.0,241.0,260.0,93.0,67.0,52.0,72.0,28.0,81.0,138.0,167.0,0.41551724137931034,0.3576923076923077,0.7761194029850746,Houston,Rockets,Houston Rockets,2026-04-12 20:30:00,2025-26,25.6115,10.45,6.266666666666667,1.5,1.2,0.4666666666666667,1.35,2.3,11.73096976016684,0.5143729080527663,492.19999999999993,11.530757667454072
1631107.0,Nikola Jovic,47,2025-10-22 19:00:00,2026-04-04 15:00:00,1,798.41,344.0,102.0,25.0,128.0,153.0,314.0,115.0,167.0,45.0,101.0,69.0,26.0,17.0,65.0,65.0,-3.0,0.3662420382165605,0.2694610778443114,0.6831683168316832,Miami,Heat,Miami Heat,2026-04-04 15:00:00,2025-26,16.987446808510636,7.319148936170213,3.25531914893617,2.1702127659574466,0.5531914893617021,0.3617021276595745,1.3829787234042554,1.3829787234042554,15.350462875495937,0.4798571587992412,231.59999999999997,10.442754975513832
1631108.0,Max Christie,77,2025-10-22 21:30:00,2026-04-12 20:30:00,1,2229.12,945.0,151.0,15.0,234.0,249.0,725.0,320.0,446.0,180.0,139.0,125.0,47.0,27.0,96.0,98.0,-339.0,0.4413793103448276,0.40358744394618834,0.8992805755395683,Dallas,Mavericks,Dallas Mavericks,2026-04-12 20:30:00,2025-26,28.94961038961039,12.272727272727273,3.2337662337662336,1.9610389610389611,0.6103896103896104,0.35064935064935066,1.2467532467532467,1.2727272727272727,10.882379613675525,0.6010226925816627,676.9999999999999,10.93346253229974
1631109.0,Mark Williams,60,2025-10-22 22:00:00,2026-04-10 22:30:00,1,1404.44,700.0,58.0,185.0,292.0,477.0,438.0,282.0,1.0,1.0,175.0,135.0,55.0,55.0,65.0,132.0,-42.0,0.6438356164383562,1.0,0.7714285714285715,Phoenix,Suns,Phoenix Suns,2026-04-10 22:30:00,2025-26,23.407333333333334,11.666666666666666,7.95,0.9666666666666667,0.9166666666666666,0.9166666666666666,1.0833333333333333,2.2,11.206896551724139,0.6796116504854369,723.6000000000001,18.54803337985247
1631110.0,Jeremy Sochan,45,2025-11-05 22:00:00,2026-04-12 18:00:00,2,459.14,158.0,40.0,37.0,70.0,107.0,129.0,64.0,45.0,11.0,26.0,19.0,17.0,7.0,21.0,62.0,-58.0,0.49612403100775193,0.24444444444444444,0.7307692307692307,New York,Knicks,New York Knicks,2026-04-12 18:00:00,2025-26,10.203111111111111,3.511111111111111,2.3777777777777778,0.8888888888888888,0.37777777777777777,0.15555555555555556,0.4666666666666667,1.3777777777777778,13.00792864222002,0.5625178011962404,141.5,11.094655224985843
1631111.0,Wendell Moore Jr.,6,2025-11-12 19:00:00,2026-04-08 19:00:00,1,58.53,10.0,4.0,1.0,5.0,6.0,7.0,4.0,1.0,0.0,2.0,2.0,2.0,2.0,1.0,3.0,42.0,0.5714285714285714,0.0,1.0,Detroit,Pistons,Detroit Pistons,2026-04-08 19:00:00,2025-26,9.755,1.6666666666666667,1.0,0.6666666666666666,0.3333333333333333,0.3333333333333333,0.16666666666666666,0.5,11.261261261261263,0.6345177664974619,12.899999999999999,7.934392619169656
1631113.0,Kennedy Chandler,11,2026-03-21 21:30:00,2026-04-10 21:30:00,1,352.74,165.0,74.0,6.0,31.0,37.0,137.0,61.0,38.0,15.0,43.0,28.0,11.0,2.0,23.0,23.0,-69.0,0.44525547445255476,0.39473684210526316,0.6511627906976745,Utah,Jazz,Utah Jazz,2026-04-10 21:30:00,2025-26,32.06727272727273,15.0,3.3636363636363638,6.7272727272727275,1.0,0.18181818181818182,2.090909090909091,2.090909090909091,12.854907221104403,0.5291174961518726,133.00000000000003,13.573737030107162
1631114.0,Jalen Williams,34,2025-11-28 21:30:00,2026-04-08 22:00:00,1,929.99,563.0,181.0,27.0,125.0,152.0,446.0,216.0,77.0,23.0,129.0,108.0,39.0,9.0,63.0,65.0,229.0,0.484304932735426,0.2987012987012987,0.8372093023255814,Oklahoma City,Thunder,Oklahoma City Thunder,2026-04-08 22:00:00,2025-26,27.35264705882353,16.558823529411764,4.470588235294118,5.323529411764706,1.1470588235294117,0.2647058823529412,1.8529411764705883,1.911764705882353,11.135463800904978,0.5599093006603548,468.19999999999993,18.124065850170428
1631115.0,Orlando Robinson,5,2025-10-30 19:00:00,2026-02-01 21:00:00,1,24.09,7.0,3.0,2.0,2.0,4.0,5.0,3.0,2.0,1.0,0.0,0.0,1.0,0.0,0.0,3.0,-11.0,0.6,0.5,,Orlando,Magic,Orlando Magic,2026-02-01 21:00:00,2025-26,4.818,1.4,0.8,0.6,0.2,0.0,0.0,0.6,0.0,0.7,8.599999999999998,12.851805728518054
1631116.0,Patrick Baldwin Jr.,9,2026-01-20 20:00:00,2026-03-24 19:00:00,3,100.68,33.0,5.0,12.0,11.0,23.0,27.0,11.0,14.0,6.0,7.0,5.0,3.0,5.0,5.0,15.0,-39.0,0.4074074074074074,0.42857142857142855,0.7142857142857143,Sacramento,Kings,Sacramento Kings,2026-03-24 19:00:00,2025-26,11.186666666666667,3.6666666666666665,2.5555555555555554,0.5555555555555556,0.3333333333333333,0.5555555555555556,0.5555555555555556,1.6666666666666667,14.253135689851769,0.5485372340425532,28.4,10.154946364719903
1631117.0,Walker Kessler,6,2025-10-22 21:00:00,2026-03-21 21:30:00,1,152.79,72.0,15.0,23.0,31.0,54.0,37.0,26.0,8.0,6.0,20.0,14.0,7.0,9.0,16.0,22.0,14.0,0.7027027027027027,0.75,0.7,Utah,Jazz,Utah Jazz,2026-03-21 21:30:00,2025-26,25.465,12.0,9.0,2.5,1.1666666666666667,1.5,2.6666666666666665,3.6666666666666665,25.889967637540455,0.7860262008733625,78.5,18.49597486746515
1631119.0,Jaylin Williams,65,2025-10-21 19:30:00,2026-04-08 22:00:00,1,1263.63,469.0,158.0,32.0,326.0,358.0,352.0,149.0,256.0,98.0,92.0,73.0,31.0,42.0,67.0,127.0,304.0,0.42329545454545453,0.3828125,0.7934782608695652,Oklahoma City,Thunder,Oklahoma City Thunder,2026-04-08 22:00:00,2025-26,19.44046153846154,7.2153846153846155,5.507692307692308,2.4307692307692306,0.47692307692307695,0.6461538461538462,1.0307692307692307,1.9538461538461538,14.581701053364673,0.5974826742763962,448.0,12.763229742883595
1631120.0,JD Davison,28,2025-10-27 20:00:00,2026-04-12 20:30:00,1,212.25,69.0,35.0,3.0,31.0,34.0,64.0,24.0,32.0,8.0,19.0,13.0,6.0,6.0,7.0,17.0,16.0,0.375,0.25,0.6842105263157895,Houston,Rockets,Houston Rockets,2026-04-12 20:30:00,2025-26,7.580357142857143,2.4642857142857144,1.2142857142857142,1.25,0.21428571428571427,0.21428571428571427,0.25,0.6071428571428571,8.820564516129032,0.4767827529021559,63.7,10.804240282685514
1631121.0,Bryce McGowens,42,2025-10-27 20:00:00,2026-03-08 19:00:00,1,871.96,340.0,62.0,12.0,76.0,88.0,237.0,114.0,93.0,38.0,95.0,74.0,27.0,8.0,17.0,88.0,-70.0,0.4810126582278481,0.40860215053763443,0.7789473684210526,New Orleans,Pelicans,New Orleans Pelicans,2026-03-08 19:00:00,2025-26,20.760952380952382,8.095238095238095,2.0952380952380953,1.4761904761904763,0.6428571428571429,0.19047619047619047,0.40476190476190477,2.0952380952380953,5.747126436781609,0.6097560975609756,266.30000000000007,10.994541033992387
1631123.0,Jamaree Bouyea,46,2025-11-18 23:00:00,2026-04-12 20:30:00,1,636.45,263.0,82.0,18.0,64.0,82.0,236.0,108.0,78.0,23.0,35.0,24.0,29.0,16.0,30.0,38.0,25.0,0.4576271186440678,0.2948717948717949,0.6857142857142857,Phoenix,Suns,Phoenix Suns,2026-04-12 20:30:00,2025-26,13.835869565217392,5.717391304347826,1.7826086956521738,1.7826086956521738,0.6304347826086957,0.34782608695652173,0.6521739130434783,0.8260869565217391,10.660980810234543,0.5230708035003978,220.8,12.489276455338203
1631124.0,Julian Strawther,57,2025-10-25 21:00:00,2026-04-12 20:30:00,1,848.4,413.0,61.0,12.0,102.0,114.0,319.0,149.0,150.0,58.0,70.0,57.0,25.0,6.0,36.0,73.0,20.0,0.4670846394984326,0.38666666666666666,0.8142857142857143,Denver,Nuggets,Denver Nuggets,2026-04-12 20:30:00,2025-26,14.884210526315789,7.245614035087719,2.0,1.0701754385964912,0.43859649122807015,0.10526315789473684,0.631578947368421,1.280701754385965,9.331259720062208,0.5903373356203545,289.80000000000007,12.2970297029703
1631126.0,Caleb Love,50,2025-10-27 22:30:00,2026-04-12 20:30:00,1,1003.5699999999999,509.0,123.0,25.0,89.0,114.0,490.0,190.0,292.0,93.0,49.0,36.0,27.0,4.0,62.0,48.0,-127.0,0.3877551020408163,0.3184931506849315,0.7346938775510204,Portland,Trail Blazers,Portland Trail Blazers,2026-04-12 20:30:00,2025-26,20.071399999999997,10.18,2.28,2.46,0.54,0.08,1.24,0.96,10.809679893995398,0.4974978497145985,315.70000000000005,11.324770569068427
1631127.0,Harrison Ingram,7,2025-10-22 21:30:00,2026-04-10 20:00:00,1,25.270000000000003,11.0,1.0,3.0,0.0,3.0,6.0,5.0,1.0,1.0,0.0,0.0,0.0,0.0,1.0,2.0,-6.0,0.8333333333333334,1.0,,San Antonio,Spurs,San Antonio Spurs,2026-04-10 20:00:00,2025-26,3.6100000000000003,1.5714285714285714,0.42857142857142855,0.14285714285714285,0.0,0.0,0.14285714285714285,0.2857142857142857,14.285714285714286,0.9166666666666666,9.799999999999999,13.961218836565093
1631128.0,Christian Braun,44,2025-10-23 22:00:00,2026-04-08 21:00:00,1,1390.7,526.0,120.0,61.0,150.0,211.0,389.0,202.0,143.0,43.0,101.0,79.0,30.0,12.0,43.0,103.0,291.0,0.519280205655527,0.3006993006993007,0.7821782178217822,Denver,Nuggets,Denver Nuggets,2026-04-08 21:00:00,2025-26,31.606818181818184,11.954545454545455,4.795454545454546,2.727272727272727,0.6818181818181818,0.2727272727272727,0.9772727272727273,2.340909090909091,9.025270758122744,0.6067737172388336,451.59999999999997,11.690227942762636
1631131.0,Oscar Tshiebwe,27,2026-01-01 22:30:00,2026-04-12 20:30:00,1,443.05,211.0,32.0,77.0,102.0,179.0,145.0,92.0,0.0,0.0,49.0,27.0,16.0,5.0,21.0,39.0,-79.0,0.6344827586206897,,0.5510204081632653,Utah,Jazz,Utah Jazz,2026-04-12 20:30:00,2025-26,16.409259259259258,7.814814814814815,6.62962962962963,1.1851851851851851,0.5925925925925926,0.18518518518518517,0.7777777777777778,1.4444444444444444,11.196417146513115,0.6334053794428434,227.29999999999998,18.469247263288565
1631132.0,Christian Koloko,27,2025-10-24 22:00:00,2026-04-12 18:00:00,3,352.01,73.0,18.0,31.0,50.0,81.0,74.0,31.0,9.0,1.0,15.0,10.0,14.0,23.0,16.0,48.0,-13.0,0.4189189189189189,0.1111111111111111,0.6666666666666666,Atlanta,Hawks,Atlanta Hawks,2026-04-12 18:00:00,2025-26,13.037407407407407,2.7037037037037037,3.0,0.6666666666666666,0.5185185185185185,0.8518518518518519,0.5925925925925926,1.7777777777777777,16.563146997929607,0.4528535980148884,75.8,7.752052498508564
1631133.0,Jabari Walker,64,2025-10-22 19:30:00,2026-04-12 18:00:00,1,749.39,276.0,34.0,72.0,120.0,192.0,213.0,97.0,95.0,32.0,68.0,50.0,23.0,13.0,27.0,103.0,4.0,0.45539906103286387,0.3368421052631579,0.7352941176470589,Philadelphia,76ers,Philadelphia 76ers,2026-04-12 18:00:00,2025-26,11.70921875,4.3125,3.0,0.53125,0.359375,0.203125,0.421875,1.609375,10.002963841138115,0.5680882595093034,232.60000000000008,11.173888095651133
1631157.0,Ryan Rollins,75,2025-10-22 20:00:00,2026-04-10 20:00:00,1,2360.09,1281.0,414.0,54.0,284.0,338.0,1030.0,486.0,453.0,184.0,157.0,125.0,110.0,31.0,201.0,193.0,-175.0,0.47184466019417476,0.40618101545253865,0.7961783439490446,Milwaukee,Bucks,Milwaukee Bucks,2026-04-10 20:00:00,2025-26,31.46786666666667,17.08,4.506666666666667,5.52,1.4666666666666666,0.41333333333333333,2.68,2.5733333333333333,15.46058704079749,0.5827601266513812,1007.9000000000001,15.374159460020593
1631159.0,Leonard Miller,46,2025-10-24 22:00:00,2026-04-12 20:30:00,2,708.41,361.0,40.0,54.0,127.0,181.0,262.0,145.0,99.0,32.0,53.0,39.0,17.0,15.0,36.0,65.0,-28.0,0.5534351145038168,0.32323232323232326,0.7358490566037735,Chicago,Bulls,Chicago Bulls,2026-04-12 20:30:00,2025-26,15.400217391304347,7.8478260869565215,3.9347826086956523,0.8695652173913043,0.3695652173913043,0.32608695652173914,0.782608695652174,1.4130434782608696,11.203784389393752,0.6326230197672789,299.40000000000003,15.214917914766875
1631165.0,Keon Ellis,72,2025-10-22 22:00:00,2026-04-10 19:00:00,2,1464.79,480.0,72.0,38.0,97.0,135.0,384.0,169.0,251.0,91.0,70.0,51.0,83.0,45.0,41.0,134.0,-144.0,0.4401041666666667,0.36254980079681276,0.7285714285714285,Cleveland,Cavaliers,Cleveland Cavaliers,2026-04-10 19:00:00,2025-26,20.344305555555554,6.666666666666667,1.875,1.0,1.1527777777777777,0.625,0.5694444444444444,1.8611111111111112,8.995173321632295,0.5785920925747348,397.20000000000005,9.761945398316483
1631166.0,Drew Timme,28,2025-11-25 23:00:00,2026-04-12 20:30:00,1,229.45000000000002,92.0,23.0,10.0,23.0,33.0,66.0,38.0,25.0,11.0,9.0,5.0,6.0,0.0,13.0,20.0,-25.0,0.5757575757575758,0.44,0.5555555555555556,Los Angeles,Lakers,Los Angeles Lakers,2026-04-12 20:30:00,2025-26,8.194642857142858,3.2857142857142856,1.1785714285714286,0.8214285714285714,0.21428571428571427,0.0,0.4642857142857143,0.7142857142857143,15.670202507232402,0.657518582046884,74.4,11.673131401176727
1631169.0,Josh Minott,50,2025-10-22 19:30:00,2026-04-10 20:00:00,2,824.65,364.0,46.0,48.0,110.0,158.0,252.0,126.0,153.0,64.0,61.0,48.0,44.0,24.0,43.0,73.0,-25.0,0.5,0.41830065359477125,0.7868852459016393,Brooklyn,Nets,Brooklyn Nets,2026-04-10 20:00:00,2025-26,16.493,7.28,3.16,0.92,0.88,0.48,0.86,1.46,13.360676112353966,0.6527040596757998,320.2,13.978293821621293
1631170.0,Jaime Jaquez Jr.,75,2025-10-22 19:00:00,2026-04-12 18:00:00,1,2105.56,1152.0,352.0,96.0,279.0,375.0,915.0,464.0,183.0,58.0,216.0,166.0,51.0,21.0,152.0,137.0,144.0,0.507103825136612,0.31693989071038253,0.7685185185185185,Miami,Heat,Miami Heat,2026-04-12 18:00:00,2025-26,28.074133333333332,15.36,5.0,4.693333333333333,0.68,0.28,2.026666666666667,1.8266666666666667,13.080444735120995,0.5702744445764525,933.3000000000002,15.957180037614698
1631172.0,Ousmane Dieng,57,2025-10-23 19:30:00,2026-04-12 18:00:00,2,1087.69,431.0,136.0,29.0,151.0,180.0,398.0,168.0,185.0,63.0,45.0,32.0,25.0,17.0,75.0,78.0,-210.0,0.4221105527638191,0.34054054054054056,0.7111111111111111,Milwaukee,Bucks,Milwaukee Bucks,2026-04-12 18:00:00,2025-26,19.082280701754385,7.56140350877193,3.1578947368421053,2.3859649122807016,0.43859649122807015,0.2982456140350877,1.3157894736842106,1.368421052631579,15.219155844155845,0.5157970320727621,305.90000000000003,10.124575936158282
1631174.0,Tyler Burton,12,2026-03-12 20:00:00,2026-04-01 20:00:00,1,304.45,129.0,12.0,8.0,42.0,50.0,112.0,42.0,66.0,22.0,27.0,23.0,11.0,4.0,11.0,31.0,-145.0,0.375,0.3333333333333333,0.8518518518518519,Memphis,Grizzlies,Memphis Grizzlies,2026-04-01 20:00:00,2025-26,25.370833333333334,10.75,4.166666666666667,1.0,0.9166666666666666,0.3333333333333333,0.9166666666666666,2.5833333333333335,8.155397390272835,0.5206651598320956,82.8,9.79077024141895
1631199.0,Ron Harper Jr.,29,2025-10-27 20:00:00,2026-04-12 18:00:00,1,312.52,123.0,22.0,15.0,33.0,48.0,110.0,46.0,80.0,28.0,4.0,3.0,10.0,9.0,8.0,20.0,18.0,0.41818181818181815,0.35,0.75,Boston,Celtics,Boston Celtics,2026-04-12 18:00:00,2025-26,10.77655172413793,4.241379310344827,1.6551724137931034,0.7586206896551724,0.3448275862068966,0.3103448275862069,0.27586206896551724,0.6896551724137931,6.68002672010688,0.5502863278453829,100.10000000000001,11.530782029950085
1631200.0,Kris Murray,57,2025-10-22 22:00:00,2026-04-12 20:30:00,1,1322.34,331.0,81.0,90.0,116.0,206.0,276.0,129.0,122.0,34.0,57.0,39.0,51.0,22.0,47.0,92.0,45.0,0.4673913043478261,0.2786885245901639,0.6842105263157895,Portland,Trail Blazers,Portland Trail Blazers,2026-04-12 20:30:00,2025-26,23.198947368421052,5.807017543859649,3.6140350877192984,1.4210526315789473,0.8947368421052632,0.38596491228070173,0.8245614035087719,1.6140350877192982,13.502643070558493,0.5496877906204332,319.3,8.692771904351378
1631204.0,Marcus Sasser,38,2025-12-06 19:30:00,2026-04-12 18:00:00,1,449.09999999999997,197.0,75.0,7.0,32.0,39.0,177.0,69.0,106.0,44.0,18.0,15.0,20.0,4.0,31.0,41.0,116.0,0.3898305084745763,0.41509433962264153,0.8333333333333334,Detroit,Pistons,Detroit Pistons,2026-04-12 18:00:00,2025-26,11.818421052631578,5.184210526315789,1.0263157894736843,1.9736842105263157,0.5263157894736842,0.10526315789473684,0.8157894736842105,1.0789473684210527,14.357169321971101,0.5326627730910665,141.9,11.374749498997998
1631205.0,Buddy Boeheim,4,2026-02-11 21:00:00,2026-02-25 19:30:00,1,14.2,6.0,0.0,0.0,0.0,0.0,6.0,2.0,6.0,2.0,0.0,0.0,0.0,0.0,0.0,1.0,6.0,0.3333333333333333,0.3333333333333333,,Oklahoma City,Thunder,Oklahoma City Thunder,2026-02-25 19:30:00,2025-26,3.55,1.5,0.0,0.0,0.0,0.0,0.0,0.25,0.0,0.5,2.2000000000000006,5.577464788732396
1631207.0,Dalen Terry,48,2025-10-22 20:00:00,2026-04-12 18:00:00,2,541.42,176.0,66.0,26.0,60.0,86.0,155.0,68.0,66.0,24.0,30.0,16.0,29.0,15.0,26.0,49.0,-45.0,0.43870967741935485,0.36363636363636365,0.5333333333333333,Philadelphia,76ers,Philadelphia 76ers,2026-04-12 18:00:00,2025-26,11.279583333333333,3.6666666666666665,1.7916666666666667,1.375,0.6041666666666666,0.3125,0.5416666666666666,1.0208333333333333,13.388259526261587,0.5231866825208086,165.4,10.997746666174136
1631210.0,Jacob Toppin,5,2025-10-25 19:30:00,2025-11-25 19:00:00,1,16.119999999999997,8.0,1.0,0.0,1.0,1.0,6.0,4.0,0.0,0.0,0.0,0.0,0.0,1.0,0.0,1.0,13.0,0.6666666666666666,,,Atlanta,Hawks,Atlanta Hawks,2025-11-25 19:00:00,2025-26,3.2239999999999993,1.6,0.2,0.2,0.0,0.2,0.0,0.2,0.0,0.6666666666666666,6.7,14.962779156327548
1631211.0,Trevor Keels,8,2026-02-21 20:00:00,2026-04-12 18:00:00,1,13.370000000000001,8.0,0.0,0.0,2.0,2.0,12.0,3.0,9.0,2.0,0.0,0.0,1.0,0.0,0.0,0.0,5.0,0.25,0.2222222222222222,,Miami,Heat,Miami Heat,2026-04-12 18:00:00,2025-26,1.6712500000000001,1.0,0.25,0.0,0.125,0.0,0.0,0.0,0.0,0.3333333333333333,2.400000000000001,6.462228870605836
1631212.0,Peyton Watson,54,2025-10-23 22:00:00,2026-04-01 21:00:00,1,1587.45,789.0,111.0,49.0,215.0,264.0,581.0,285.0,197.0,81.0,189.0,138.0,50.0,61.0,93.0,136.0,196.0,0.4905335628227194,0.41116751269035534,0.7301587301587301,Denver,Nuggets,Denver Nuggets,2026-04-01 21:00:00,2025-26,29.397222222222222,14.61111111111111,4.888888888888889,2.0555555555555554,0.9259259259259259,1.1296296296296295,1.7222222222222223,2.5185185185185186,12.282740768133552,0.5939833774993978,597.7000000000002,13.554568647831431
1631213.0,Tyrese Martin,47,2025-10-22 19:00:00,2026-04-12 18:00:00,2,767.17,290.0,78.0,34.0,82.0,116.0,277.0,109.0,165.0,53.0,28.0,19.0,25.0,6.0,40.0,33.0,-181.0,0.3935018050541516,0.3212121212121212,0.6785714285714286,Philadelphia,76ers,Philadelphia 76ers,2026-04-12 18:00:00,2025-26,16.32276595744681,6.170212765957447,2.4680851063829787,1.6595744680851063,0.5319148936170213,0.1276595744680851,0.851063829787234,0.7021276595744681,12.146240738491437,0.5011751693626435,215.10000000000002,10.093721078770026
1631214.0,Alondes Williams,4,2026-02-19 19:00:00,2026-02-24 19:30:00,1,100.07000000000001,44.0,12.0,5.0,20.0,25.0,26.0,16.0,14.0,5.0,8.0,7.0,3.0,3.0,5.0,4.0,35.0,0.6153846153846154,0.35714285714285715,0.875,Washington,Wizards,Washington Wizards,2026-02-24 19:30:00,2025-26,25.017500000000002,11.0,6.25,3.0,0.75,0.75,1.25,1.0,14.484356894553883,0.7452574525745258,48.2,17.339862096532425
1631216.0,Caleb Houstan,19,2025-10-25 19:30:00,2026-04-03 19:30:00,1,72.08,42.0,4.0,5.0,6.0,11.0,26.0,14.0,21.0,11.0,3.0,3.0,2.0,1.0,4.0,11.0,1.0,0.5384615384615384,0.5238095238095238,1.0,Atlanta,Hawks,Atlanta Hawks,2026-04-03 19:30:00,2025-26,3.7936842105263158,2.210526315789474,0.5789473684210527,0.21052631578947367,0.10526315789473684,0.05263157894736842,0.21052631578947367,0.5789473684210527,12.77139208173691,0.7686676427525622,31.800000000000004,15.882352941176473
1631217.0,Moussa Diabate,73,2025-10-22 19:00:00,2026-04-12 18:00:00,1,1885.0,575.0,141.0,273.0,362.0,635.0,363.0,229.0,2.0,1.0,176.0,116.0,56.0,72.0,73.0,176.0,345.0,0.6308539944903582,0.5,0.6590909090909091,Charlotte,Hornets,Charlotte Hornets,2026-04-12 18:00:00,2025-26,25.82191780821918,7.876712328767123,8.698630136986301,1.9315068493150684,0.7671232876712328,0.9863013698630136,1.0,2.410958904109589,14.217824867559987,0.6527563345745164,749.9000000000001,14.321697612732097
1631218.0,Trayce Jackson-Davis,53,2025-10-24 22:00:00,2026-04-12 18:00:00,2,484.83,181.0,39.0,66.0,79.0,145.0,124.0,71.0,1.0,1.0,74.0,38.0,17.0,24.0,22.0,45.0,-76.0,0.5725806451612904,1.0,0.5135135135135135,Toronto,Raptors,Toronto Raptors,2026-04-12 18:00:00,2025-26,9.147735849056604,3.4150943396226414,2.7358490566037736,0.7358490566037735,0.32075471698113206,0.4528301886792453,0.41509433962264153,0.8490566037735849,12.320788530465949,0.5780531425651507,199.2,14.791163913124189
1631221.0,Collin Gillespie,80,2025-10-22 22:00:00,2026-04-10 22:30:00,1,2267.09,1012.0,371.0,89.0,238.0,327.0,842.0,352.0,578.0,232.0,87.0,76.0,99.0,16.0,125.0,130.0,200.0,0.4180522565320665,0.4013840830449827,0.8735632183908046,Phoenix,Suns,Phoenix Suns,2026-04-10 22:30:00,2025-26,28.338625,12.65,4.0875,4.6375,1.2375,0.2,1.5625,1.625,12.434346649689639,0.574817103648839,885.5999999999999,14.062785332739326
1631222.0,Jake LaRavia,82,2025-10-21 22:00:00,2026-04-12 20:30:00,1,2046.08,674.0,145.0,116.0,210.0,326.0,523.0,240.0,243.0,78.0,152.0,116.0,104.0,38.0,87.0,196.0,-5.0,0.4588910133843212,0.32098765432098764,0.7631578947368421,Los Angeles,Lakers,Los Angeles Lakers,2026-04-12 20:30:00,2025-26,24.95219512195122,8.21951219512195,3.975609756097561,1.7682926829268293,1.2682926829268293,0.4634146341463415,1.0609756097560976,2.3902439024390243,12.85309065122326,0.5713026378246423,600.4000000000001,10.563809821707853
1631223.0,David Roddy,5,2026-03-06 21:00:00,2026-04-12 20:30:00,1,71.81,40.0,4.0,8.0,12.0,20.0,30.0,15.0,11.0,3.0,7.0,7.0,4.0,1.0,2.0,7.0,5.0,0.5,0.2727272727272727,1.0,Denver,Nuggets,Denver Nuggets,2026-04-12 20:30:00,2025-26,14.362,8.0,4.0,0.8,0.8,0.2,0.4,1.4,5.701254275940707,0.6045949214026602,36.900000000000006,18.49881632084668
1631230.0,Dominick Barlow,71,2025-10-22 19:30:00,2026-04-12 18:00:00,1,1675.51,545.0,87.0,133.0,207.0,340.0,399.0,215.0,82.0,21.0,131.0,94.0,63.0,53.0,56.0,150.0,27.0,0.5388471177944862,0.25609756097560976,0.7175572519083969,Philadelphia,76ers,Philadelphia 76ers,2026-04-12 18:00:00,2025-26,23.5987323943662,7.676056338028169,4.788732394366197,1.2253521126760563,0.8873239436619719,0.7464788732394366,0.7887323943661971,2.112676056338028,10.923845193508114,0.596750175192712,537.1,11.54012808040537
1631243.0,Mouhamed Gueye,77,2025-10-22 19:30:00,2026-04-10 19:00:00,1,1164.5,342.0,69.0,89.0,186.0,275.0,290.0,131.0,130.0,40.0,62.0,40.0,61.0,39.0,33.0,127.0,43.0,0.4517241379310345,0.3076923076923077,0.6451612903225806,Atlanta,Hawks,Atlanta Hawks,2026-04-10 19:00:00,2025-26,15.123376623376624,4.441558441558442,3.5714285714285716,0.8961038961038961,0.7922077922077922,0.5064935064935064,0.42857142857142855,1.6493506493506493,9.421034600890717,0.5389561270801816,353.5,10.928295405753543
1631245.0,Quenton Jackson,49,2025-10-26 19:00:00,2026-04-12 18:00:00,1,887.25,448.0,140.0,28.0,86.0,114.0,328.0,154.0,118.0,42.0,119.0,98.0,31.0,6.0,62.0,82.0,-63.0,0.4695121951219512,0.3559322033898305,0.8235294117647058,Indiana,Pacers,Indiana Pacers,2026-04-12 18:00:00,2025-26,18.107142857142858,9.142857142857142,2.326530612244898,2.857142857142857,0.6326530612244898,0.12244897959183673,1.2653061224489797,1.6734693877551021,14.01573379148205,0.5889157640130402,355.40000000000003,14.42028740490279
1631246.0,Vince Williams Jr.,40,2025-10-31 21:30:00,2026-02-23 21:30:00,2,812.45,300.0,166.0,39.0,116.0,155.0,292.0,103.0,177.0,55.0,50.0,39.0,29.0,16.0,70.0,80.0,6.0,0.3527397260273973,0.3107344632768362,0.78,Utah,Jazz,Utah Jazz,2026-02-23 21:30:00,2025-26,20.31125,7.5,3.875,4.15,0.725,0.4,1.75,2.0,18.229166666666668,0.47770700636942676,248.89999999999998,11.028863314665516
1631247.0,Luke Travers,12,2025-10-27 19:00:00,2025-12-19 19:30:00,1,100.66,28.0,9.0,9.0,15.0,24.0,36.0,9.0,16.0,1.0,9.0,9.0,7.0,4.0,3.0,6.0,-32.0,0.25,0.0625,1.0,Cleveland,Cavaliers,Cleveland Cavaliers,2025-12-19 19:30:00,2025-26,8.388333333333334,2.3333333333333335,2.0,0.75,0.5833333333333334,0.3333333333333333,0.25,0.5,6.983240223463687,0.35035035035035034,27.900000000000006,9.978144247963444
1631248.0,Baylor Scheierman,77,2025-10-24 19:30:00,2026-04-12 18:00:00,1,1413.61,427.0,116.0,57.0,212.0,269.0,333.0,151.0,243.0,97.0,31.0,28.0,42.0,6.0,46.0,108.0,199.0,0.45345345345345345,0.3991769547325103,0.9032258064516129,Boston,Celtics,Boston Celtics,2026-04-12 18:00:00,2025-26,18.358571428571427,5.545454545454546,3.4935064935064934,1.5064935064935066,0.5454545454545454,0.07792207792207792,0.5974025974025974,1.4025974025974026,11.715566422167889,0.6159127625201939,394.8,10.05425824661682
1631250.0,Pete Nance,48,2025-11-12 19:00:00,2026-04-10 20:00:00,1,728.66,254.0,48.0,27.0,98.0,125.0,194.0,100.0,119.0,50.0,11.0,4.0,14.0,14.0,26.0,62.0,-78.0,0.5154639175257731,0.42016806722689076,0.36363636363636365,Milwaukee,Bucks,Milwaukee Bucks,2026-04-10 20:00:00,2025-26,15.180416666666666,5.291666666666667,2.6041666666666665,1.0,0.2916666666666667,0.2916666666666667,0.5416666666666666,1.2916666666666667,11.563778687066359,0.6387044860189096,210.3,10.390031015837291
1631255.0,Karlo Matkovic,62,2025-10-27 20:00:00,2026-03-29 19:00:00,1,899.85,352.0,50.0,72.0,157.0,229.0,235.0,142.0,90.0,38.0,41.0,30.0,25.0,54.0,34.0,105.0,-93.0,0.6042553191489362,0.4222222222222222,0.7317073170731707,New Orleans,Pelicans,New Orleans Pelicans,2026-03-29 19:00:00,2025-26,14.513709677419355,5.67741935483871,3.693548387096774,0.8064516129032258,0.4032258064516129,0.8709677419354839,0.5483870967741935,1.6935483870967742,11.845039018952065,0.6955422067657288,359.20000000000005,14.370395065844308
1631260.0,AJ Green,78,2025-10-22 20:00:00,2026-04-12 18:00:00,1,2254.36,809.0,152.0,29.0,184.0,213.0,618.0,262.0,554.0,232.0,62.0,53.0,39.0,8.0,75.0,179.0,-148.0,0.42394822006472493,0.4187725631768953,0.8548387096774194,Milwaukee,Bucks,Milwaukee Bucks,2026-04-12 18:00:00,2025-26,28.902051282051282,10.371794871794872,2.730769230769231,1.9487179487179487,0.5,0.10256410256410256,0.9615384615384616,2.2948717948717947,10.412617315488422,0.6268596578229606,557.5,8.902748451888783
1631288.0,Jamal Cain,41,2025-11-14 19:00:00,2026-04-12 18:00:00,1,478.39,215.0,29.0,28.0,50.0,78.0,152.0,74.0,73.0,28.0,46.0,39.0,11.0,4.0,19.0,53.0,44.0,0.4868421052631579,0.3835616438356164,0.8478260869565217,Orlando,Magic,Orlando Magic,2026-04-12 18:00:00,2025-26,11.668048780487805,5.2439024390243905,1.9024390243902438,0.7073170731707317,0.2682926829268293,0.0975609756097561,0.4634146341463415,1.2926829268292683,9.93516000836645,0.6241291221551324,163.89999999999998,12.333869855139111
1631321.0,Sidy Cissoko,75,2025-10-27 22:30:00,2026-04-12 20:30:00,1,1419.45,383.0,110.0,62.0,104.0,166.0,334.0,133.0,198.0,59.0,88.0,58.0,52.0,25.0,70.0,183.0,-60.0,0.39820359281437123,0.29797979797979796,0.6590909090909091,Portland,Trail Blazers,Portland Trail Blazers,2026-04-12 20:30:00,2025-26,18.926000000000002,5.1066666666666665,2.2133333333333334,1.4666666666666666,0.6933333333333334,0.3333333333333333,0.9333333333333333,2.44,15.811348030357788,0.5137905129856192,268.3,6.8046074183662695
1631323.0,Simone Fontecchio,70,2025-10-22 19:00:00,2026-04-10 19:00:00,1,1157.53,597.0,101.0,56.0,155.0,211.0,471.0,194.0,328.0,123.0,102.0,86.0,37.0,9.0,49.0,104.0,91.0,0.4118895966029724,0.375,0.8431372549019608,Miami,Heat,Miami Heat,2026-04-10 19:00:00,2025-26,16.536142857142856,8.528571428571428,3.0142857142857142,1.4428571428571428,0.5285714285714286,0.12857142857142856,0.7,1.4857142857142858,8.674408723976773,0.5786229355664108,447.6,13.920675922006343
1631338.0,Mouhamadou Gueye,2,2026-04-10 20:00:00,2026-04-12 20:30:00,1,44.870000000000005,16.0,6.0,2.0,4.0,6.0,11.0,6.0,5.0,1.0,4.0,3.0,2.0,1.0,3.0,4.0,-16.0,0.5454545454545454,0.2,0.75,Chicago,Bulls,Chicago Bulls,2026-04-12 20:30:00,2025-26,22.435000000000002,8.0,3.0,3.0,1.0,0.5,1.5,2.0,19.03553299492386,0.6269592476489029,15.199999999999996,12.195230666369506
1631342.0,Daeqwon Plowden,32,2025-11-12 22:00:00,2026-04-12 20:30:00,1,837.83,344.0,41.0,33.0,64.0,97.0,279.0,120.0,186.0,62.0,49.0,42.0,23.0,7.0,26.0,78.0,-205.0,0.43010752688172044,0.3333333333333333,0.8571428571428571,Sacramento,Kings,Sacramento Kings,2026-04-12 20:30:00,2025-26,26.1821875,10.75,3.03125,1.28125,0.71875,0.21875,0.8125,2.4375,7.961783439490445,0.5722651051370774,235.59999999999997,10.123294701789144
1631351.0,Lucas Williamson,7,2026-04-01 20:00:00,2026-04-12 20:30:00,1,222.24,73.0,18.0,11.0,27.0,38.0,75.0,25.0,53.0,15.0,8.0,8.0,11.0,1.0,10.0,26.0,-125.0,0.3333333333333333,0.2830188679245283,1.0,Memphis,Grizzlies,Memphis Grizzlies,2026-04-12 20:30:00,2025-26,31.74857142857143,10.428571428571429,5.428571428571429,2.5714285714285716,1.5714285714285714,0.14285714285714285,1.4285714285714286,3.7142857142857144,11.296882060551289,0.4648497198166073,50.20000000000001,8.131749460043197
1631451.0,Javonte Cooke,19,2025-11-19 22:00:00,2026-03-01 18:00:00,1,90.2,23.0,7.0,4.0,15.0,19.0,41.0,9.0,23.0,3.0,2.0,2.0,6.0,0.0,9.0,6.0,-59.0,0.21951219512195122,0.13043478260869565,1.0,Portland,Trail Blazers,Portland Trail Blazers,2026-03-01 18:00:00,2025-26,4.747368421052632,1.2105263157894737,1.0,0.3684210526315789,0.3157894736842105,0.0,0.47368421052631576,0.3157894736842105,17.68867924528302,0.2745940783190067,4.700000000000001,1.8758314855875835
1631457.0,Alex Morales,4,2026-03-19 19:00:00,2026-04-10 20:00:00,1,22.95,8.0,4.0,1.0,2.0,3.0,7.0,3.0,1.0,0.0,2.0,2.0,0.0,0.0,4.0,7.0,8.0,0.42857142857142855,0.0,1.0,Orlando,Magic,Orlando Magic,2026-04-10 20:00:00,2025-26,5.7375,2.0,0.75,1.0,0.0,0.0,1.0,1.75,33.670033670033675,0.5076142131979695,1.5999999999999979,2.5098039215686243
1631466.0,Nate Williams,14,2026-02-28 20:30:00,2026-04-12 20:30:00,1,235.9,112.0,14.0,20.0,10.0,30.0,88.0,43.0,30.0,13.0,15.0,13.0,5.0,0.0,15.0,26.0,-79.0,0.48863636363636365,0.43333333333333335,0.8666666666666667,Golden State,Warriors,Golden State Warriors,2026-04-12 20:30:00,2025-26,16.85,8.0,2.142857142857143,1.0,0.35714285714285715,0.0,1.0714285714285714,1.8571428571428572,13.686131386861314,0.5919661733615222,73.19999999999999,11.17083509961848
1641705.0,Victor Wembanyama,64,2025-10-22 21:30:00,2026-04-10 20:00:00,1,1851.39,1600.0,199.0,130.0,606.0,736.0,1080.0,553.0,350.0,122.0,450.0,372.0,66.0,197.0,155.0,156.0,682.0,0.5120370370370371,0.3485714285714286,0.8266666666666667,San Antonio,Spurs,San Antonio Spurs,2026-04-10 20:00:00,2025-26,28.92796875,25.0,11.5,3.109375,1.03125,3.078125,2.421875,2.4375,10.816468946266573,0.6259780907668232,1432.6,27.856691458849834
1641706.0,Brandon Miller,65,2025-10-22 19:00:00,2026-04-12 18:00:00,1,1955.41,1311.0,217.0,70.0,249.0,319.0,1044.0,454.0,533.0,204.0,223.0,199.0,66.0,44.0,163.0,180.0,372.0,0.43486590038314177,0.3827392120075047,0.8923766816143498,Charlotte,Hornets,Charlotte Hornets,2026-04-12 18:00:00,2025-26,30.08323076923077,20.16923076923077,4.907692307692308,3.3384615384615386,1.0153846153846153,0.676923076923077,2.5076923076923077,2.769230769230769,12.48927301704058,0.573932686582846,889.5999999999999,16.377946313049435
1641707.0,Taylor Hendricks,59,2025-10-22 21:00:00,2026-04-08 21:00:00,2,1107.09,438.0,55.0,65.0,156.0,221.0,355.0,163.0,184.0,63.0,72.0,49.0,50.0,30.0,50.0,99.0,-257.0,0.4591549295774648,0.3423913043478261,0.6805555555555556,Memphis,Grizzlies,Memphis Grizzlies,2026-04-08 21:00:00,2025-26,18.764237288135593,7.423728813559322,3.7457627118644066,0.9322033898305084,0.847457627118644,0.5084745762711864,0.847457627118644,1.6779661016949152,11.450032060089768,0.5663597806972174,357.7,11.63157466872612
1641708.0,Amen Thompson,79,2025-10-21 19:30:00,2026-04-10 21:30:00,1,2937.5299999999997,1443.0,420.0,235.0,379.0,614.0,1044.0,557.0,116.0,25.0,390.0,304.0,119.0,48.0,190.0,175.0,368.0,0.5335249042145593,0.21551724137931033,0.7794871794871795,Houston,Rockets,Houston Rockets,2026-04-10 21:30:00,2025-26,37.18392405063291,18.265822784810126,7.772151898734177,5.3164556962025316,1.5063291139240507,0.6075949367088608,2.4050632911392404,2.2151898734177213,13.517359134889016,0.5935340572556762,1365.3999999999999,16.733241873274483
1641709.0,Ausar Thompson,73,2025-10-22 20:00:00,2026-04-12 18:00:00,1,1879.76,721.0,228.0,150.0,268.0,418.0,577.0,303.0,24.0,6.0,191.0,109.0,146.0,69.0,110.0,198.0,397.0,0.5251299826689775,0.25,0.5706806282722513,Detroit,Pistons,Detroit Pistons,2026-04-12 18:00:00,2025-26,25.75013698630137,9.876712328767123,5.726027397260274,3.1232876712328768,2.0,0.9452054794520548,1.5068493150684932,2.712328767123288,14.266445320605936,0.5453527774416072,755.6,14.470783504277144
1641710.0,Anthony Black,64,2025-10-22 19:00:00,2026-04-12 18:00:00,1,1898.8600000000001,959.0,236.0,47.0,197.0,244.0,772.0,345.0,300.0,100.0,231.0,169.0,91.0,45.0,132.0,170.0,-14.0,0.44689119170984454,0.3333333333333333,0.7316017316017316,Orlando,Magic,Orlando Magic,2026-04-12 18:00:00,2025-26,29.669687500000002,14.984375,3.8125,3.6875,1.421875,0.703125,2.0625,2.65625,13.12596953184042,0.5488530744929262,711.5,13.489146119250497
1641711.0,Gradey Dick,76,2025-10-22 19:30:00,2026-04-12 18:00:00,1,1052.07,455.0,51.0,42.0,105.0,147.0,384.0,161.0,186.0,56.0,88.0,77.0,45.0,7.0,43.0,101.0,123.0,0.4192708333333333,0.3010752688172043,0.875,Toronto,Raptors,Toronto Raptors,2026-04-12 18:00:00,2025-26,13.843026315789473,5.9868421052631575,1.9342105263157894,0.6710526315789473,0.5921052631578947,0.09210526315789473,0.5657894736842105,1.3289473684210527,9.233015545821523,0.5381813020439061,309.29999999999995,10.58370640736833
1641712.0,Rayan Rupert,64,2025-10-24 22:00:00,2026-04-12 20:30:00,2,1059.97,332.0,68.0,48.0,140.0,188.0,313.0,123.0,136.0,44.0,54.0,42.0,55.0,9.0,55.0,124.0,-319.0,0.3929712460063898,0.3235294117647059,0.7777777777777778,Memphis,Grizzlies,Memphis Grizzlies,2026-04-12 20:30:00,2025-26,16.56203125,5.1875,2.9375,1.0625,0.859375,0.140625,0.859375,1.9375,14.039207678170309,0.4929326523340064,237.2,8.056077058784682
1641713.0,GG Jackson,55,2025-10-24 20:00:00,2026-04-06 20:00:00,1,1167.47,686.0,81.0,49.0,186.0,235.0,514.0,255.0,193.0,64.0,151.0,112.0,31.0,44.0,85.0,75.0,-85.0,0.4961089494163424,0.3316062176165803,0.7417218543046358,Memphis,Grizzlies,Memphis Grizzlies,2026-04-06 20:00:00,2025-26,21.226727272727274,12.472727272727273,4.2727272727272725,1.4727272727272727,0.5636363636363636,0.8,1.5454545454545454,1.3636363636363635,12.773503245972588,0.5909310178485286,506.20000000000005,15.609137708035325
1641715.0,Cam Whitmore,21,2025-10-22 20:00:00,2025-12-04 19:00:00,1,350.81,193.0,15.0,19.0,39.0,58.0,169.0,77.0,56.0,16.0,31.0,23.0,15.0,8.0,18.0,25.0,-152.0,0.4556213017751479,0.2857142857142857,0.7419354838709677,Washington,Wizards,Washington Wizards,2025-12-04 19:00:00,2025-26,16.705238095238094,9.19047619047619,2.761904761904762,0.7142857142857143,0.7142857142857143,0.38095238095238093,0.8571428571428571,1.1904761904761905,8.971291866028709,0.5283618046430136,130.4,13.381602576893476
1641716.0,Jarace Walker,76,2025-10-23 19:30:00,2026-04-10 19:30:00,1,1939.23,884.0,192.0,49.0,342.0,391.0,733.0,307.0,356.0,133.0,183.0,137.0,63.0,26.0,139.0,124.0,-459.0,0.41882673942701226,0.37359550561797755,0.7486338797814208,Indiana,Pacers,Indiana Pacers,2026-04-10 19:30:00,2025-26,25.516184210526315,11.631578947368421,5.144736842105263,2.526315789473684,0.8289473684210527,0.34210526315789475,1.8289473684210527,1.631578947368421,14.592869441061605,0.54331792703314,639.1999999999999,11.866153060750914
1641717.0,Cason Wallace,77,2025-10-21 19:30:00,2026-04-08 22:00:00,1,2031.65,660.0,200.0,63.0,175.0,238.0,584.0,252.0,288.0,101.0,68.0,55.0,150.0,28.0,73.0,154.0,532.0,0.4315068493150685,0.3506944444444444,0.8088235294117647,Oklahoma City,Thunder,Oklahoma City Thunder,2026-04-08 22:00:00,2025-26,26.385064935064936,8.571428571428571,3.090909090909091,2.5974025974025974,1.948051948051948,0.36363636363636365,0.948051948051948,2.0,10.627147266057184,0.537529319781079,618.4,10.95779292693131
1641718.0,Keyonte George,55,2025-10-22 21:00:00,2026-03-21 21:30:00,1,1775.66,1275.0,332.0,23.0,176.0,199.0,881.0,402.0,361.0,134.0,378.0,337.0,58.0,14.0,166.0,120.0,-335.0,0.45629965947786605,0.37119113573407203,0.8915343915343915,Utah,Jazz,Utah Jazz,2026-03-21 21:30:00,2025-26,32.284727272727274,23.181818181818183,3.618181818181818,6.036363636363636,1.0545454545454545,0.2545454545454545,3.018181818181818,2.1818181818181817,13.681469027132167,0.6086964824504449,957.8,19.418582386267637
1641722.0,Jordan Hawkins,51,2025-10-22 20:00:00,2026-04-12 20:30:00,1,682.39,258.0,42.0,20.0,68.0,88.0,257.0,94.0,135.0,47.0,27.0,23.0,13.0,10.0,34.0,30.0,-133.0,0.3657587548638132,0.34814814814814815,0.8518518518518519,New Orleans,Pelicans,New Orleans Pelicans,2026-04-12 20:30:00,2025-26,13.380196078431373,5.0588235294117645,1.7254901960784315,0.8235294117647058,0.2549019607843137,0.19607843137254902,0.6666666666666666,0.5882352941176471,11.225567881669308,0.4797679262124368,151.90000000000006,8.013599261419426
1641723.0,Kobe Bufkin,16,2026-01-13 22:30:00,2026-04-09 22:00:00,1,115.69,46.0,10.0,1.0,12.0,13.0,50.0,15.0,26.0,5.0,12.0,11.0,2.0,3.0,5.0,9.0,-68.0,0.3,0.19230769230769232,0.9166666666666666,Los Angeles,Lakers,Los Angeles Lakers,2026-04-09 22:00:00,2025-26,7.230625,2.875,0.8125,0.625,0.125,0.1875,0.3125,0.5625,8.29462508294625,0.41606367583212733,23.4,7.281528221972513
1641724.0,Jett Howard,55,2025-10-24 19:00:00,2026-04-03 20:30:00,1,683.6,301.0,45.0,23.0,64.0,87.0,251.0,105.0,145.0,54.0,39.0,37.0,10.0,11.0,15.0,66.0,-70.0,0.41832669322709165,0.3724137931034483,0.9487179487179487,Orlando,Magic,Orlando Magic,2026-04-03 20:30:00,2025-26,12.42909090909091,5.472727272727273,1.5818181818181818,0.8181818181818182,0.18181818181818182,0.2,0.2727272727272727,1.2,5.2973583839525356,0.5612321002386634,209.59999999999997,11.038033937975422
1641725.0,Trey Alexander,9,2025-11-30 21:30:00,2026-04-12 20:30:00,1,109.19,47.0,9.0,1.0,10.0,11.0,37.0,19.0,12.0,6.0,5.0,3.0,6.0,2.0,3.0,13.0,-18.0,0.5135135135135135,0.5,0.6,New Orleans,Pelicans,New Orleans Pelicans,2026-04-12 20:30:00,2025-26,12.132222222222222,5.222222222222222,1.2222222222222223,1.0,0.6666666666666666,0.2222222222222222,0.3333333333333333,1.4444444444444444,7.109004739336492,0.5994897959183673,37.099999999999994,12.231889367158164
1641726.0,Dereck Lively II,9,2025-10-22 21:30:00,2026-04-05 19:30:00,1,113.97,30.0,13.0,14.0,23.0,37.0,18.0,11.0,0.0,0.0,10.0,8.0,4.0,11.0,10.0,21.0,14.0,0.6111111111111112,,0.8,Dallas,Mavericks,Dallas Mavericks,2026-04-05 19:30:00,2025-26,12.663333333333334,3.3333333333333335,4.111111111111111,1.4444444444444444,0.4444444444444444,1.2222222222222223,1.1111111111111112,2.3333333333333335,30.8641975308642,0.6696428571428572,40.1,12.666491181889972
1641727.0,Dariq Whitehead,6,2026-04-03 20:00:00,2026-04-12 20:30:00,1,181.69,98.0,9.0,2.0,22.0,24.0,93.0,37.0,60.0,19.0,7.0,5.0,4.0,0.0,10.0,13.0,-99.0,0.3978494623655914,0.31666666666666665,0.7142857142857143,Memphis,Grizzlies,Memphis Grizzlies,2026-04-12 20:30:00,2025-26,30.281666666666666,16.333333333333332,4.0,1.5,0.6666666666666666,0.0,1.6666666666666667,2.1666666666666665,9.42684766214178,0.5099916736053289,50.0,9.906984424018933
1641729.0,Brice Sensabaugh,76,2025-10-22 21:00:00,2026-04-12 20:30:00,1,1747.92,1116.0,143.0,56.0,175.0,231.0,857.0,394.0,442.0,162.0,201.0,166.0,54.0,12.0,124.0,143.0,-379.0,0.4597432905484247,0.3665158371040724,0.8258706467661692,Utah,Jazz,Utah Jazz,2026-04-12 20:30:00,2025-26,22.998947368421053,14.68421052631579,3.039473684210526,1.881578947368421,0.7105263157894737,0.15789473684210525,1.631578947368421,1.881578947368421,11.594853381208857,0.590201387713657,732.6999999999999,15.09062199643004
1641730.0,Noah Clowney,67,2025-10-22 19:00:00,2026-04-10 20:00:00,1,1766.42,809.0,108.0,52.0,221.0,273.0,631.0,250.0,392.0,129.0,224.0,180.0,50.0,45.0,102.0,168.0,-329.0,0.39619651347068147,0.32908163265306123,0.8035714285714286,Brooklyn,Nets,Brooklyn Nets,2026-04-10 20:00:00,2025-26,26.3644776119403,12.074626865671641,4.074626865671642,1.6119402985074627,0.746268656716418,0.6716417910447762,1.5223880597014925,2.5074626865671643,12.266102265621242,0.554443774329733,540.3,11.011424236591523
1641731.0,Bilal Coulibaly,56,2025-10-30 20:00:00,2026-04-10 19:00:00,1,1457.36,657.0,145.0,48.0,195.0,243.0,541.0,230.0,204.0,65.0,177.0,132.0,75.0,54.0,81.0,130.0,-414.0,0.42513863216266173,0.31862745098039214,0.7457627118644068,Washington,Wizards,Washington Wizards,2026-04-10 19:00:00,2025-26,26.024285714285714,11.732142857142858,4.339285714285714,2.5892857142857144,1.3392857142857142,0.9642857142857143,1.4464285714285714,2.3214285714285716,11.573412585014575,0.530797569803516,525.6999999999999,12.985947192183124
1641732.0,Colby Jones,1,2025-10-27 19:00:00,2025-10-27 19:00:00,1,6.49,2.0,2.0,0.0,4.0,4.0,3.0,1.0,2.0,0.0,0.0,0.0,0.0,0.0,0.0,1.0,12.0,0.3333333333333333,0.0,,Detroit,Pistons,Detroit Pistons,2025-10-27 19:00:00,2025-26,6.49,2.0,4.0,2.0,0.0,0.0,0.0,1.0,0.0,0.3333333333333333,2.5000000000000004,13.867488443759632
1641733.0,Nick Smith Jr.,30,2025-10-27 22:30:00,2026-04-12 20:30:00,1,369.32,185.0,31.0,3.0,20.0,23.0,161.0,70.0,86.0,34.0,15.0,11.0,9.0,2.0,21.0,28.0,-3.0,0.43478260869565216,0.3953488372093023,0.7333333333333333,Los Angeles,Lakers,Los Angeles Lakers,2026-04-12 20:30:00,2025-26,12.310666666666666,6.166666666666667,0.7666666666666667,1.0333333333333334,0.3,0.06666666666666667,0.7,0.9333333333333333,11.134676564156946,0.551909307875895,106.7,10.400736488681902
1641737.0,Adem Bona,71,2025-10-22 19:30:00,2026-04-12 18:00:00,1,1218.52,344.0,32.0,128.0,179.0,307.0,220.0,131.0,6.0,2.0,113.0,80.0,30.0,82.0,56.0,153.0,-8.0,0.5954545454545455,0.3333333333333333,0.7079646017699115,Philadelphia,76ers,Philadelphia 76ers,2026-04-12 18:00:00,2025-26,17.16225352112676,4.845070422535211,4.323943661971831,0.4507042253521127,0.4225352112676056,1.1549295774647887,0.7887323943661971,2.1549295774647885,17.192680830160874,0.6376983538484353,365.0999999999999,10.78652791911499
1641738.0,Kobe Brown,61,2025-10-22 21:00:00,2026-04-12 18:00:00,2,949.43,353.0,80.0,68.0,117.0,185.0,271.0,127.0,139.0,52.0,59.0,47.0,23.0,12.0,53.0,69.0,-219.0,0.46863468634686345,0.37410071942446044,0.7966101694915254,Indiana,Pacers,Indiana Pacers,2026-04-12 18:00:00,2025-26,15.564426229508197,5.786885245901639,3.0327868852459017,1.3114754098360655,0.3770491803278688,0.19672131147540983,0.8688524590163934,1.1311475409836065,15.144587952908905,0.5943561422413793,298.79999999999995,11.329745215550382
1641739.0,Toumani Camara,82,2025-10-22 22:00:00,2026-04-12 20:30:00,1,2715.54,1100.0,201.0,129.0,292.0,421.0,891.0,392.0,592.0,219.0,137.0,97.0,94.0,35.0,144.0,237.0,32.0,0.4399551066217733,0.36993243243243246,0.708029197080292,Portland,Trail Blazers,Portland Trail Blazers,2026-04-12 20:30:00,2025-26,33.116341463414635,13.414634146341463,5.134146341463414,2.451219512195122,1.146341463414634,0.4268292682926829,1.7560975609756098,2.8902439024390243,13.147323058943831,0.5781683626271971,815.4000000000001,10.809783689431937
1641740.0,Jaylen Clark,68,2025-10-22 22:00:00,2026-04-12 20:30:00,1,872.64,275.0,43.0,54.0,66.0,120.0,228.0,99.0,101.0,33.0,67.0,44.0,47.0,9.0,23.0,87.0,73.0,0.4342105263157895,0.32673267326732675,0.6567164179104478,Minnesota,Timberwolves,Minnesota Timberwolves,2026-04-12 20:30:00,2025-26,12.832941176470587,4.044117647058823,1.7647058823529411,0.6323529411764706,0.6911764705882353,0.1323529411764706,0.3382352941176471,1.2794117647058822,8.200228180262407,0.5340220599658225,229.00000000000006,9.44719471947195
1641744.0,Zach Edey,11,2025-11-15 17:00:00,2025-12-07 18:00:00,1,281.11,150.0,12.0,43.0,79.0,122.0,98.0,62.0,5.0,1.0,32.0,25.0,7.0,21.0,26.0,37.0,113.0,0.6326530612244898,0.2,0.78125,Memphis,Grizzlies,Memphis Grizzlies,2025-12-07 18:00:00,2025-26,25.55545454545455,13.636363636363637,11.090909090909092,1.0909090909090908,0.6363636363636364,1.9090909090909092,2.3636363636363638,3.3636363636363638,18.829663962920048,0.6691648822269808,146.5,18.761338977624415
1641747.0,DaRon Holmes II,25,2025-10-25 21:00:00,2026-04-12 20:30:00,1,204.51,93.0,16.0,8.0,27.0,35.0,61.0,31.0,45.0,20.0,14.0,11.0,1.0,6.0,12.0,19.0,-16.0,0.5081967213114754,0.4444444444444444,0.7857142857142857,Denver,Nuggets,Denver Nuggets,2026-04-12 20:30:00,2025-26,8.180399999999999,3.72,1.4,0.64,0.04,0.24,0.48,0.76,15.159171298635675,0.6923764145324598,72.00000000000001,12.674196860789205
1641748.0,Andre Jackson Jr.,48,2025-10-22 20:00:00,2026-04-12 18:00:00,1,398.86,113.0,43.0,25.0,47.0,72.0,119.0,39.0,60.0,15.0,32.0,20.0,19.0,4.0,31.0,43.0,-71.0,0.3277310924369748,0.25,0.625,Milwaukee,Bucks,Milwaukee Bucks,2026-04-12 18:00:00,2025-26,8.309583333333334,2.3541666666666665,1.5,0.8958333333333334,0.3958333333333333,0.08333333333333333,0.6458333333333334,0.8958333333333334,18.89322281813749,0.4245566576495341,75.79999999999998,6.841498270069697
1641750.0,Ryan Kalkbrenner,69,2025-10-22 19:00:00,2026-04-12 18:00:00,1,1465.1,521.0,54.0,167.0,210.0,377.0,291.0,219.0,5.0,0.0,116.0,83.0,32.0,101.0,62.0,107.0,46.0,0.7525773195876289,0.0,0.7155172413793104,Charlotte,Hornets,Charlotte Hornets,2026-04-12 18:00:00,2025-26,21.23333333333333,7.550724637681159,5.463768115942029,0.782608695652174,0.463768115942029,1.463768115942029,0.8985507246376812,1.5507246376811594,15.345015345015344,0.7616068296105718,607.3,14.922394375810525
1641752.0,Bobi Klintman,12,2025-10-27 19:00:00,2026-03-26 19:00:00,1,68.43,22.0,6.0,5.0,14.0,19.0,27.0,9.0,13.0,4.0,3.0,0.0,3.0,0.0,6.0,11.0,-5.0,0.3333333333333333,0.3076923076923077,0.0,Detroit,Pistons,Detroit Pistons,2026-03-26 19:00:00,2025-26,5.702500000000001,1.8333333333333333,1.5833333333333333,0.5,0.25,0.0,0.5,0.9166666666666666,17.482517482517483,0.3884180790960452,10.0,5.260850504164839
1641753.0,Chris Livingston,3,2025-11-24 19:00:00,2025-12-05 19:30:00,1,16.86,9.0,1.0,0.0,3.0,3.0,7.0,4.0,3.0,0.0,1.0,1.0,1.0,0.0,0.0,4.0,8.0,0.5714285714285714,0.0,1.0,Cleveland,Cavaliers,Cleveland Cavaliers,2025-12-05 19:30:00,2025-26,5.62,3.0,1.0,0.3333333333333333,0.3333333333333333,0.0,0.0,1.3333333333333333,0.0,0.6048387096774194,6.699999999999999,14.306049822064058
1641755.0,Kevin McCullar Jr.,21,2025-12-09 20:30:00,2026-04-12 18:00:00,1,150.59,50.0,20.0,11.0,17.0,28.0,47.0,20.0,24.0,8.0,5.0,2.0,9.0,0.0,12.0,22.0,-48.0,0.425531914893617,0.3333333333333333,0.4,New York,Knicks,New York Knicks,2026-04-12 18:00:00,2025-26,7.170952380952381,2.380952380952381,1.3333333333333333,0.9523809523809523,0.42857142857142855,0.0,0.5714285714285714,1.0476190476190477,19.6078431372549,0.5081300813008129,38.900000000000006,9.299422272395246
1641757.0,Jordan Miller,60,2025-11-12 22:30:00,2026-04-12 20:30:00,1,1313.67,598.0,136.0,50.0,132.0,182.0,399.0,212.0,110.0,38.0,175.0,136.0,45.0,11.0,63.0,62.0,-13.0,0.531328320802005,0.34545454545454546,0.7771428571428571,LA,Clippers,LA Clippers,2026-04-12 20:30:00,2025-26,21.8945,9.966666666666667,3.033333333333333,2.2666666666666666,0.75,0.18333333333333332,1.05,1.0333333333333334,11.688311688311689,0.6281512605042017,522.6000000000001,14.3214049190436
1641761.0,Grant Nelson,4,2026-02-27 19:30:00,2026-03-05 19:30:00,1,34.21,17.0,5.0,1.0,5.0,6.0,9.0,5.0,0.0,0.0,10.0,7.0,1.0,5.0,4.0,6.0,-7.0,0.5555555555555556,,0.7,Brooklyn,Nets,Brooklyn Nets,2026-03-05 19:30:00,2025-26,8.5525,4.25,1.5,1.25,0.25,1.25,1.0,1.5,22.98850574712644,0.6343283582089552,15.299999999999997,16.100555393159894
1641763.0,Julian Phillips,48,2025-10-25 19:00:00,2026-04-12 20:30:00,2,417.42,140.0,10.0,23.0,26.0,49.0,121.0,51.0,65.0,20.0,23.0,18.0,22.0,7.0,11.0,43.0,-22.0,0.4214876033057851,0.3076923076923077,0.782608695652174,Minnesota,Timberwolves,Minnesota Timberwolves,2026-04-12 20:30:00,2025-26,8.696250000000001,2.9166666666666665,1.0208333333333333,0.20833333333333334,0.4583333333333333,0.14583333333333334,0.22916666666666666,0.8958333333333334,7.739938080495356,0.533862111043319,103.3,8.909012505390253
1641764.0,Brandin Podziemski,82,2025-10-21 22:00:00,2026-04-12 20:30:00,1,2315.23,1133.0,304.0,72.0,347.0,419.0,866.0,394.0,412.0,153.0,241.0,192.0,88.0,15.0,131.0,136.0,15.0,0.45496535796766746,0.3713592233009709,0.7966804979253111,Golden State,Warriors,Golden State Warriors,2026-04-12 20:30:00,2025-26,28.23451219512195,13.817073170731707,5.109756097560975,3.707317073170732,1.0731707317073171,0.18292682926829268,1.5975609756097562,1.6585365853658536,11.876269219611256,0.582794946710012,945.1999999999998,14.697114325574564
1641765.0,Olivier-Maxence Prosper,53,2025-10-22 20:00:00,2026-04-06 20:00:00,1,972.96,530.0,51.0,59.0,128.0,187.0,350.0,192.0,148.0,60.0,114.0,86.0,40.0,13.0,47.0,83.0,-209.0,0.5485714285714286,0.40540540540540543,0.7543859649122807,Memphis,Grizzlies,Memphis Grizzlies,2026-04-06 20:00:00,2025-26,18.357735849056603,10.0,3.5283018867924527,0.9622641509433962,0.7547169811320755,0.24528301886792453,0.8867924528301887,1.5660377358490567,10.510779139457911,0.6622351059576169,434.8999999999999,16.09151455352738
1641767.0,Ben Sheppard,65,2025-10-23 19:30:00,2026-04-03 19:00:00,1,1378.28,459.0,114.0,43.0,152.0,195.0,387.0,168.0,232.0,84.0,51.0,39.0,39.0,6.0,41.0,114.0,-268.0,0.43410852713178294,0.3620689655172414,0.7647058823529411,Indiana,Pacers,Indiana Pacers,2026-04-03 19:00:00,2025-26,21.20430769230769,7.061538461538461,3.0,1.7538461538461538,0.6,0.09230769230769231,0.6307692307692307,1.7538461538461538,9.102211171299174,0.5605216881594373,362.6000000000001,9.470934788286852
1641771.0,Jalen Slawson,14,2026-03-08 21:00:00,2026-04-12 18:00:00,1,307.93,95.0,36.0,7.0,50.0,57.0,77.0,34.0,40.0,15.0,17.0,12.0,20.0,14.0,17.0,27.0,-26.0,0.44155844155844154,0.375,0.7058823529411765,Indiana,Pacers,Indiana Pacers,2026-04-12 18:00:00,2025-26,21.995,6.785714285714286,4.071428571428571,2.5714285714285716,1.4285714285714286,1.0,1.2142857142857142,1.9285714285714286,16.75206937327552,0.5622632575757576,99.8,11.667586789205338
1641772.0,Nae'Qwan Tomlin,64,2025-11-05 19:00:00,2026-04-12 18:00:00,1,989.39,374.0,53.0,86.0,100.0,186.0,314.0,150.0,115.0,27.0,61.0,47.0,41.0,34.0,29.0,125.0,60.0,0.47770700636942676,0.23478260869565218,0.7704918032786885,Cleveland,Cavaliers,Cleveland Cavaliers,2026-04-12 18:00:00,2025-26,15.45921875,5.84375,2.90625,0.828125,0.640625,0.53125,0.453125,1.953125,7.841228639411638,0.5486445252904589,321.7,11.705394232810114
1641774.0,Tristan Vukcevic,49,2025-10-22 20:00:00,2026-04-01 19:00:00,1,662.2,441.0,55.0,32.0,115.0,147.0,317.0,152.0,144.0,50.0,111.0,87.0,23.0,32.0,62.0,82.0,-226.0,0.4794952681388013,0.3472222222222222,0.7837837837837838,Washington,Wizards,Washington Wizards,2026-04-01 19:00:00,2025-26,13.514285714285716,9.0,3.0,1.1224489795918366,0.46938775510204084,0.6530612244897959,1.2653061224489797,1.6734693877551021,14.491398653702317,0.6027225016400611,316.29999999999995,17.195409241920867
1641775.0,Jordan Walsh,68,2025-10-24 19:30:00,2026-04-12 18:00:00,1,1197.59,364.0,54.0,85.0,187.0,272.0,267.0,136.0,125.0,48.0,57.0,44.0,49.0,31.0,35.0,137.0,95.0,0.5093632958801498,0.384,0.7719298245614035,Boston,Celtics,Boston Celtics,2026-04-12 18:00:00,2025-26,17.61161764705882,5.352941176470588,4.0,0.7941176470588235,0.7205882352941176,0.45588235294117646,0.5147058823529411,2.014705882352941,10.700745994863642,0.6231169542591072,360.6,10.83976987115791
1641778.0,Leaky Black,15,2026-02-26 19:30:00,2026-04-12 18:00:00,1,430.25,106.0,22.0,15.0,60.0,75.0,103.0,40.0,55.0,19.0,8.0,7.0,18.0,8.0,14.0,40.0,-102.0,0.3883495145631068,0.34545454545454546,0.875,Washington,Wizards,Washington Wizards,2026-04-12 18:00:00,2025-26,28.683333333333334,7.066666666666666,5.0,1.4666666666666666,1.2,0.5333333333333333,0.9333333333333333,2.6666666666666665,11.616329239960173,0.4975591438227563,87.0,7.279488669378268
1641780.0,Johni Broome,12,2025-11-02 18:00:00,2026-03-21 21:30:00,1,52.449999999999996,10.0,4.0,7.0,9.0,16.0,24.0,4.0,5.0,0.0,6.0,2.0,3.0,2.0,3.0,7.0,-18.0,0.16666666666666666,0.0,0.3333333333333333,Philadelphia,76ers,Philadelphia 76ers,2026-03-21 21:30:00,2025-26,4.370833333333333,0.8333333333333334,1.3333333333333333,0.3333333333333333,0.25,0.16666666666666666,0.25,0.5833333333333334,10.121457489878543,0.18768768768768768,2.200000000000001,1.5100095328884662
1641783.0,Tristan da Silva,77,2025-10-22 19:00:00,2026-04-12 18:00:00,1,1882.88,762.0,124.0,58.0,226.0,284.0,620.0,279.0,321.0,120.0,95.0,84.0,68.0,25.0,69.0,117.0,103.0,0.45,0.37383177570093457,0.8842105263157894,Orlando,Magic,Orlando Magic,2026-04-12 18:00:00,2025-26,24.452987012987016,9.896103896103897,3.688311688311688,1.6103896103896105,0.8831168831168831,0.3246753246753247,0.8961038961038961,1.5194805194805194,9.441707717569788,0.5757026291931098,600.1,11.47369986403807
1641787.0,Tosan Evbuomwan,5,2025-11-24 19:30:00,2025-12-23 20:00:00,1,7.029999999999999,0.0,0.0,1.0,1.0,2.0,1.0,0.0,0.0,0.0,0.0,0.0,0.0,0.0,0.0,1.0,-8.0,0.0,,,New York,Knicks,New York Knicks,2025-12-23 20:00:00,2025-26,1.406,0.0,0.4,0.0,0.0,0.0,0.0,0.2,0.0,0.0,-0.10000000000000003,-0.5120910384068281
1641790.0,PJ Hall,19,2025-10-24 20:00:00,2026-02-22 18:00:00,2,209.63,86.0,10.0,33.0,42.0,75.0,59.0,30.0,5.0,3.0,29.0,23.0,3.0,10.0,16.0,22.0,-29.0,0.5084745762711864,0.6,0.7931034482758621,Charlotte,Hornets,Charlotte Hornets,2026-02-22 18:00:00,2025-26,11.033157894736842,4.526315789473684,3.9473684210526314,0.5263157894736842,0.15789473684210525,0.5263157894736842,0.8421052631578947,1.1578947368421053,18.231540565177756,0.5992196209587514,82.2,14.116300147879599
1641794.0,Dillon Jones,7,2026-01-30 19:30:00,2026-04-12 18:00:00,1,38.03,9.0,4.0,2.0,5.0,7.0,9.0,2.0,5.0,1.0,4.0,4.0,3.0,0.0,0.0,6.0,8.0,0.2222222222222222,0.2,1.0,New York,Knicks,New York Knicks,2026-04-12 18:00:00,2025-26,5.432857142857143,1.2857142857142858,1.0,0.5714285714285714,0.42857142857142855,0.0,0.0,0.8571428571428571,0.0,0.41821561338289964,9.799999999999999,9.276886668419667
1641796.0,Pelle Larsson,70,2025-10-22 19:00:00,2026-04-10 19:00:00,1,1833.8899999999999,800.0,236.0,69.0,175.0,244.0,559.0,277.0,192.0,62.0,231.0,184.0,49.0,16.0,101.0,148.0,80.0,0.49552772808586765,0.3229166666666667,0.7965367965367965,Miami,Heat,Miami Heat,2026-04-10 19:00:00,2025-26,26.19842857142857,11.428571428571429,3.4857142857142858,3.3714285714285714,0.7,0.22857142857142856,1.4428571428571428,2.1142857142857143,13.260858148206502,0.6054734802615646,666.7,13.087589768197658
1641801.0,Emanuel Miller,6,2025-11-29 19:30:00,2026-04-01 22:00:00,2,31.83,15.0,4.0,1.0,2.0,3.0,13.0,6.0,6.0,2.0,2.0,1.0,2.0,0.0,0.0,2.0,-19.0,0.46153846153846156,0.3333333333333333,0.5,San Antonio,Spurs,San Antonio Spurs,2026-04-01 22:00:00,2025-26,5.305,2.5,0.5,0.6666666666666666,0.3333333333333333,0.0,0.0,0.3333333333333333,0.0,0.5403458213256483,13.199999999999996,14.92931196983977
1641803.0,Tristen Newton,1,2026-04-12 20:30:00,2026-04-12 20:30:00,1,12.0,12.0,0.0,2.0,1.0,3.0,9.0,4.0,5.0,2.0,3.0,2.0,1.0,0.0,0.0,0.0,2.0,0.4444444444444444,0.4,0.6666666666666666,Houston,Rockets,Houston Rockets,2026-04-12 20:30:00,2025-26,12.0,12.0,3.0,0.0,1.0,0.0,0.0,0.0,0.0,0.5813953488372093,9.6,28.799999999999997
1641807.0,Norchad Omier,6,2026-03-02 22:00:00,2026-04-10 22:00:00,1,22.6,17.0,2.0,4.0,3.0,7.0,10.0,7.0,1.0,0.0,3.0,3.0,1.0,0.0,0.0,4.0,-23.0,0.7,0.0,1.0,LA,Clippers,LA Clippers,2026-04-10 22:00:00,2025-26,3.766666666666667,2.8333333333333335,1.1666666666666667,0.3333333333333333,0.16666666666666666,0.0,0.0,0.6666666666666666,0.0,0.7508833922261484,17.299999999999997,27.5575221238938
1641809.0,Drew Peterson,6,2025-11-17 19:30:00,2025-12-14 15:30:00,1,63.36,5.0,2.0,3.0,6.0,9.0,16.0,2.0,12.0,0.0,2.0,1.0,3.0,1.0,0.0,3.0,-10.0,0.125,0.0,0.5,Charlotte,Hornets,Charlotte Hornets,2025-12-14 15:30:00,2025-26,10.56,0.8333333333333334,1.5,0.3333333333333333,0.5,0.16666666666666666,0.0,0.5,0.0,0.1481042654028436,1.9999999999999991,1.136363636363636
1641810.0,Antonio Reeves,10,2025-11-14 20:00:00,2026-03-31 19:30:00,1,65.41,27.0,3.0,2.0,6.0,8.0,20.0,10.0,13.0,7.0,0.0,0.0,1.0,0.0,1.0,3.0,29.0,0.5,0.5384615384615384,,Charlotte,Hornets,Charlotte Hornets,2026-03-31 19:30:00,2025-26,6.5409999999999995,2.7,0.8,0.3,0.1,0.0,0.1,0.3,4.761904761904762,0.675,21.099999999999998,11.61290322580645
1641813.0,Mark Sears,7,2025-10-26 18:00:00,2025-11-24 20:00:00,1,24.85,22.0,2.0,1.0,1.0,2.0,13.0,6.0,8.0,4.0,8.0,6.0,0.0,0.0,4.0,4.0,12.0,0.46153846153846156,0.5,0.75,Milwaukee,Bucks,Milwaukee Bucks,2025-11-24 20:00:00,2025-26,3.5500000000000003,3.142857142857143,0.2857142857142857,0.2857142857142857,0.0,0.0,0.5714285714285714,0.5714285714285714,19.49317738791423,0.665859564164649,11.299999999999999,16.370221327967805
1641815.0,Isaiah Stevens,3,2026-01-30 19:30:00,2026-02-11 21:00:00,1,42.07,10.0,10.0,2.0,1.0,3.0,7.0,3.0,1.0,0.0,4.0,4.0,5.0,0.0,2.0,2.0,-9.0,0.42857142857142855,0.0,1.0,Sacramento,Kings,Sacramento Kings,2026-02-11 21:00:00,2025-26,14.023333333333333,3.3333333333333335,1.0,3.3333333333333335,1.6666666666666667,0.0,0.6666666666666666,0.6666666666666666,18.58736059479554,0.5707762557077626,17.2,14.718326598526264
1641816.0,Hunter Tyson,21,2025-10-27 21:30:00,2026-02-01 21:30:00,1,157.94,46.0,17.0,4.0,32.0,36.0,52.0,14.0,33.0,7.0,13.0,11.0,2.0,1.0,5.0,13.0,-24.0,0.2692307692307692,0.21212121212121213,0.8461538461538461,Denver,Nuggets,Denver Nuggets,2026-02-01 21:30:00,2025-26,7.520952380952381,2.1904761904761907,1.7142857142857142,0.8095238095238095,0.09523809523809523,0.047619047619047616,0.23809523809523808,0.6190476190476191,7.971938775510204,0.3984753984753985,31.200000000000003,7.111561352412309
1641824.0,Matas Buzelis,77,2025-10-22 20:00:00,2026-04-10 20:00:00,1,2231.78,1252.0,158.0,77.0,371.0,448.0,963.0,446.0,495.0,173.0,238.0,187.0,55.0,116.0,159.0,177.0,-306.0,0.46313603322949115,0.34949494949494947,0.7857142857142857,Chicago,Bulls,Chicago Bulls,2026-04-10 20:00:00,2025-26,28.984155844155847,16.25974025974026,5.818181818181818,2.051948051948052,0.7142857142857143,1.5064935064935066,2.064935064935065,2.2987012987012987,12.961392982913786,0.5862960326677406,918.1000000000001,14.809524236259847
1641842.0,Ronald Holland II,78,2025-10-22 20:00:00,2026-04-12 18:00:00,1,1536.73,640.0,95.0,83.0,232.0,315.0,544.0,235.0,198.0,50.0,149.0,120.0,92.0,27.0,96.0,183.0,133.0,0.4319852941176471,0.25252525252525254,0.8053691275167785,Detroit,Pistons,Detroit Pistons,2026-04-12 18:00:00,2025-26,19.701666666666668,8.205128205128204,4.038461538461538,1.2179487179487178,1.1794871794871795,0.34615384615384615,1.2307692307692308,2.3461538461538463,13.606213504166904,0.5249688299757203,477.5,11.186089944232233
1641854.0,Craig Porter Jr.,64,2025-10-22 19:00:00,2026-04-12 18:00:00,1,1133.81,289.0,205.0,85.0,135.0,220.0,258.0,116.0,93.0,33.0,40.0,24.0,57.0,38.0,59.0,70.0,103.0,0.4496124031007752,0.3548387096774194,0.6,Cleveland,Cavaliers,Cleveland Cavaliers,2026-04-12 18:00:00,2025-26,17.71578125,4.515625,3.4375,3.203125,0.890625,0.59375,0.921875,1.09375,17.632994620442318,0.524310595065312,388.5,12.335400111129731
1641869.0,Malachi Smith,15,2026-03-14 13:00:00,2026-04-12 18:00:00,1,356.49,124.0,49.0,12.0,39.0,51.0,99.0,48.0,46.0,20.0,8.0,8.0,12.0,4.0,14.0,13.0,-90.0,0.48484848484848486,0.43478260869565216,1.0,Brooklyn,Nets,Brooklyn Nets,2026-04-12 18:00:00,2025-26,23.766000000000002,8.266666666666667,3.4,3.2666666666666666,0.8,0.26666666666666666,0.9333333333333333,0.8666666666666667,12.01510470305527,0.6047600468201327,123.9,12.511991921232013
1641871.0,Duop Reath,33,2025-10-24 22:00:00,2026-02-03 19:30:00,2,252.10999999999999,94.0,10.0,10.0,28.0,38.0,74.0,33.0,55.0,23.0,6.0,5.0,5.0,8.0,7.0,28.0,-39.0,0.44594594594594594,0.41818181818181815,0.8333333333333334,Atlanta,Hawks,Atlanta Hawks,2026-02-03 19:30:00,2025-26,7.63969696969697,2.8484848484848486,1.1515151515151516,0.30303030303030304,0.15151515151515152,0.24242424242424243,0.21212121212121213,0.8484848484848485,8.369201339072214,0.6132567849686847,69.8,9.96707786283765
1641890.0,Tyler Smith,13,2026-03-01 20:00:00,2026-04-12 20:30:00,1,162.55,56.0,5.0,12.0,21.0,33.0,50.0,21.0,35.0,10.0,6.0,4.0,6.0,0.0,6.0,13.0,-22.0,0.42,0.2857142857142857,0.6666666666666666,Dallas,Mavericks,Dallas Mavericks,2026-04-12 20:30:00,2025-26,12.503846153846155,4.3076923076923075,2.5384615384615383,0.38461538461538464,0.46153846153846156,0.0,0.46153846153846156,1.0,10.231923601637108,0.5319148936170213,41.599999999999994,9.213165179944632
1641989.0,Elijah Harkless,26,2025-10-29 21:00:00,2026-03-28 22:00:00,1,539.69,178.0,75.0,10.0,43.0,53.0,161.0,54.0,88.0,21.0,64.0,49.0,31.0,6.0,26.0,52.0,-33.0,0.33540372670807456,0.23863636363636365,0.765625,Utah,Jazz,Utah Jazz,2026-03-28 22:00:00,2025-26,20.757307692307695,6.846153846153846,2.0384615384615383,2.8846153846153846,1.1923076923076923,0.23076923076923078,1.0,2.0,12.084030488938465,0.4705011630365828,141.7,9.452092868127998
1641998.0,Trey Jemison III,13,2025-10-22 19:00:00,2026-04-12 18:00:00,1,78.55,13.0,5.0,8.0,10.0,18.0,10.0,6.0,0.0,0.0,1.0,1.0,1.0,2.0,10.0,11.0,-29.0,0.6,,1.0,New York,Knicks,New York Knicks,2026-04-12 18:00:00,2025-26,6.042307692307692,1.0,1.3846153846153846,0.38461538461538464,0.07692307692307693,0.15384615384615385,0.7692307692307693,0.8461538461538461,48.923679060665364,0.6226053639846744,8.5,3.895607893061744
1642066.0,Myron Gardner,45,2025-10-28 19:30:00,2026-04-12 18:00:00,1,401.11,163.0,44.0,39.0,83.0,122.0,123.0,59.0,64.0,26.0,26.0,19.0,20.0,8.0,17.0,78.0,78.0,0.4796747967479675,0.40625,0.7307692307692307,Miami,Heat,Miami Heat,2026-04-12 18:00:00,2025-26,8.913555555555556,3.6222222222222222,2.7111111111111112,0.9777777777777777,0.4444444444444444,0.17777777777777778,0.37777777777777777,1.7333333333333334,11.225567881669308,0.6062183873847069,158.09999999999997,14.189623793971725
1642258.0,Zaccharie Risacher,67,2025-10-22 19:30:00,2026-04-12 18:00:00,1,1490.75,641.0,76.0,71.0,186.0,257.0,536.0,244.0,258.0,95.0,90.0,58.0,59.0,36.0,58.0,147.0,-16.0,0.4552238805970149,0.3682170542635659,0.6444444444444445,Atlanta,Hawks,Atlanta Hawks,2026-04-12 18:00:00,2025-26,22.25,9.567164179104477,3.8358208955223883,1.1343283582089552,0.8805970149253731,0.5373134328358209,0.8656716417910447,2.1940298507462686,9.154040404040403,0.5568102849200833,476.70000000000016,11.511789367767905
1642259.0,Alex Sarr,48,2025-10-22 20:00:00,2026-03-27 22:00:00,1,1295.19,783.0,130.0,105.0,250.0,355.0,656.0,316.0,150.0,50.0,146.0,101.0,39.0,95.0,82.0,105.0,-351.0,0.4817073170731707,0.3333333333333333,0.6917808219178082,Washington,Wizards,Washington Wizards,2026-03-27 22:00:00,2025-26,26.983125,16.3125,7.395833333333333,2.7083333333333335,0.8125,1.9791666666666667,1.7083333333333333,2.1875,10.221380135620263,0.5435688103965345,653.2,18.1557918143284
1642260.0,Nikola Topic,11,2026-02-12 19:30:00,2026-04-12 20:30:00,1,158.45000000000002,52.0,44.0,7.0,12.0,19.0,51.0,22.0,15.0,6.0,5.0,2.0,5.0,0.0,25.0,13.0,-42.0,0.43137254901960786,0.4,0.4,Oklahoma City,Thunder,Oklahoma City Thunder,2026-04-12 20:30:00,2025-26,14.404545454545456,4.7272727272727275,1.7272727272727273,4.0,0.45454545454545453,0.0,2.272727272727273,1.1818181818181819,31.9693094629156,0.48872180451127817,37.999999999999986,8.633638371726093
1642261.0,Dalton Knecht,54,2025-10-24 22:00:00,2026-04-12 20:30:00,1,542.16,228.0,21.0,14.0,61.0,75.0,191.0,87.0,111.0,38.0,22.0,16.0,11.0,11.0,23.0,45.0,-82.0,0.45549738219895286,0.34234234234234234,0.7272727272727273,Los Angeles,Lakers,Los Angeles Lakers,2026-04-12 20:30:00,2025-26,10.04,4.222222222222222,1.3888888888888888,0.3888888888888889,0.2037037037037037,0.2037037037037037,0.42592592592592593,0.8333333333333334,10.282546494992847,0.5680685668726331,147.20000000000002,9.774236387782206
1642262.0,Cody Williams,67,2025-10-22 21:00:00,2026-04-12 20:30:00,1,1618.33,588.0,137.0,61.0,137.0,198.0,509.0,238.0,131.0,28.0,119.0,84.0,51.0,26.0,73.0,122.0,-393.0,0.4675834970530452,0.21374045801526717,0.7058823529411765,Utah,Jazz,Utah Jazz,2026-04-12 20:30:00,2025-26,24.15417910447761,8.776119402985074,2.955223880597015,2.044776119402985,0.7611940298507462,0.3880597014925373,1.0895522388059702,1.8208955223880596,11.507661264896903,0.5237280889268918,440.0000000000002,9.787867740201323
1642263.0,Reed Sheppard,82,2025-10-21 19:30:00,2026-04-12 20:30:00,1,2131.43,1110.0,277.0,28.0,210.0,238.0,946.0,407.0,576.0,227.0,86.0,69.0,122.0,54.0,123.0,166.0,280.0,0.43023255813953487,0.3940972222222222,0.8023255813953488,Houston,Rockets,Houston Rockets,2026-04-12 20:30:00,2025-26,25.993048780487804,13.536585365853659,2.902439024390244,3.3780487804878048,1.4878048780487805,0.6585365853658537,1.5,2.024390243902439,11.112717285244479,0.5641161164416978,850.7000000000002,14.36838179062883
1642264.0,Stephon Castle,69,2025-10-22 21:30:00,2026-04-12 20:30:00,1,2023.87,1131.0,502.0,97.0,264.0,361.0,816.0,384.0,244.0,81.0,384.0,282.0,78.0,19.0,217.0,222.0,408.0,0.47058823529411764,0.3319672131147541,0.734375,San Antonio,Spurs,San Antonio Spurs,2026-04-12 20:30:00,2025-26,29.331449275362317,16.391304347826086,5.231884057971015,7.27536231884058,1.1304347826086956,0.2753623188405797,3.1449275362318843,3.217391304347826,18.053845385869746,0.5741349902534113,956.5999999999999,17.015717412679667
1642265.0,Rob Dillingham,65,2025-10-24 22:00:00,2026-04-12 20:30:00,2,956.77,409.0,143.0,19.0,112.0,131.0,412.0,163.0,133.0,42.0,55.0,41.0,47.0,6.0,100.0,114.0,-146.0,0.39563106796116504,0.3157894736842105,0.7454545454545455,Chicago,Bulls,Chicago Bulls,2026-04-12 20:30:00,2025-26,14.71953846153846,6.292307692307692,2.0153846153846153,2.2,0.7230769230769231,0.09230769230769231,1.5384615384615385,1.7538461538461538,18.649757553151808,0.46882164144887667,232.8,8.75947197341054
1642266.0,Ja'Kobe Walter,72,2025-10-27 20:00:00,2026-04-12 18:00:00,1,1459.35,541.0,86.0,56.0,129.0,185.0,404.0,180.0,269.0,110.0,90.0,71.0,73.0,14.0,37.0,162.0,1.0,0.44554455445544555,0.40892193308550184,0.7888888888888889,Toronto,Raptors,Toronto Raptors,2026-04-12 18:00:00,2025-26,20.268749999999997,7.513888888888889,2.5694444444444446,1.1944444444444444,1.0138888888888888,0.19444444444444445,0.5138888888888888,2.25,7.698709945900957,0.6097835888187556,441.7,10.896083872957139
1642267.0,Bub Carrington,82,2025-10-22 20:00:00,2026-04-12 18:00:00,1,2252.81,878.0,381.0,33.0,243.0,276.0,741.0,314.0,414.0,169.0,111.0,81.0,52.0,17.0,191.0,184.0,-746.0,0.42375168690958165,0.4082125603864734,0.7297297297297297,Washington,Wizards,Washington Wizards,2026-04-12 18:00:00,2025-26,27.47329268292683,10.707317073170731,3.3658536585365852,4.646341463414634,0.6341463414634146,0.2073170731707317,2.3292682926829267,2.2439024390243905,19.473104685779536,0.5558087713967386,634.9000000000001,10.145729111642794
1642268.0,Isaiah Collier,59,2025-11-07 20:00:00,2026-03-18 20:00:00,1,1506.15,688.0,423.0,21.0,129.0,150.0,515.0,255.0,100.0,27.0,209.0,151.0,66.0,20.0,148.0,138.0,-443.0,0.49514563106796117,0.27,0.722488038277512,Utah,Jazz,Utah Jazz,2026-03-18 20:00:00,2025-26,25.52796610169492,11.661016949152541,2.542372881355932,7.169491525423729,1.11864406779661,0.3389830508474576,2.5084745762711864,2.3389830508474576,19.603687612588747,0.5667589297482536,632.5999999999999,15.120406334030474
1642269.0,Devin Carter,38,2025-10-26 21:00:00,2026-04-12 20:30:00,1,691.12,339.0,101.0,36.0,89.0,125.0,292.0,121.0,114.0,30.0,94.0,67.0,34.0,9.0,54.0,50.0,-113.0,0.4143835616438356,0.2631578947368421,0.7127659574468085,Sacramento,Kings,Sacramento Kings,2026-04-12 20:30:00,2025-26,18.187368421052632,8.921052631578947,3.289473684210526,2.6578947368421053,0.8947368421052632,0.23684210526315788,1.4210526315789473,1.3157894736842106,13.940520446096654,0.5084593232541397,261.09999999999997,13.600532469035766
1642270.0,Donovan Clingan,77,2025-10-22 22:00:00,2026-04-12 20:30:00,1,2078.23,934.0,162.0,347.0,545.0,892.0,684.0,356.0,246.0,84.0,203.0,138.0,44.0,130.0,95.0,182.0,14.0,0.52046783625731,0.34146341463414637,0.6798029556650246,Portland,Trail Blazers,Portland Trail Blazers,2026-04-12 20:30:00,2025-26,26.990000000000002,12.12987012987013,11.584415584415584,2.103896103896104,0.5714285714285714,1.6883116883116882,1.2337662337662338,2.3636363636363638,10.940667035194398,0.6038897222365902,1058.6000000000001,18.337527607627646
1642271.0,Kyle Filipowski,77,2025-10-22 21:00:00,2026-04-07 20:00:00,1,1786.55,879.0,198.0,144.0,408.0,552.0,657.0,323.0,228.0,74.0,212.0,159.0,73.0,39.0,125.0,232.0,-256.0,0.4916286149162861,0.32456140350877194,0.75,Utah,Jazz,Utah Jazz,2026-04-07 20:00:00,2025-26,23.20194805194805,11.415584415584416,7.1688311688311686,2.5714285714285716,0.948051948051948,0.5064935064935064,1.6233766233766234,3.012987012987013,14.281144319532036,0.5857813083115637,771.3999999999999,15.544149338109762
1642272.0,Jared McCain,67,2025-11-04 20:00:00,2026-04-12 20:30:00,2,1145.81,558.0,90.0,23.0,114.0,137.0,480.0,204.0,257.0,99.0,59.0,51.0,35.0,5.0,56.0,81.0,126.0,0.425,0.3852140077821012,0.864406779661017,Oklahoma City,Thunder,Oklahoma City Thunder,2026-04-12 20:30:00,2025-26,17.101641791044774,8.328358208955224,2.044776119402985,1.3432835820895523,0.5223880597014925,0.07462686567164178,0.835820895522388,1.208955223880597,9.965122072745391,0.5514269902759111,363.80000000000007,11.430167305225128
1642273.0,Kyshawn George,48,2025-10-22 20:00:00,2026-03-02 19:00:00,1,1381.79,710.0,214.0,43.0,202.0,245.0,577.0,253.0,260.0,99.0,131.0,105.0,48.0,43.0,125.0,169.0,-355.0,0.43847487001733104,0.38076923076923075,0.8015267175572519,Washington,Wizards,Washington Wizards,2026-03-02 19:00:00,2025-26,28.787291666666665,14.791666666666666,5.104166666666667,4.458333333333333,1.0,0.8958333333333334,2.6041666666666665,3.5208333333333335,16.455162971934076,0.5593722425311988,522.9000000000001,13.623198894187976
1642274.0,Yves Missi,66,2025-10-22 20:00:00,2026-04-05 19:00:00,1,1283.81,377.0,84.0,183.0,202.0,385.0,294.0,160.0,1.0,0.0,102.0,57.0,20.0,101.0,54.0,113.0,-41.0,0.54421768707483,0.0,0.5588235294117647,New Orleans,Pelicans,New Orleans Pelicans,2026-04-05 19:00:00,2025-26,19.451666666666664,5.712121212121212,5.833333333333333,1.2727272727272727,0.30303030303030304,1.5303030303030303,0.8181818181818182,1.7121212121212122,13.744654856444717,0.5562440982058546,456.2,12.792547183773301
1642275.0,Tidjane Salaun,37,2025-10-22 19:00:00,2026-04-12 18:00:00,1,568.04,222.0,27.0,26.0,123.0,149.0,159.0,80.0,83.0,36.0,40.0,26.0,16.0,7.0,26.0,54.0,-4.0,0.5031446540880503,0.43373493975903615,0.65,Charlotte,Hornets,Charlotte Hornets,2026-04-12 18:00:00,2025-26,15.352432432432431,6.0,4.027027027027027,0.7297297297297297,0.43243243243243246,0.1891891891891892,0.7027027027027027,1.4594594594594594,12.833168805528135,0.6285390713476784,184.4,11.686500950637281
1642276.0,Kel'el Ware,77,2025-10-22 19:00:00,2026-04-12 18:00:00,1,1688.3,851.0,56.0,217.0,477.0,694.0,649.0,344.0,233.0,92.0,96.0,71.0,59.0,84.0,62.0,119.0,-66.0,0.5300462249614792,0.3948497854077253,0.7395833333333334,Miami,Heat,Miami Heat,2026-04-12 18:00:00,2025-26,21.925974025974025,11.051948051948052,9.012987012987013,0.7272727272727273,0.7662337662337663,1.0909090909090908,0.8051948051948052,1.5454545454545454,8.23110827890181,0.6155604421040449,866.7,18.480838713498787
1642277.0,Johnny Furphy,36,2025-10-23 19:30:00,2026-03-08 21:00:00,1,635.44,180.0,41.0,32.0,121.0,153.0,149.0,70.0,71.0,23.0,35.0,17.0,20.0,7.0,29.0,65.0,-58.0,0.4697986577181208,0.323943661971831,0.4857142857142857,Indiana,Pacers,Indiana Pacers,2026-03-08 21:00:00,2025-26,17.651111111111113,5.0,4.25,1.1388888888888888,0.5555555555555556,0.19444444444444445,0.8055555555555556,1.8055555555555556,14.99482936918304,0.5474452554744526,153.79999999999998,8.71333249401989
1642278.0,Tyler Kolek,62,2025-10-22 19:00:00,2026-04-03 19:30:00,1,715.91,274.0,170.0,16.0,82.0,98.0,248.0,108.0,114.0,44.0,20.0,14.0,22.0,4.0,55.0,65.0,106.0,0.43548387096774194,0.38596491228070173,0.7,New York,Knicks,New York Knicks,2026-04-03 19:30:00,2025-26,11.546935483870968,4.419354838709677,1.5806451612903225,2.7419354838709675,0.3548387096774194,0.06451612903225806,0.8870967741935484,1.0483870967741935,17.63951250801796,0.5334890965732088,239.79999999999995,12.058498973334636
1642280.0,Trentyn Flowers,2,2025-12-03 20:00:00,2025-12-07 19:00:00,1,5.33,4.0,1.0,1.0,0.0,1.0,3.0,2.0,1.0,0.0,0.0,0.0,0.0,0.0,1.0,1.0,-2.0,0.6666666666666666,0.0,,Chicago,Bulls,Chicago Bulls,2025-12-07 19:00:00,2025-26,2.665,2.0,0.5,0.5,0.0,0.0,0.5,0.5,25.0,0.6666666666666666,2.7000000000000006,18.236397748592875
1642281.0,Jaylon Tyson,66,2025-10-22 19:00:00,2026-04-12 18:00:00,1,1763.7,872.0,147.0,118.0,220.0,338.0,670.0,330.0,298.0,133.0,107.0,79.0,54.0,28.0,99.0,164.0,110.0,0.4925373134328358,0.4463087248322148,0.7383177570093458,Cleveland,Cavaliers,Cleveland Cavaliers,2026-04-12 18:00:00,2025-26,26.722727272727273,13.212121212121213,5.121212121212121,2.227272727272727,0.8181818181818182,0.42424242424242425,1.5,2.484848484848485,12.131163611410646,0.6080214202041613,684.3,13.967681578499745
1642282.0,Hunter Sallis,7,2025-10-27 19:00:00,2025-12-23 19:00:00,1,24.6,7.0,4.0,0.0,1.0,1.0,5.0,3.0,0.0,0.0,2.0,1.0,0.0,1.0,5.0,2.0,-13.0,0.6,,0.5,Philadelphia,76ers,Philadelphia 76ers,2025-12-23 19:00:00,2025-26,3.5142857142857147,1.0,0.14285714285714285,0.5714285714285714,0.0,0.14285714285714285,0.7142857142857143,0.2857142857142857,45.95588235294118,0.5952380952380952,2.299999999999998,3.365853658536582
1642285.0,Cam Spencer,72,2025-10-22 20:00:00,2026-04-06 20:00:00,1,1699.46,798.0,400.0,40.0,143.0,183.0,556.0,263.0,326.0,146.0,134.0,126.0,52.0,11.0,93.0,103.0,-89.0,0.47302158273381295,0.44785276073619634,0.9402985074626866,Memphis,Grizzlies,Memphis Grizzlies,2026-04-06 20:00:00,2025-26,23.60361111111111,11.083333333333334,2.5416666666666665,5.555555555555555,0.7222222222222222,0.1527777777777778,1.2916666666666667,1.4305555555555556,13.13633538618001,0.6488226876544816,787.1999999999999,16.67541454344321
1642345.0,Oso Ighodaro,82,2025-10-22 22:00:00,2026-04-12 20:30:00,1,1792.24,531.0,185.0,138.0,280.0,418.0,366.0,239.0,1.0,0.0,117.0,53.0,73.0,57.0,101.0,218.0,161.0,0.6530054644808743,0.0,0.452991452991453,Phoenix,Suns,Phoenix Suns,2026-04-12 20:30:00,2025-26,21.856585365853658,6.475609756097561,5.097560975609756,2.2560975609756095,0.8902439024390244,0.6951219512195121,1.2317073170731707,2.658536585365854,19.48001851566116,0.6359586087956309,579.5999999999999,11.6421907780208
1642346.0,Ryan Dunn,70,2025-10-22 22:00:00,2026-04-12 20:30:00,1,1340.36,407.0,102.0,99.0,198.0,297.0,362.0,164.0,169.0,56.0,47.0,23.0,60.0,29.0,56.0,130.0,4.0,0.4530386740331492,0.33136094674556216,0.48936170212765956,Phoenix,Suns,Phoenix Suns,2026-04-12 20:30:00,2025-26,19.148,5.814285714285714,4.242857142857143,1.457142857142857,0.8571428571428571,0.4142857142857143,0.8,1.8571428571428572,12.765569435579465,0.531775896310233,382.0,10.259930168014565
1642347.0,Jamal Shead,82,2025-10-22 19:30:00,2026-04-12 18:00:00,1,1838.97,545.0,444.0,26.0,117.0,143.0,504.0,185.0,262.0,84.0,116.0,91.0,76.0,15.0,112.0,162.0,229.0,0.36706349206349204,0.32061068702290074,0.7844827586206896,Toronto,Raptors,Toronto Raptors,2026-04-12 18:00:00,2025-26,22.426463414634146,6.646341463414634,1.7439024390243902,5.414634146341464,0.926829268292683,0.18292682926829268,1.3658536585365855,1.975609756097561,16.790597265531304,0.49095560680311334,530.0,10.375373170851073
1642348.0,Justin Edwards,64,2025-10-22 19:30:00,2026-04-12 18:00:00,1,966.21,386.0,80.0,26.0,68.0,94.0,320.0,143.0,180.0,67.0,39.0,33.0,54.0,11.0,36.0,91.0,-71.0,0.446875,0.37222222222222223,0.8461538461538461,Philadelphia,76ers,Philadelphia 76ers,2026-04-12 18:00:00,2025-26,15.09703125,6.03125,1.46875,1.25,0.84375,0.171875,0.5625,1.421875,9.647336263265087,0.5724285205836991,300.7,11.203775576737975
1642349.0,Ajay Mitchell,58,2025-10-21 19:30:00,2026-04-08 22:00:00,1,1462.49,774.0,206.0,40.0,150.0,190.0,590.0,286.0,176.0,61.0,162.0,141.0,71.0,18.0,81.0,119.0,502.0,0.4847457627118644,0.3465909090909091,0.8703703703703703,Oklahoma City,Thunder,Oklahoma City Thunder,2026-04-08 22:00:00,2025-26,25.215344827586208,13.344827586206897,3.2758620689655173,3.5517241379310347,1.2241379310344827,0.3103448275862069,1.396551724137931,2.0517241379310347,10.91232419033249,0.5852286474715703,639.2,15.734261430847392
1642352.0,Keshad Johnson,32,2025-10-24 20:00:00,2026-04-12 18:00:00,1,272.91,136.0,8.0,26.0,36.0,62.0,104.0,51.0,44.0,13.0,29.0,21.0,15.0,8.0,13.0,28.0,91.0,0.49038461538461536,0.29545454545454547,0.7241379310344828,Miami,Heat,Miami Heat,2026-04-12 18:00:00,2025-26,8.5284375,4.25,1.9375,0.25,0.46875,0.25,0.40625,0.875,10.018495684340321,0.5823912298732442,111.39999999999999,14.694954380565019
1642353.0,Cam Christie,55,2025-10-22 21:00:00,2026-04-10 22:00:00,1,469.06,156.0,31.0,19.0,59.0,78.0,139.0,53.0,49.0,12.0,50.0,38.0,16.0,3.0,22.0,19.0,-12.0,0.381294964028777,0.24489795918367346,0.76,LA,Clippers,LA Clippers,2026-04-10 22:00:00,2025-26,8.528363636363636,2.8363636363636364,1.4181818181818182,0.5636363636363636,0.2909090909090909,0.05454545454545454,0.4,0.34545454545454546,12.021857923497267,0.484472049689441,116.29999999999998,8.925936980343664
1642354.0,KJ Simpson,20,2025-11-02 18:00:00,2026-04-10 21:00:00,2,254.57,91.0,43.0,9.0,28.0,37.0,99.0,34.0,40.0,12.0,18.0,11.0,16.0,0.0,25.0,18.0,-2.0,0.3434343434343434,0.3,0.6111111111111112,Denver,Nuggets,Denver Nuggets,2026-04-10 21:00:00,2025-26,12.7285,4.55,1.85,2.15,0.8,0.0,1.25,0.9,18.95087932080048,0.42555181444070334,61.099999999999994,8.640452527791963
1642355.0,Bronny James,42,2025-10-24 22:00:00,2026-04-12 20:30:00,1,366.09,122.0,51.0,5.0,18.0,23.0,115.0,47.0,57.0,22.0,7.0,6.0,19.0,4.0,25.0,28.0,-40.0,0.40869565217391307,0.38596491228070173,0.8571428571428571,Los Angeles,Lakers,Los Angeles Lakers,2026-04-12 20:30:00,2025-26,8.71642857142857,2.9047619047619047,0.5476190476190477,1.2142857142857142,0.4523809523809524,0.09523809523809523,0.5952380952380952,0.6666666666666666,17.472742521666202,0.5165989159891599,90.1,8.860116364828322
1642357.0,David Jones Garcia,13,2025-10-22 21:30:00,2026-04-01 22:00:00,1,65.17999999999999,32.0,18.0,4.0,9.0,13.0,25.0,13.0,5.0,3.0,6.0,3.0,6.0,1.0,5.0,6.0,38.0,0.52,0.6,0.5,San Antonio,Spurs,San Antonio Spurs,2026-04-01 22:00:00,2025-26,5.013846153846154,2.4615384615384617,1.0,1.3846153846153846,0.46153846153846156,0.07692307692307693,0.38461538461538464,0.46153846153846156,15.318627450980392,0.5788712011577424,35.900000000000006,19.828168149739188
1642358.0,AJ Johnson,48,2025-10-22 20:00:00,2026-04-12 20:30:00,2,443.66,160.0,47.0,14.0,41.0,55.0,176.0,57.0,57.0,12.0,40.0,34.0,11.0,3.0,30.0,30.0,-53.0,0.32386363636363635,0.21052631578947367,0.85,Dallas,Mavericks,Dallas Mavericks,2026-04-12 20:30:00,2025-26,9.242916666666668,3.3333333333333335,1.1458333333333333,0.9791666666666666,0.22916666666666666,0.0625,0.625,0.625,13.416815742397137,0.4132231404958678,83.30000000000001,6.759230041022405
1642359.0,Pacome Dadiet,29,2025-11-02 19:00:00,2026-04-12 18:00:00,1,130.25,48.0,12.0,4.0,23.0,27.0,48.0,16.0,32.0,7.0,11.0,9.0,3.0,1.0,3.0,8.0,-5.0,0.3333333333333333,0.21875,0.8181818181818182,New York,Knicks,New York Knicks,2026-04-12 18:00:00,2025-26,4.491379310344827,1.6551724137931034,0.9310344827586207,0.41379310344827586,0.10344827586206896,0.034482758620689655,0.10344827586206896,0.27586206896551724,5.3724928366762175,0.4542013626040878,35.6,9.83953934740883
1642362.0,Payton Sandfort,4,2026-03-18 19:30:00,2026-04-12 20:30:00,1,62.800000000000004,35.0,0.0,1.0,9.0,10.0,26.0,13.0,17.0,7.0,4.0,2.0,1.0,0.0,1.0,8.0,-19.0,0.5,0.4117647058823529,0.5,Oklahoma City,Thunder,Oklahoma City Thunder,2026-04-12 20:30:00,2025-26,15.700000000000001,8.75,2.5,0.0,0.25,0.0,0.25,2.0,3.477051460361613,0.6304034582132565,21.400000000000002,12.26751592356688
1642363.0,Nique Clifford,75,2025-10-22 22:00:00,2026-04-12 20:30:00,1,1865.95,645.0,179.0,65.0,217.0,282.0,596.0,249.0,231.0,77.0,97.0,70.0,68.0,24.0,116.0,156.0,-219.0,0.41778523489932884,0.3333333333333333,0.7216494845360825,Sacramento,Kings,Sacramento Kings,2026-04-12 20:30:00,2025-26,24.879333333333335,8.6,3.76,2.3866666666666667,0.9066666666666666,0.32,1.5466666666666666,2.08,15.37075316690518,0.5049477046408217,458.9,8.85361344087462
1642364.0,Jamir Watkins,50,2025-10-28 19:00:00,2026-04-12 18:00:00,1,1022.11,368.0,67.0,49.0,145.0,194.0,296.0,132.0,158.0,47.0,82.0,57.0,54.0,25.0,40.0,129.0,-164.0,0.44594594594594594,0.2974683544303797,0.6951219512195121,Washington,Wizards,Washington Wizards,2026-04-12 18:00:00,2025-26,20.4422,7.36,3.88,1.34,1.08,0.5,0.8,2.58,10.750376263169212,0.5540833534088172,308.2,10.855191711263952
1642365.0,Nikola Đurisic,1,2026-02-03 19:30:00,2026-02-03 19:30:00,1,0.0,0.0,0.0,0.0,0.0,0.0,0.0,0.0,0.0,0.0,0.0,0.0,0.0,0.0,0.0,0.0,0.0,,,,Atlanta,Hawks,Atlanta Hawks,2026-02-03 19:30:00,2025-26,0.0,0.0,0.0,0.0,0.0,0.0,0.0,0.0,,,0.0,
1642366.0,Quinten Post,68,2025-10-21 22:00:00,2026-04-01 22:00:00,1,1145.54,513.0,94.0,68.0,201.0,269.0,439.0,193.0,277.0,93.0,43.0,34.0,26.0,35.0,56.0,125.0,60.0,0.4396355353075171,0.33574007220216606,0.7906976744186046,Golden State,Warriors,Golden State Warriors,2026-04-01 22:00:00,2025-26,16.846176470588233,7.544117647058823,3.9558823529411766,1.3823529411764706,0.38235294117647056,0.5147058823529411,0.8235294117647058,1.838235294117647,10.896637608966374,0.5601415094339622,397.5000000000001,12.491925205579905
1642367.0,Jonathan Mogbo,40,2025-10-22 19:30:00,2026-04-12 18:00:00,1,240.14000000000001,61.0,25.0,19.0,49.0,68.0,44.0,26.0,1.0,0.0,14.0,9.0,11.0,8.0,14.0,26.0,-53.0,0.5909090909090909,0.0,0.6428571428571429,Toronto,Raptors,Toronto Raptors,2026-04-12 18:00:00,2025-26,6.003500000000001,1.525,1.7,0.625,0.275,0.2,0.35,0.65,21.820448877805486,0.6080542264752792,76.3,11.43832764220871
1642368.0,N'Faly Dante,5,2025-10-24 19:00:00,2026-02-03 19:30:00,1,14.45,3.0,0.0,3.0,4.0,7.0,4.0,1.0,0.0,0.0,1.0,1.0,2.0,0.0,1.0,1.0,10.0,0.25,,1.0,Atlanta,Hawks,Atlanta Hawks,2026-02-03 19:30:00,2025-26,2.8899999999999997,0.6,1.4,0.0,0.4,0.0,0.2,0.2,18.38235294117647,0.33783783783783783,4.499999999999999,11.211072664359861
1642377.0,Jaylen Wells,69,2025-10-22 20:00:00,2026-03-23 19:30:00,1,1807.61,865.0,111.0,61.0,159.0,220.0,698.0,301.0,365.0,129.0,171.0,134.0,61.0,9.0,74.0,148.0,-179.0,0.43123209169054444,0.35342465753424657,0.783625730994152,Memphis,Grizzlies,Memphis Grizzlies,2026-03-23 19:30:00,2025-26,26.19724637681159,12.53623188405797,3.1884057971014492,1.608695652173913,0.8840579710144928,0.13043478260869565,1.0724637681159421,2.1449275362318843,8.734242953590481,0.5593347472970875,584.2,11.63481060627016
1642380.0,Adama Bal,8,2026-03-28 20:00:00,2026-04-10 21:30:00,1,239.59,83.0,19.0,6.0,19.0,25.0,68.0,28.0,44.0,18.0,10.0,9.0,9.0,1.0,6.0,27.0,-166.0,0.4117647058823529,0.4090909090909091,0.9,Memphis,Grizzlies,Memphis Grizzlies,2026-04-10 21:30:00,2025-26,29.94875,10.375,3.125,2.375,1.125,0.125,0.75,3.375,7.653061224489796,0.5732044198895028,62.30000000000001,9.360991694144163
1642382.0,Branden Carlson,43,2025-10-23 19:30:00,2026-04-12 20:30:00,1,479.34,242.0,29.0,29.0,95.0,124.0,186.0,98.0,86.0,31.0,26.0,15.0,8.0,27.0,16.0,36.0,-24.0,0.5268817204301075,0.36046511627906974,0.5769230769230769,Oklahoma City,Thunder,Oklahoma City Thunder,2026-04-12 20:30:00,2025-26,11.147441860465115,5.627906976744186,2.883720930232558,0.6744186046511628,0.18604651162790697,0.627906976744186,0.37209302325581395,0.8372093023255814,7.496251874062969,0.6128444084278768,212.2,15.936913255726624
1642383.0,Walter Clayton Jr.,69,2025-10-22 21:00:00,2026-04-08 21:00:00,2,1397.93,538.0,279.0,25.0,114.0,139.0,461.0,177.0,244.0,75.0,121.0,109.0,44.0,19.0,116.0,119.0,-285.0,0.3839479392624729,0.3073770491803279,0.9008264462809917,Memphis,Grizzlies,Memphis Grizzlies,2026-04-08 21:00:00,2025-26,20.25985507246377,7.797101449275362,2.0144927536231885,4.043478260869565,0.6376811594202898,0.2753623188405797,1.681159420289855,1.7246376811594204,18.405686722518407,0.523102053515868,421.9999999999999,10.867496941906959
1642384.0,Isaiah Crawford,14,2025-11-24 21:30:00,2026-04-12 20:30:00,1,89.26,28.0,5.0,3.0,13.0,16.0,24.0,10.0,13.0,3.0,6.0,5.0,2.0,3.0,4.0,4.0,-9.0,0.4166666666666667,0.23076923076923078,0.8333333333333334,Houston,Rockets,Houston Rockets,2026-04-12 20:30:00,2025-26,6.375714285714286,2.0,1.1428571428571428,0.35714285714285715,0.14285714285714285,0.21428571428571427,0.2857142857142857,0.2857142857142857,13.054830287206267,0.5255255255255256,22.799999999999997,9.195608335200538
1642389.0,Zyon Pullin,5,2026-03-18 20:00:00,2026-04-12 20:30:00,1,41.55,23.0,9.0,1.0,2.0,3.0,13.0,9.0,3.0,1.0,4.0,4.0,1.0,0.0,3.0,6.0,6.0,0.6923076923076923,0.3333333333333333,1.0,Minnesota,Timberwolves,Minnesota Timberwolves,2026-04-12 20:30:00,2025-26,8.309999999999999,4.6,0.6,1.8,0.2,0.0,0.6,1.2,16.891891891891895,0.7791327913279132,20.700000000000003,17.93501805054152
1642396.0,Blake Hinson,14,2026-02-12 21:00:00,2026-04-12 20:30:00,1,282.86,167.0,16.0,11.0,22.0,33.0,115.0,59.0,79.0,37.0,16.0,12.0,5.0,2.0,5.0,24.0,45.0,0.5130434782608696,0.46835443037974683,0.75,Utah,Jazz,Utah Jazz,2026-04-12 20:30:00,2025-26,20.204285714285714,11.928571428571429,2.357142857142857,1.1428571428571428,0.35714285714285715,0.14285714285714285,0.35714285714285715,1.7142857142857142,3.935768261964735,0.6842019010160603,125.80000000000001,16.01074736618822
1642400.0,Tristan Enaruna,9,2026-02-01 21:00:00,2026-04-12 18:00:00,1,83.08,37.0,7.0,7.0,7.0,14.0,28.0,14.0,10.0,3.0,8.0,6.0,5.0,0.0,3.0,3.0,43.0,0.5,0.3,0.75,Cleveland,Cavaliers,Cleveland Cavaliers,2026-04-12 18:00:00,2025-26,9.231111111111112,4.111111111111111,1.5555555555555556,0.7777777777777778,0.5555555555555556,0.0,0.3333333333333333,0.3333333333333333,8.69061413673233,0.5869289340101523,34.9,15.122773230621087
1642402.0,Enrique Freeman,4,2026-02-08 15:00:00,2026-04-12 20:30:00,1,36.730000000000004,13.0,2.0,2.0,8.0,10.0,8.0,4.0,4.0,2.0,4.0,3.0,2.0,3.0,2.0,5.0,28.0,0.5,0.5,0.75,Minnesota,Timberwolves,Minnesota Timberwolves,2026-04-12 20:30:00,2025-26,9.182500000000001,3.25,2.5,0.5,0.5,0.75,0.5,1.25,17.006802721088437,0.6659836065573771,13.899999999999999,13.62374081132589
1642403.0,Isaac Jones,7,2025-10-24 22:00:00,2026-04-12 18:00:00,2,34.61,9.0,1.0,2.0,3.0,5.0,7.0,3.0,2.0,0.0,4.0,3.0,0.0,1.0,1.0,4.0,-26.0,0.42857142857142855,0.0,0.75,Detroit,Pistons,Detroit Pistons,2026-04-12 18:00:00,2025-26,4.944285714285714,1.2857142857142858,0.7142857142857143,0.14285714285714285,0.0,0.14285714285714285,0.14285714285714285,0.5714285714285714,10.245901639344263,0.5136986301369864,6.0,6.240970817682751
1642404.0,Chaz Lanier,34,2025-10-24 20:00:00,2026-04-12 18:00:00,1,256.01,80.0,17.0,8.0,15.0,23.0,89.0,28.0,67.0,19.0,6.0,5.0,7.0,0.0,3.0,12.0,6.0,0.3146067415730337,0.2835820895522388,0.8333333333333334,Detroit,Pistons,Detroit Pistons,2026-04-12 18:00:00,2025-26,7.529705882352941,2.3529411764705883,0.6764705882352942,0.5,0.20588235294117646,0.0,0.08823529411764706,0.35294117647058826,3.1699070160608622,0.43649061545176776,49.7,6.988789500410141
1642419.0,Jamison Battle,61,2025-10-22 19:30:00,2026-04-12 18:00:00,1,504.87,192.0,24.0,20.0,69.0,89.0,145.0,74.0,85.0,35.0,14.0,9.0,7.0,3.0,19.0,42.0,89.0,0.5103448275862069,0.4117647058823529,0.6428571428571429,Toronto,Raptors,Toronto Raptors,2026-04-12 18:00:00,2025-26,8.27655737704918,3.1475409836065573,1.459016393442623,0.39344262295081966,0.11475409836065574,0.04918032786885246,0.3114754098360656,0.6885245901639344,11.165961448048895,0.6350886477904207,142.89999999999995,10.189553746508999
1642434.0,Riley Minix,9,2025-10-22 21:30:00,2026-04-12 18:00:00,2,56.05,35.0,5.0,2.0,4.0,6.0,23.0,14.0,12.0,4.0,3.0,3.0,2.0,1.0,3.0,5.0,32.0,0.6086956521739131,0.3333333333333333,1.0,Cleveland,Cavaliers,Cleveland Cavaliers,2026-04-12 18:00:00,2025-26,6.227777777777778,3.888888888888889,0.6666666666666666,0.5555555555555556,0.2222222222222222,0.1111111111111111,0.3333333333333333,0.5555555555555556,10.980966325036603,0.7195723684210527,28.300000000000004,18.176628010704732
1642443.0,Jahmir Young,14,2025-10-24 20:00:00,2026-04-12 18:00:00,1,55.31,25.0,9.0,2.0,2.0,4.0,25.0,10.0,9.0,3.0,2.0,2.0,1.0,0.0,3.0,7.0,1.0,0.4,0.3333333333333333,1.0,Miami,Heat,Miami Heat,2026-04-12 18:00:00,2025-26,3.950714285714286,1.7857142857142858,0.2857142857142857,0.6428571428571429,0.07142857142857142,0.0,0.21428571428571427,0.5,10.387811634349031,0.48299845440494593,15.0,9.763153136864943
1642449.0,Tolu Smith,15,2025-10-27 19:00:00,2026-04-12 18:00:00,1,135.26,56.0,13.0,22.0,27.0,49.0,36.0,18.0,0.0,0.0,30.0,20.0,2.0,6.0,7.0,23.0,0.0,0.5,,0.6666666666666666,Detroit,Pistons,Detroit Pistons,2026-04-12 18:00:00,2025-26,9.017333333333333,3.7333333333333334,3.2666666666666666,0.8666666666666667,0.13333333333333333,0.4,0.4666666666666667,1.5333333333333334,12.455516014234874,0.5691056910569106,56.599999999999994,15.064320567795358
1642450.0,Daniss Jenkins,72,2025-10-24 20:00:00,2026-04-12 18:00:00,1,1442.8,671.0,278.0,51.0,115.0,166.0,568.0,232.0,195.0,73.0,161.0,134.0,64.0,15.0,115.0,107.0,209.0,0.4084507042253521,0.37435897435897436,0.8322981366459627,Detroit,Pistons,Detroit Pistons,2026-04-12 18:00:00,2025-26,20.038888888888888,9.319444444444445,2.3055555555555554,3.861111111111111,0.8888888888888888,0.20833333333333334,1.5972222222222223,1.4861111111111112,15.255226573278149,0.5251706217519253,536.9,13.396451344607707
1642461.0,Spencer Jones,64,2025-10-23 22:00:00,2026-03-29 22:00:00,1,1402.89,352.0,51.0,75.0,134.0,209.0,262.0,132.0,144.0,57.0,51.0,31.0,52.0,29.0,31.0,175.0,1.0,0.5038167938931297,0.3958333333333333,0.6078431372549019,Denver,Nuggets,Denver Nuggets,2026-03-29 22:00:00,2025-26,21.92015625,5.5,3.265625,0.796875,0.8125,0.453125,0.484375,2.734375,9.827542480344915,0.6187596681198144,313.1,8.034557235421167
1642468.0,Darius Brown,1,2026-02-24 19:30:00,2026-02-24 19:30:00,1,2.4,0.0,0.0,0.0,1.0,1.0,1.0,0.0,0.0,0.0,0.0,0.0,0.0,0.0,0.0,0.0,-4.0,0.0,,,Cleveland,Cavaliers,Cleveland Cavaliers,2026-02-24 19:30:00,2025-26,2.4,0.0,1.0,0.0,0.0,0.0,0.0,0.0,0.0,0.0,-0.39999999999999997,-6.0
1642484.0,RayJ Dennis,18,2025-10-25 20:00:00,2026-04-12 18:00:00,3,202.54,74.0,33.0,8.0,18.0,26.0,83.0,26.0,45.0,14.0,9.0,8.0,4.0,4.0,17.0,21.0,-62.0,0.3132530120481928,0.3111111111111111,0.8888888888888888,Atlanta,Hawks,Atlanta Hawks,2026-04-12 18:00:00,2025-26,11.252222222222223,4.111111111111111,1.4444444444444444,1.8333333333333333,0.2222222222222222,0.2222222222222222,0.9444444444444444,1.1666666666666667,16.35244324740285,0.4254829806807728,41.40000000000001,7.3585464599585295
1642490.0,Josh Oduro,3,2026-04-07 20:00:00,2026-04-12 20:30:00,1,81.06,25.0,4.0,11.0,12.0,23.0,17.0,11.0,2.0,0.0,6.0,3.0,0.0,0.0,2.0,14.0,1.0,0.6470588235294118,0.0,0.5,New Orleans,Pelicans,New Orleans Pelicans,2026-04-12 20:30:00,2025-26,27.02,8.333333333333334,7.666666666666667,1.3333333333333333,0.0,0.0,0.6666666666666666,4.666666666666667,9.242144177449168,0.6364562118126272,22.8,10.125832716506292
1642502.0,Malevy Leons,25,2026-01-19 22:00:00,2026-04-12 20:30:00,1,270.69,83.0,23.0,30.0,23.0,53.0,72.0,32.0,16.0,4.0,19.0,15.0,14.0,9.0,13.0,31.0,-75.0,0.4444444444444444,0.25,0.7894736842105263,Golden State,Warriors,Golden State Warriors,2026-04-12 20:30:00,2025-26,10.8276,3.32,2.12,0.92,0.56,0.36,0.52,1.24,13.92459297343616,0.5164260826281732,82.69999999999999,10.998559237504155
1642504.0,Cormac Ryan,11,2026-03-19 21:00:00,2026-04-12 18:00:00,1,268.41,157.0,19.0,8.0,20.0,28.0,102.0,53.0,59.0,27.0,26.0,24.0,11.0,3.0,17.0,27.0,-18.0,0.5196078431372549,0.4576271186440678,0.9230769230769231,Milwaukee,Bucks,Milwaukee Bucks,2026-04-12 18:00:00,2025-26,24.400909090909092,14.272727272727273,2.5454545454545454,1.7272727272727273,1.0,0.2727272727272727,1.5454545454545454,2.4545454545454546,13.0328120208525,0.6919957686882934,116.19999999999999,15.585112328154686
1642530.0,Yuki Kawamura,18,2026-01-31 20:00:00,2026-04-12 20:30:00,1,205.02,62.0,47.0,7.0,26.0,33.0,52.0,17.0,37.0,11.0,19.0,17.0,9.0,0.0,14.0,15.0,-3.0,0.3269230769230769,0.2972972972972973,0.8947368421052632,Chicago,Bulls,Chicago Bulls,2026-04-12 20:30:00,2025-26,11.39,3.4444444444444446,1.8333333333333333,2.611111111111111,0.5,0.0,0.7777777777777778,0.8333333333333334,18.827326519634212,0.513585155732273,66.19999999999999,11.624231782265143
1642843.0,Cooper Flagg,71,2025-10-22 21:30:00,2026-04-12 20:30:00,1,2328.31,1473.0,316.0,86.0,380.0,466.0,1194.0,559.0,244.0,72.0,342.0,283.0,84.0,64.0,161.0,142.0,-266.0,0.46817420435510887,0.29508196721311475,0.827485380116959,Dallas,Mavericks,Dallas Mavericks,2026-04-12 20:30:00,2025-26,32.793098591549295,20.746478873239436,6.563380281690141,4.450704225352113,1.1830985915492958,0.9014084507042254,2.267605633802817,2.0,10.69426362356192,0.5477954302034987,1143.6000000000001,17.68218149645022
1642844.0,Dylan Harper,69,2025-10-22 21:30:00,2026-04-12 20:30:00,1,1545.19,813.0,266.0,54.0,180.0,234.0,656.0,331.0,178.0,61.0,119.0,90.0,54.0,24.0,99.0,139.0,303.0,0.5045731707317073,0.34269662921348315,0.7563025210084033,San Antonio,Spurs,San Antonio Spurs,2026-04-12 20:30:00,2025-26,22.394057971014494,11.782608695652174,3.391304347826087,3.8550724637681157,0.782608695652174,0.34782608695652173,1.434782608695652,2.0144927536231885,12.26218787158145,0.5738607487718109,668.7999999999998,15.581773115280319
1642845.0,VJ Edgecombe,75,2025-10-22 19:30:00,2026-04-12 18:00:00,1,2607.9900000000002,1199.0,315.0,122.0,301.0,423.0,1030.0,451.0,421.0,149.0,181.0,148.0,107.0,39.0,137.0,214.0,57.0,0.43786407766990293,0.35391923990498814,0.8176795580110497,Philadelphia,76ers,Philadelphia 76ers,2026-04-12 18:00:00,2025-26,34.7732,15.986666666666666,5.64,4.2,1.4266666666666667,0.52,1.8266666666666667,2.8533333333333335,10.989539883206056,0.5402653112721243,953.1000000000001,13.1563387896426
1642846.0,Ace Bailey,72,2025-10-22 21:00:00,2026-04-12 20:30:00,1,1974.58,993.0,131.0,104.0,198.0,302.0,892.0,395.0,398.0,137.0,88.0,66.0,60.0,49.0,107.0,193.0,-448.0,0.4428251121076233,0.3442211055276382,0.75,Utah,Jazz,Utah Jazz,2026-04-12 20:30:00,2025-26,27.424722222222222,13.791666666666666,4.194444444444445,1.8194444444444444,0.8333333333333334,0.6805555555555556,1.4861111111111112,2.6805555555555554,10.31106656901669,0.533457968024755,651.8,11.883438503377933
1642847.0,Jeremiah Fears,82,2025-10-22 20:00:00,2026-04-12 20:30:00,1,2097.59,1169.0,279.0,60.0,240.0,300.0,1006.0,437.0,306.0,101.0,246.0,194.0,97.0,30.0,178.0,151.0,-287.0,0.43439363817097415,0.3300653594771242,0.7886178861788617,New Orleans,Pelicans,New Orleans Pelicans,2026-04-12 20:30:00,2025-26,25.580365853658538,14.25609756097561,3.658536585365854,3.402439024390244,1.1829268292682926,0.36585365853658536,2.1707317073170733,1.8414634146341464,13.77453104686436,0.5245728029867892,807.7000000000002,13.862194232428646
1642848.0,Tre Johnson,60,2025-10-22 20:00:00,2026-04-04 15:00:00,1,1433.32,733.0,122.0,29.0,141.0,170.0,647.0,271.0,321.0,115.0,87.0,76.0,33.0,18.0,93.0,122.0,-338.0,0.4188562596599691,0.3582554517133956,0.8735632183908046,Washington,Wizards,Washington Wizards,2026-04-04 15:00:00,2025-26,23.888666666666666,12.216666666666667,2.8333333333333335,2.033333333333333,0.55,0.3,1.55,2.033333333333333,11.949426941460658,0.5348178846602849,435.9000000000001,10.948287891050152
1642849.0,Nolan Traore,56,2025-10-22 19:00:00,2026-04-10 20:00:00,1,1231.25,499.0,213.0,14.0,85.0,99.0,479.0,182.0,192.0,61.0,94.0,74.0,45.0,23.0,129.0,119.0,-280.0,0.37995824634655534,0.3177083333333333,0.7872340425531915,Brooklyn,Nets,Brooklyn Nets,2026-04-10 20:00:00,2025-26,21.986607142857142,8.910714285714286,1.7678571428571428,3.8035714285714284,0.8035714285714286,0.4107142857142857,2.3035714285714284,2.125,19.865713933719356,0.47947574755938194,297.4,8.695553299492385
1642850.0,Thomas Sorber,1,2026-03-01 20:00:00,2026-03-01 20:00:00,1,0.0,0.0,0.0,0.0,0.0,0.0,0.0,0.0,0.0,0.0,0.0,0.0,0.0,0.0,0.0,0.0,0.0,,,,Oklahoma City,Thunder,Oklahoma City Thunder,2026-03-01 20:00:00,2025-26,0.0,0.0,0.0,0.0,0.0,0.0,0.0,0.0,,,0.0,
1642851.0,Kon Knueppel,81,2025-10-22 19:00:00,2026-04-12 18:00:00,1,2534.44,1498.0,274.0,97.0,335.0,432.0,1084.0,515.0,642.0,273.0,226.0,195.0,57.0,19.0,161.0,169.0,322.0,0.47509225092250923,0.4252336448598131,0.8628318584070797,Charlotte,Hornets,Charlotte Hornets,2026-04-12 18:00:00,2025-26,31.289382716049385,18.493827160493826,5.333333333333333,3.382716049382716,0.7037037037037037,0.2345679012345679,1.9876543209876543,2.0864197530864197,11.975246199160988,0.6329006962752654,1134.7,16.117643345275486
1642852.0,Derik Queen,81,2025-10-22 20:00:00,2026-04-12 20:30:00,1,2006.46,948.0,298.0,136.0,436.0,572.0,748.0,354.0,88.0,23.0,273.0,217.0,84.0,74.0,190.0,215.0,-304.0,0.4732620320855615,0.26136363636363635,0.7948717948717948,New Orleans,Pelicans,New Orleans Pelicans,2026-04-12 20:30:00,2025-26,24.77111111111111,11.703703703703704,7.061728395061729,3.6790123456790123,1.037037037037037,0.9135802469135802,2.345679012345679,2.654320987654321,17.956375458360114,0.5460074644058425,837.9999999999998,15.035435543195474
1642853.0,Rasheer Fleming,55,2025-10-24 22:30:00,2026-04-12 20:30:00,1,662.45,238.0,16.0,57.0,67.0,124.0,215.0,87.0,130.0,45.0,34.0,19.0,22.0,21.0,29.0,64.0,97.0,0.4046511627906977,0.34615384615384615,0.5588235294117647,Phoenix,Suns,Phoenix Suns,2026-04-12 20:30:00,2025-26,12.044545454545455,4.327272727272727,2.2545454545454544,0.2909090909090909,0.4,0.38181818181818183,0.5272727272727272,1.1636363636363636,11.198640716713005,0.5174813010958428,169.6,9.216695599667897
1642854.0,Asa Newell,44,2025-10-24 19:00:00,2026-04-12 18:00:00,1,490.35,227.0,26.0,44.0,52.0,96.0,169.0,91.0,75.0,29.0,29.0,16.0,16.0,15.0,23.0,65.0,-44.0,0.5384615384615384,0.38666666666666666,0.5517241379310345,Atlanta,Hawks,Atlanta Hawks,2026-04-12 18:00:00,2025-26,11.144318181818182,5.159090909090909,2.1818181818181817,0.5909090909090909,0.36363636363636365,0.3409090909090909,0.5227272727272727,1.4772727272727273,11.232662629419808,0.624449823943662,181.99999999999997,13.361884368308349
1642855.0,Noa Essengue,2,2025-11-22 20:00:00,2025-11-24 20:00:00,1,5.619999999999999,0.0,0.0,0.0,0.0,0.0,3.0,0.0,2.0,0.0,0.0,0.0,1.0,0.0,0.0,1.0,-15.0,0.0,0.0,,Chicago,Bulls,Chicago Bulls,2025-11-24 20:00:00,2025-26,2.8099999999999996,0.0,0.0,0.0,0.5,0.0,0.0,0.5,0.0,0.0,-1.4999999999999996,-9.608540925266903
1642856.0,Egor Demin,53,2025-10-22 19:00:00,2026-04-10 20:00:00,1,1298.94,536.0,173.0,21.0,144.0,165.0,449.0,179.0,322.0,124.0,65.0,54.0,42.0,17.0,86.0,93.0,-161.0,0.3986636971046771,0.38509316770186336,0.8307692307692308,Brooklyn,Nets,Brooklyn Nets,2026-04-10 20:00:00,2025-26,24.508301886792452,10.11320754716981,3.1132075471698113,3.2641509433962264,0.7924528301886793,0.32075471698113206,1.6226415094339623,1.7547169811320755,15.259048970901349,0.5611390284757118,398.6000000000001,11.047161531710472
1642857.0,Kasparas Jakucionis,53,2025-12-01 19:30:00,2026-04-12 18:00:00,1,932.79,328.0,137.0,43.0,95.0,138.0,238.0,102.0,156.0,66.0,66.0,58.0,33.0,7.0,50.0,99.0,72.0,0.42857142857142855,0.4230769230769231,0.8787878787878788,Miami,Heat,Miami Heat,2026-04-12 18:00:00,2025-26,17.599811320754718,6.188679245283019,2.6037735849056602,2.5849056603773586,0.6226415094339622,0.1320754716981132,0.9433962264150944,1.8679245283018868,15.77088064597527,0.6141402037147993,301.79999999999995,11.647637731965395
1642859.0,Jase Richardson,54,2025-10-25 19:00:00,2026-04-10 20:00:00,1,575.23,239.0,58.0,21.0,42.0,63.0,188.0,89.0,79.0,28.0,46.0,33.0,19.0,2.0,25.0,53.0,-17.0,0.4734042553191489,0.35443037974683544,0.717391304347826,Orlando,Magic,Orlando Magic,2026-04-10 20:00:00,2025-26,10.652407407407408,4.425925925925926,1.1666666666666667,1.0740740740740742,0.35185185185185186,0.037037037037037035,0.46296296296296297,0.9814814814814815,10.71857314354313,0.5738570879754129,179.90000000000003,11.258800827495092
1642860.0,Will Riley,74,2025-10-22 20:00:00,2026-04-12 18:00:00,1,1617.5,764.0,146.0,56.0,156.0,212.0,618.0,271.0,247.0,78.0,180.0,144.0,54.0,10.0,94.0,91.0,-484.0,0.43851132686084143,0.3157894736842105,0.8,Washington,Wizards,Washington Wizards,2026-04-12 18:00:00,2025-26,21.85810810810811,10.324324324324325,2.864864864864865,1.972972972972973,0.7297297297297297,0.13513513513513514,1.2702702702702702,1.2297297297297298,11.880687563195146,0.5479059093516925,544.2000000000002,12.112024729520869
1642862.0,Liam McNeeley,31,2025-10-26 18:00:00,2026-04-12 18:00:00,1,362.13,132.0,24.0,13.0,60.0,73.0,95.0,38.0,60.0,24.0,39.0,32.0,5.0,3.0,13.0,36.0,8.0,0.4,0.4,0.8205128205128205,Charlotte,Hornets,Charlotte Hornets,2026-04-12 18:00:00,2025-26,11.681612903225806,4.258064516129032,2.3548387096774195,0.7741935483870968,0.16129032258064516,0.0967741935483871,0.41935483870967744,1.1612903225806452,10.386705017577501,0.5884450784593438,101.49999999999997,10.090299063872088
1642863.0,Khaman Maluach,46,2025-10-24 22:30:00,2026-04-12 20:30:00,1,402.22,139.0,6.0,49.0,84.0,133.0,105.0,56.0,21.0,5.0,31.0,22.0,5.0,33.0,25.0,43.0,47.0,0.5333333333333333,0.23809523809523808,0.7096774193548387,Phoenix,Suns,Phoenix Suns,2026-04-12 20:30:00,2025-26,8.743913043478262,3.0217391304347827,2.891304347826087,0.13043478260869565,0.10869565217391304,0.717391304347826,0.5434782608695652,0.9347826086956522,17.404622667780565,0.5858057990559676,133.9,11.984486102133161
1642864.0,Hugo Gonzalez,74,2025-10-24 19:30:00,2026-04-10 19:30:00,1,1069.16,289.0,40.0,62.0,184.0,246.0,246.0,117.0,116.0,42.0,26.0,13.0,42.0,21.0,38.0,124.0,246.0,0.47560975609756095,0.3620689655172414,0.5,Boston,Celtics,Boston Celtics,2026-04-10 19:30:00,2025-26,14.448108108108109,3.9054054054054053,3.324324324324324,0.5405405405405406,0.5675675675675675,0.28378378378378377,0.5135135135135135,1.6756756756756757,12.862171676144056,0.5612958359229335,254.10000000000002,8.555875640689887
1642866.0,Joan Beringer,40,2025-10-24 22:00:00,2026-04-12 20:30:00,1,306.08,156.0,12.0,45.0,47.0,92.0,98.0,65.0,0.0,0.0,37.0,26.0,7.0,26.0,11.0,47.0,23.0,0.6632653061224489,,0.7027027027027027,Minnesota,Timberwolves,Minnesota Timberwolves,2026-04-12 20:30:00,2025-26,7.651999999999999,3.9,2.3,0.3,0.175,0.65,0.275,1.175,8.780332056194124,0.6825341267063353,158.39999999999998,18.630423418714063
1642867.0,Collin Murray-Boyles,57,2025-10-26 19:30:00,2026-04-12 18:00:00,1,1235.38,484.0,106.0,133.0,152.0,285.0,342.0,198.0,50.0,17.0,108.0,71.0,52.0,53.0,59.0,147.0,47.0,0.5789473684210527,0.34,0.6574074074074074,Toronto,Raptors,Toronto Raptors,2026-04-12 18:00:00,2025-26,21.673333333333336,8.491228070175438,5.0,1.8596491228070176,0.9122807017543859,0.9298245614035088,1.0350877192982457,2.5789473684210527,13.15437438687238,0.6212774697063053,493.20000000000016,14.37225792873448
1642868.0,Carter Bryant,71,2025-10-22 21:30:00,2026-04-12 20:30:00,1,805.52,298.0,47.0,38.0,140.0,178.0,265.0,108.0,155.0,52.0,42.0,30.0,16.0,23.0,33.0,94.0,-4.0,0.4075471698113208,0.33548387096774196,0.7142857142857143,San Antonio,Spurs,San Antonio Spurs,2026-04-12 20:30:00,2025-26,11.345352112676055,4.197183098591549,2.507042253521127,0.6619718309859155,0.22535211267605634,0.323943661971831,0.4647887323943662,1.323943661971831,10.427199191102122,0.5256102723296175,213.9,9.559539179660344
1642869.0,Noah Penda,59,2025-10-27 19:00:00,2026-04-10 20:00:00,1,744.38,227.0,70.0,67.0,120.0,187.0,203.0,82.0,93.0,30.0,48.0,33.0,30.0,18.0,42.0,70.0,-55.0,0.4039408866995074,0.3225806451612903,0.6875,Orlando,Magic,Orlando Magic,2026-04-10 20:00:00,2025-26,12.616610169491524,3.847457627118644,3.169491525423729,1.1864406779661016,0.5084745762711864,0.3050847457627119,0.711864406779661,1.1864406779661016,15.78235382534195,0.506425129394967,216.20000000000005,10.45594991805261
1642873.0,Amari Williams,22,2025-10-24 19:30:00,2026-04-12 18:00:00,1,141.84,30.0,10.0,9.0,31.0,40.0,20.0,10.0,0.0,0.0,14.0,10.0,3.0,10.0,11.0,19.0,-58.0,0.5,,0.7142857142857143,Boston,Celtics,Boston Celtics,2026-04-12 18:00:00,2025-26,6.447272727272727,1.3636363636363635,1.8181818181818181,0.45454545454545453,0.13636363636363635,0.45454545454545453,0.5,0.8636363636363636,29.601722282023683,0.573394495412844,32.4,8.223350253807105
1642874.0,Danny Wolf,57,2025-11-03 19:00:00,2026-03-22 18:00:00,1,1174.3,508.0,127.0,57.0,224.0,281.0,440.0,178.0,211.0,68.0,109.0,84.0,30.0,32.0,73.0,126.0,-231.0,0.40454545454545454,0.3222748815165877,0.7706422018348624,Brooklyn,Nets,Brooklyn Nets,2026-03-22 18:00:00,2025-26,20.601754385964913,8.912280701754385,4.9298245614035086,2.2280701754385963,0.5263157894736842,0.5614035087719298,1.280701754385965,2.210526315789474,13.013405590416427,0.5205344700385278,386.19999999999993,11.839563995571828
1642875.0,Maxime Raynaud,74,2025-10-22 22:00:00,2026-04-12 20:30:00,1,1948.72,922.0,100.0,142.0,414.0,556.0,671.0,383.0,74.0,24.0,168.0,132.0,38.0,39.0,94.0,170.0,-461.0,0.5707898658718331,0.32432432432432434,0.7857142857142857,Sacramento,Kings,Sacramento Kings,2026-04-12 20:30:00,2025-26,26.334054054054054,12.45945945945946,7.513513513513513,1.3513513513513513,0.5135135135135135,0.527027027027027,1.2702702702702702,2.2972972972972974,11.204882467934965,0.6188584009021103,788.0,14.557247834475964
1642876.0,Adou Thiero,25,2025-11-15 20:00:00,2026-04-12 20:30:00,1,143.34,47.0,10.0,9.0,19.0,28.0,31.0,16.0,3.0,1.0,22.0,14.0,7.0,2.0,9.0,19.0,-33.0,0.5161290322580645,0.3333333333333333,0.6363636363636364,Los Angeles,Lakers,Los Angeles Lakers,2026-04-12 20:30:00,2025-26,5.7336,1.88,1.12,0.4,0.28,0.08,0.36,0.76,18.115942028985508,0.5776794493608653,39.3,9.870238593553788
1642877.0,Micah Peavy,61,2025-10-27 20:00:00,2026-04-12 20:30:00,1,901.39,262.0,61.0,46.0,71.0,117.0,275.0,106.0,108.0,28.0,29.0,22.0,43.0,9.0,20.0,96.0,-104.0,0.38545454545454544,0.25925925925925924,0.7586206896551724,New Orleans,Pelicans,New Orleans Pelicans,2026-04-12 20:30:00,2025-26,14.776885245901639,4.295081967213115,1.9180327868852458,1.0,0.7049180327868853,0.14754098360655737,0.32786885245901637,1.5737704918032787,6.498570314530803,0.455240478176258,196.2,7.835897891034957
1642878.0,Tyrese Proctor,50,2025-10-22 19:00:00,2026-04-12 18:00:00,1,535.47,272.0,74.0,11.0,53.0,64.0,225.0,93.0,131.0,46.0,45.0,40.0,25.0,0.0,40.0,59.0,-7.0,0.41333333333333333,0.3511450381679389,0.8888888888888888,Cleveland,Cavaliers,Cleveland Cavaliers,2026-04-12 18:00:00,2025-26,10.7094,5.44,1.28,1.48,0.5,0.0,0.8,1.18,14.044943820224718,0.5555555555555556,186.49999999999997,12.538517564009187
1642879.0,Ben Saraf,44,2025-10-22 19:00:00,2026-04-12 18:00:00,1,908.19,332.0,145.0,20.0,72.0,92.0,303.0,120.0,90.0,19.0,88.0,73.0,38.0,8.0,99.0,81.0,-237.0,0.39603960396039606,0.2111111111111111,0.8295454545454546,Brooklyn,Nets,Brooklyn Nets,2026-04-12 18:00:00,2025-26,20.640681818181818,7.545454545454546,2.090909090909091,3.2954545454545454,0.8636363636363636,0.18181818181818182,2.25,1.8409090909090908,22.463241967689235,0.4857778298021772,211.20000000000005,8.371816470121892
1642880.0,Kam Jones,37,2025-12-22 19:30:00,2026-04-12 18:00:00,1,609.41,162.0,119.0,15.0,45.0,60.0,169.0,68.0,75.0,22.0,8.0,4.0,18.0,0.0,36.0,39.0,-143.0,0.40236686390532544,0.29333333333333333,0.5,Indiana,Pacers,Indiana Pacers,2026-04-12 18:00:00,2025-26,16.47054054054054,4.378378378378378,1.6216216216216217,3.2162162162162162,0.4864864864864865,0.0,0.972972972972973,1.054054054054054,17.2645309802417,0.469510781358683,143.0,8.447514809405819
1642882.0,Julian Reese,13,2026-03-02 19:00:00,2026-04-12 18:00:00,1,398.9,154.0,24.0,55.0,82.0,137.0,119.0,63.0,0.0,0.0,44.0,28.0,18.0,8.0,32.0,42.0,-112.0,0.5294117647058824,,0.6363636363636364,Washington,Wizards,Washington Wizards,2026-04-12 18:00:00,2025-26,30.684615384615384,11.846153846153847,10.538461538461538,1.8461538461538463,1.3846153846153846,0.6153846153846154,2.4615384615384617,3.230769230769231,18.78375205447288,0.5565192252095981,144.19999999999996,13.013787916771118
1642883.0,Sion James,82,2025-10-22 19:00:00,2026-04-12 18:00:00,1,1826.41,441.0,163.0,49.0,238.0,287.0,372.0,138.0,236.0,83.0,98.0,82.0,52.0,20.0,66.0,148.0,65.0,0.3709677419354839,0.3516949152542373,0.8367346938775511,Charlotte,Hornets,Charlotte Hornets,2026-04-12 18:00:00,2025-26,22.27329268292683,5.378048780487805,3.5,1.9878048780487805,0.6341463414634146,0.24390243902439024,0.8048780487804879,1.8048780487804879,13.71799135350848,0.531171709385238,389.99999999999994,7.687211524247019
1642884.0,Vladislav Goldin,10,2025-12-19 19:00:00,2026-04-12 18:00:00,1,22.38,7.0,3.0,3.0,6.0,9.0,4.0,3.0,0.0,0.0,1.0,1.0,0.0,3.0,3.0,5.0,5.0,0.75,,1.0,Miami,Heat,Miami Heat,2026-04-12 18:00:00,2025-26,2.238,0.7,0.9,0.3,0.0,0.3,0.3,0.5,40.32258064516129,0.7882882882882882,8.499999999999998,13.672922252010721
1642885.0,Mohamed Diawara,69,2025-10-28 20:00:00,2026-04-12 18:00:00,1,620.89,246.0,53.0,15.0,79.0,94.0,213.0,90.0,130.0,48.0,24.0,18.0,17.0,6.0,30.0,50.0,58.0,0.4225352112676056,0.36923076923076925,0.75,New York,Knicks,New York Knicks,2026-04-12 18:00:00,2025-26,8.99840579710145,3.5652173913043477,1.3623188405797102,0.7681159420289855,0.2463768115942029,0.08695652173913043,0.43478260869565216,0.7246376811594203,11.831519167061051,0.5501878690284487,172.99999999999997,10.0307622928377
1642886.0,Koby Brea,12,2025-11-02 20:00:00,2026-04-12 20:30:00,1,81.12,45.0,10.0,1.0,7.0,8.0,36.0,15.0,30.0,13.0,2.0,2.0,1.0,0.0,4.0,6.0,-5.0,0.4166666666666667,0.43333333333333335,1.0,Phoenix,Suns,Phoenix Suns,2026-04-12 20:30:00,2025-26,6.760000000000001,3.75,0.6666666666666666,0.8333333333333334,0.08333333333333333,0.0,0.3333333333333333,0.5,9.784735812133071,0.6100867678958785,30.200000000000003,13.402366863905325
1642905.0,Hansen Yang,43,2025-10-22 22:00:00,2026-04-12 20:30:00,1,291.94,95.0,22.0,20.0,46.0,66.0,100.0,31.0,42.0,5.0,34.0,28.0,3.0,10.0,32.0,43.0,-100.0,0.31,0.11904761904761904,0.8235294117647058,Portland,Trail Blazers,Portland Trail Blazers,2026-04-12 20:30:00,2025-26,6.789302325581395,2.2093023255813953,1.5348837209302326,0.5116279069767442,0.06976744186046512,0.23255813953488372,0.7441860465116279,1.0,21.774632553075666,0.4131871955462769,39.000000000000014,4.809207371377682
1642907.0,Cedric Coward,62,2025-10-22 20:00:00,2026-04-08 21:00:00,1,1584.37,843.0,171.0,83.0,281.0,364.0,648.0,305.0,275.0,93.0,166.0,140.0,40.0,27.0,105.0,126.0,23.0,0.470679012345679,0.3381818181818182,0.8433734939759037,Memphis,Grizzlies,Memphis Grizzlies,2026-04-08 21:00:00,2025-26,25.554354838709674,13.596774193548388,5.870967741935484,2.7580645161290325,0.6451612903225806,0.43548387096774194,1.6935483870967742,2.032258064516129,12.711248849934629,0.5845722844779763,666.5999999999999,15.146462000669036
1642910.0,John Tonje,6,2026-02-24 21:00:00,2026-04-12 18:00:00,1,40.74,15.0,2.0,0.0,6.0,6.0,14.0,4.0,10.0,3.0,4.0,4.0,2.0,0.0,0.0,5.0,-6.0,0.2857142857142857,0.3,1.0,Boston,Celtics,Boston Celtics,2026-04-12 18:00:00,2025-26,6.79,2.5,1.0,0.3333333333333333,0.3333333333333333,0.0,0.0,0.8333333333333334,0.0,0.47588832487309646,10.000000000000002,8.836524300441827
1642911.0,Rocco Zikarsky,5,2026-02-22 19:00:00,2026-04-12 20:30:00,1,35.49,14.0,2.0,2.0,12.0,14.0,8.0,5.0,0.0,0.0,4.0,4.0,0.0,5.0,1.0,3.0,7.0,0.625,,1.0,Minnesota,Timberwolves,Minnesota Timberwolves,2026-04-12 20:30:00,2025-26,7.098000000000001,2.8,2.8,0.4,0.0,1.0,0.2,0.6,9.29368029739777,0.7172131147540983,18.1,18.360101437024515
1642914.0,Javon Small,41,2025-10-22 20:00:00,2026-04-12 20:30:00,1,821.15,396.0,151.0,36.0,92.0,128.0,288.0,134.0,142.0,60.0,82.0,68.0,34.0,9.0,56.0,65.0,-108.0,0.4652777777777778,0.4225352112676056,0.8292682926829268,Memphis,Grizzlies,Memphis Grizzlies,2026-04-12 20:30:00,2025-26,20.028048780487804,9.658536585365853,3.1219512195121952,3.682926829268293,0.8292682926829268,0.21951219512195122,1.3658536585365855,1.5853658536585367,14.733740265207325,0.6109602567267342,359.20000000000005,15.747670949278453
1642917.0,Max Shulga,11,2026-02-04 20:00:00,2026-04-12 18:00:00,1,33.77,7.0,2.0,3.0,3.0,6.0,8.0,2.0,4.0,1.0,2.0,2.0,1.0,0.0,3.0,10.0,-9.0,0.25,0.25,1.0,Boston,Celtics,Boston Celtics,2026-04-12 18:00:00,2025-26,3.0700000000000003,0.6363636363636364,0.5454545454545454,0.18181818181818182,0.09090909090909091,0.0,0.2727272727272727,0.9090909090909091,25.252525252525253,0.3941441441441441,0.5999999999999996,0.6396209653538639
1642918.0,Alijah Martin,23,2025-12-07 15:30:00,2026-04-10 19:30:00,1,140.97,51.0,12.0,9.0,12.0,21.0,50.0,16.0,21.0,4.0,19.0,15.0,8.0,4.0,8.0,12.0,-14.0,0.32,0.19047619047619047,0.7894736842105263,Toronto,Raptors,Toronto Raptors,2026-04-10 19:30:00,2025-26,6.129130434782609,2.217391304347826,0.9130434782608695,0.5217391304347826,0.34782608695652173,0.17391304347826086,0.34782608695652173,0.5217391304347826,12.055455093429778,0.43694311172035644,37.099999999999994,9.474356246009789
1642920.0,Kobe Sanders,68,2025-10-22 21:00:00,2026-04-12 20:30:00,1,1338.45,495.0,109.0,29.0,124.0,153.0,384.0,179.0,196.0,80.0,69.0,57.0,49.0,10.0,81.0,146.0,32.0,0.4661458333333333,0.40816326530612246,0.8260869565217391,LA,Clippers,LA Clippers,2026-04-12 20:30:00,2025-26,19.683088235294118,7.279411764705882,2.25,1.6029411764705883,0.7205882352941176,0.14705882352941177,1.1911764705882353,2.1470588235294117,16.35174418604651,0.5973066898349262,343.4000000000001,9.236355485823156
1642928.0,Dylan Cardwell,44,2025-10-22 22:00:00,2026-04-12 20:30:00,1,895.9,238.0,62.0,147.0,185.0,332.0,179.0,105.0,4.0,2.0,51.0,26.0,30.0,67.0,39.0,161.0,-66.0,0.5865921787709497,0.5,0.5098039215686274,Sacramento,Kings,Sacramento Kings,2026-04-12 20:30:00,2025-26,20.361363636363635,5.409090909090909,7.545454545454546,1.4090909090909092,0.6818181818181818,1.5227272727272727,0.8863636363636364,3.659090909090909,16.220262851439028,0.590746624305004,319.9999999999999,12.858577966290877
1642933.0,Keshon Gilbert,4,2026-02-07 15:00:00,2026-04-12 18:00:00,2,73.07,17.0,12.0,2.0,3.0,5.0,12.0,5.0,3.0,0.0,7.0,7.0,3.0,4.0,8.0,5.0,-58.0,0.4166666666666667,0.0,1.0,Atlanta,Hawks,Atlanta Hawks,2026-04-12 18:00:00,2025-26,18.2675,4.25,1.25,3.0,0.75,1.0,2.0,1.25,34.662045060658585,0.5636604774535809,17.1,8.424798138771042
1642935.0,Chucky Hepburn,2,2025-11-30 18:00:00,2025-12-09 20:30:00,1,12.74,0.0,2.0,0.0,1.0,1.0,6.0,0.0,5.0,0.0,0.0,0.0,1.0,0.0,1.0,2.0,-16.0,0.0,0.0,,Toronto,Raptors,Toronto Raptors,2025-12-09 20:30:00,2025-26,6.37,0.0,0.5,1.0,0.5,0.0,0.5,1.0,14.285714285714286,0.0,-3.3,-9.324960753532181
1642938.0,Curtis Jones,10,2025-11-29 21:00:00,2026-04-12 20:30:00,1,85.03,29.0,10.0,2.0,9.0,11.0,27.0,11.0,18.0,6.0,2.0,1.0,4.0,0.0,2.0,6.0,26.0,0.4074074074074074,0.3333333333333333,0.5,Denver,Nuggets,Denver Nuggets,2026-04-12 20:30:00,2025-26,8.503,2.9,1.1,1.0,0.4,0.0,0.2,0.6,6.693440428380188,0.5200860832137734,24.799999999999997,10.499823591673527
1642939.0,Miles Kelly,15,2025-10-26 19:30:00,2026-03-01 20:00:00,1,130.64,43.0,12.0,5.0,19.0,24.0,44.0,16.0,33.0,10.0,1.0,1.0,4.0,1.0,6.0,12.0,-12.0,0.36363636363636365,0.30303030303030304,1.0,Dallas,Mavericks,Dallas Mavericks,2026-03-01 20:00:00,2025-26,8.709333333333332,2.8666666666666667,1.6,0.8,0.26666666666666666,0.06666666666666667,0.4,0.8,11.89532117367169,0.48379837983798385,30.10000000000001,8.294549908144523
1642942.0,Jahmai Mashack,31,2025-11-20 20:00:00,2026-04-12 20:30:00,1,668.28,192.0,69.0,23.0,58.0,81.0,195.0,77.0,75.0,19.0,35.0,19.0,37.0,14.0,49.0,67.0,-210.0,0.39487179487179486,0.25333333333333335,0.5428571428571428,Memphis,Grizzlies,Memphis Grizzlies,2026-04-12 20:30:00,2025-26,21.557419354838707,6.193548387096774,2.6129032258064515,2.225806451612903,1.1935483870967742,0.45161290322580644,1.5806451612903225,2.161290322580645,18.88974556669237,0.45627376425855515,132.7,7.148500628479081
1642948.0,Ryan Nembhard,60,2025-10-22 21:30:00,2026-04-12 20:30:00,1,1158.13,397.0,316.0,13.0,120.0,133.0,390.0,162.0,135.0,48.0,31.0,25.0,25.0,2.0,85.0,86.0,-24.0,0.4153846153846154,0.35555555555555557,0.8064516129032258,Dallas,Mavericks,Dallas Mavericks,2026-04-12 20:30:00,2025-26,19.30216666666667,6.616666666666666,2.216666666666667,5.266666666666667,0.4166666666666667,0.03333333333333333,1.4166666666666667,1.4333333333333333,17.395219384413885,0.49177484887523537,359.7,11.181128198043396
1642949.0,Yanic Konan Niederhauser,41,2025-10-22 21:00:00,2026-03-04 22:30:00,1,415.41,176.0,12.0,37.0,80.0,117.0,100.0,64.0,5.0,1.0,62.0,47.0,5.0,30.0,23.0,66.0,38.0,0.64,0.2,0.7580645161290323,LA,Clippers,LA Clippers,2026-03-04 22:30:00,2025-26,10.131951219512196,4.2926829268292686,2.8536585365853657,0.2926829268292683,0.12195121951219512,0.7317073170731707,0.5609756097560976,1.6097560975609757,15.304764439712537,0.6913890634820867,160.5,13.90914999638911
1642950.0,Lachlan Olbrich,37,2025-11-29 19:30:00,2026-04-12 20:30:00,1,337.34,89.0,42.0,45.0,67.0,112.0,77.0,36.0,19.0,2.0,40.0,15.0,12.0,8.0,16.0,49.0,25.0,0.4675324675324675,0.10526315789473684,0.375,Chicago,Bulls,Chicago Bulls,2026-04-12 20:30:00,2025-26,9.117297297297297,2.4054054054054053,3.027027027027027,1.135135135135135,0.32432432432432434,0.21621621621621623,0.43243243243243246,1.3243243243243243,14.466546112115733,0.47040169133192394,102.5,10.93851900160076
1642951.0,Sean Pedulla,7,2026-03-11 22:30:00,2026-04-10 22:00:00,1,29.8,13.0,5.0,0.0,3.0,3.0,15.0,5.0,10.0,3.0,0.0,0.0,0.0,0.0,1.0,4.0,-20.0,0.3333333333333333,0.3,,LA,Clippers,LA Clippers,2026-04-10 22:00:00,2025-26,4.257142857142857,1.8571428571428572,0.42857142857142855,0.7142857142857143,0.0,0.0,0.14285714285714285,0.5714285714285714,6.25,0.43333333333333335,6.300000000000001,7.610738255033557
1642954.0,Will Richard,69,2025-10-21 22:00:00,2026-04-12 20:30:00,1,1364.08,441.0,93.0,67.0,105.0,172.0,346.0,162.0,212.0,71.0,54.0,46.0,80.0,9.0,53.0,131.0,-97.0,0.4682080924855491,0.33490566037735847,0.8518518518518519,Golden State,Warriors,Golden State Warriors,2026-04-12 20:30:00,2025-26,19.76927536231884,6.391304347826087,2.4927536231884058,1.3478260869565217,1.1594202898550725,0.13043478260869565,0.7681159420289855,1.8985507246376812,12.536663828176744,0.5963327563825184,384.79999999999995,10.155416104627294
1642955.0,Kadary Richmond,3,2026-02-11 19:00:00,2026-02-20 19:00:00,1,66.48,25.0,8.0,1.0,9.0,10.0,16.0,10.0,4.0,2.0,3.0,3.0,8.0,1.0,2.0,2.0,5.0,0.625,0.5,1.0,Washington,Wizards,Washington Wizards,2026-02-20 19:00:00,2025-26,22.16,8.333333333333334,3.3333333333333335,2.6666666666666665,2.6666666666666665,0.3333333333333333,0.6666666666666666,0.6666666666666666,10.351966873706004,0.7217090069284064,32.7,17.707581227436823
1642959.0,Chris Youngblood,35,2025-10-21 19:30:00,2026-04-10 22:00:00,2,177.46,71.0,12.0,7.0,21.0,28.0,63.0,22.0,54.0,18.0,10.0,9.0,4.0,3.0,2.0,22.0,9.0,0.3492063492063492,0.3333333333333333,0.9,Portland,Trail Blazers,Portland Trail Blazers,2026-04-10 22:00:00,2025-26,5.070285714285714,2.0285714285714285,0.8,0.34285714285714286,0.11428571428571428,0.08571428571428572,0.05714285714285714,0.6285714285714286,2.881844380403458,0.5267062314540059,50.2,10.18370336977347
1642962.0,Drake Powell,63,2025-10-22 19:00:00,2026-04-12 18:00:00,1,1306.5,408.0,91.0,21.0,90.0,111.0,358.0,144.0,182.0,51.0,77.0,69.0,36.0,14.0,60.0,89.0,-447.0,0.4022346368715084,0.2802197802197802,0.8961038961038961,Brooklyn,Nets,Brooklyn Nets,2026-04-12 18:00:00,2025-26,20.738095238095237,6.476190476190476,1.7619047619047619,1.4444444444444444,0.5714285714285714,0.2222222222222222,0.9523809523809523,1.4126984126984128,13.277861379127202,0.5205675206695928,267.4,7.368082663605051
1642964.0,Brooks Barnhizer,41,2025-10-21 19:30:00,2026-04-12 20:30:00,1,340.74,68.0,22.0,19.0,59.0,78.0,71.0,27.0,24.0,7.0,10.0,7.0,11.0,5.0,10.0,27.0,-103.0,0.38028169014084506,0.2916666666666667,0.7,Oklahoma City,Thunder,Oklahoma City Thunder,2026-04-12 20:30:00,2025-26,8.310731707317073,1.6585365853658536,1.9024390243902438,0.5365853658536586,0.2682926829268293,0.12195121951219512,0.24390243902439024,0.6585365853658537,11.709601873536299,0.45092838196286467,68.00000000000001,7.184363444268358
1642967.0,John Poulakidas,14,2026-03-01 20:00:00,2026-04-12 20:30:00,1,250.46,115.0,11.0,4.0,26.0,30.0,91.0,39.0,77.0,31.0,7.0,6.0,7.0,4.0,4.0,28.0,-15.0,0.42857142857142855,0.4025974025974026,0.8571428571428571,Dallas,Mavericks,Dallas Mavericks,2026-04-12 20:30:00,2025-26,17.89,8.214285714285714,2.142857142857143,0.7857142857142857,0.5,0.2857142857142857,0.2857142857142857,2.0,4.078303425774878,0.6111819727891157,79.39999999999999,11.412600814501316
1643007.0,Taelon Peter,39,2025-10-23 19:30:00,2026-04-12 18:00:00,1,484.94,171.0,40.0,10.0,49.0,59.0,158.0,60.0,125.0,41.0,16.0,10.0,26.0,4.0,27.0,38.0,-100.0,0.379746835443038,0.328,0.625,Indiana,Pacers,Indiana Pacers,2026-04-12 18:00:00,2025-26,12.434358974358974,4.384615384615385,1.5128205128205128,1.0256410256410255,0.6666666666666666,0.10256410256410256,0.6923076923076923,0.9743589743589743,14.059570922724433,0.5180562287930199,118.30000000000001,8.782117375345404
1643016.0,Bez Mbeng,15,2026-03-13 22:00:00,2026-04-12 20:30:00,1,488.90999999999997,122.0,62.0,18.0,39.0,57.0,100.0,50.0,31.0,6.0,25.0,16.0,34.0,5.0,22.0,46.0,-149.0,0.5,0.1935483870967742,0.64,Utah,Jazz,Utah Jazz,2026-04-12 20:30:00,2025-26,32.594,8.133333333333333,3.8,4.133333333333334,2.2666666666666666,0.3333333333333333,1.4666666666666666,3.066666666666667,16.541353383458645,0.5495495495495496,133.2,9.807940111676997
1643018.0,LJ Cryer,18,2026-01-19 22:00:00,2026-04-09 22:00:00,1,289.29,148.0,18.0,4.0,24.0,28.0,117.0,47.0,94.0,37.0,19.0,17.0,3.0,0.0,14.0,28.0,16.0,0.4017094017094017,0.39361702127659576,0.8947368421052632,Golden State,Warriors,Golden State Warriors,2026-04-09 22:00:00,2025-26,16.07166666666667,8.222222222222221,1.5555555555555556,1.0,0.16666666666666666,0.0,0.7777777777777778,1.5555555555555556,10.0459242250287,0.5902999361837907,84.50000000000001,10.515399771855233
1643024.0,Chris Manon,10,2025-10-26 21:00:00,2026-04-12 20:30:00,1,43.65,7.0,3.0,2.0,8.0,10.0,6.0,2.0,3.0,0.0,4.0,3.0,5.0,2.0,1.0,6.0,-1.0,0.3333333333333333,0.0,0.75,Los Angeles,Lakers,Los Angeles Lakers,2026-04-12 20:30:00,2025-26,4.365,0.7,1.0,0.3,0.5,0.2,0.1,0.6,11.415525114155251,0.45103092783505155,12.1,9.97938144329897
1643047.0,CJ Huntley,4,2026-03-22 21:00:00,2026-04-12 20:30:00,1,39.839999999999996,12.0,2.0,2.0,3.0,5.0,11.0,6.0,3.0,0.0,0.0,0.0,1.0,0.0,0.0,2.0,15.0,0.5454545454545454,0.0,,Phoenix,Suns,Phoenix Suns,2026-04-12 20:30:00,2025-26,9.959999999999999,3.0,1.25,0.5,0.25,0.0,0.0,0.5,0.0,0.5454545454545454,10.600000000000001,9.57831325301205
1643052.0,Chaney Johnson,17,2026-03-09 19:30:00,2026-04-12 18:00:00,1,344.95,139.0,36.0,33.0,46.0,79.0,94.0,51.0,30.0,9.0,35.0,28.0,15.0,9.0,20.0,51.0,-78.0,0.5425531914893617,0.3,0.8,Brooklyn,Nets,Brooklyn Nets,2026-04-12 18:00:00,2025-26,20.291176470588233,8.176470588235293,4.647058823529412,2.1176470588235294,0.8823529411764706,0.5294117647058824,1.1764705882352942,3.0,15.455950540958268,0.6352833638025593,133.79999999999998,13.963762864183213
1643060.0,Hayden Gray,1,2026-04-12 20:30:00,2026-04-12 20:30:00,1,24.45,6.0,1.0,0.0,0.0,0.0,3.0,2.0,1.0,0.0,2.0,2.0,1.0,1.0,1.0,0.0,-18.0,0.6666666666666666,0.0,1.0,Utah,Jazz,Utah Jazz,2026-04-12 20:30:00,2025-26,24.45,6.0,0.0,1.0,1.0,1.0,1.0,0.0,20.491803278688526,0.7731958762886598,6.1000000000000005,8.981595092024541
1643133.0,Lawson Lovering,2,2026-02-11 21:00:00,2026-02-20 19:00:00,1,48.760000000000005,14.0,3.0,6.0,9.0,15.0,10.0,6.0,0.0,0.0,5.0,2.0,3.0,1.0,2.0,7.0,1.0,0.6,,0.4,Memphis,Grizzlies,Memphis Grizzlies,2026-02-20 19:00:00,2025-26,24.380000000000003,7.0,7.5,1.5,1.5,0.5,1.0,3.5,14.084507042253522,0.5737704918032788,16.099999999999994,11.886792452830184
1643141.0,Jahmyl Telfort,8,2025-10-28 23:00:00,2025-12-03 19:30:00,1,30.02,1.0,1.0,0.0,3.0,3.0,4.0,0.0,4.0,0.0,4.0,1.0,1.0,0.0,1.0,5.0,-7.0,0.0,0.0,0.25,LA,Clippers,LA Clippers,2025-12-03 19:30:00,2025-26,3.7525,0.125,0.375,0.125,0.125,0.0,0.125,0.625,14.792899408284024,0.08680555555555555,-3.4000000000000004,-4.07728181212525
1643158.0,Andersson Garcia,5,2026-03-11 21:00:00,2026-03-19 21:00:00,1,168.45,26.0,14.0,17.0,25.0,42.0,29.0,9.0,13.0,1.0,9.0,7.0,8.0,4.0,7.0,16.0,-37.0,0.3103448275862069,0.07692307692307693,0.7777777777777778,Utah,Jazz,Utah Jazz,2026-03-19 21:00:00,2025-26,33.69,5.2,8.4,2.8,1.6,0.8,1.4,3.2,17.51751751751752,0.39441747572815533,35.1,7.501335707925202
1643253.0,Toby Okani,6,2026-04-03 20:00:00,2026-04-12 20:30:00,1,215.45000000000002,60.0,6.0,9.0,12.0,21.0,70.0,25.0,31.0,9.0,8.0,1.0,4.0,3.0,3.0,20.0,-137.0,0.35714285714285715,0.2903225806451613,0.125,Memphis,Grizzlies,Memphis Grizzlies,2026-04-12 20:30:00,2025-26,35.90833333333334,10.0,3.5,1.0,0.6666666666666666,0.5,0.5,3.3333333333333335,3.9205436487192893,0.40805223068552776,27.4,4.578324437224413
1643257.0,Jayson Kent,6,2026-03-08 21:00:00,2026-04-12 20:30:00,1,21.48,10.0,0.0,0.0,5.0,5.0,7.0,4.0,4.0,1.0,1.0,1.0,1.0,1.0,0.0,1.0,-3.0,0.5714285714285714,0.25,1.0,Portland,Trail Blazers,Portland Trail Blazers,2026-04-12 20:30:00,2025-26,3.58,1.6666666666666667,0.8333333333333334,0.0,0.16666666666666666,0.16666666666666666,0.0,0.16666666666666666,0.0,0.6720430107526881,9.499999999999998,15.921787709497204
