,PLAYER_ID,PLAYER_NAME,GP,FIRST_GAME,LAST_GAME,TEAM_STINTS,MIN,PTS,AST,OREB,DREB,REB,FGA,FGM,FG3A,FG3M,FTA,FTM,STL,BLK,TOV,PF,PLUS_MINUS,FG_PCT,FG3_PCT,FT_PCT,END_TEAM_CITY,END_TEAM_NAME,END_TEAM_FULL_NAME,FINAL_APPEARANCE_DATE,SEASON,MIN_PER_GAME,PTS_PER_GAME,REB_PER_GAME,AST_PER_GAME,STL_PER_GAME,BLK_PER_GAME,TOV_PER_GAME,PF_PER_GAME,TURNOVER_PERCENTAGE,TRUE_SHOOTING_PERCENTAGE,GAME_SCORE_TOTAL,GAME_SCORE_PER_36,CALCULATED_GP,CALCULATED_MIN,ESTIMATED_PLAYER_POSSESSIONS,GAME_SCORE_TOTAL_CALCULATED,CALCULATED_PTS,CALCULATED_AST,CALCULATED_REB,CALCULATED_FGA,CALCULATED_FTA,CALCULATED_STL,CALCULATED_BLK,CALCULATED_TOV,CALCULATED_PLUS_MINUS,TEAM_MINUTES_CONTEXT,TEAM_REB_CONTEXT,OPP_REB_CONTEXT,POSSESSIONS_CONTEXT,OPP_FGA_CONTEXT,OPP_FG3A_CONTEXT,_merge,TEAM_GAME_MINUTES_CONTEXT,ESTIMATED_PLAYER_POSSESSIONS_PER_GAME,POINTS_PER_100,ASSISTS_PER_100,PLUS_MINUS_PER_100,TOTAL_REBOUND_PERCENTAGE,STEAL_PERCENTAGE,OPP_TWO_POINT_ATTEMPTS_CONTEXT,BLOCK_PERCENTAGE
0,2544.0,LeBron James,60,2025-11-18 22:30:00,2026-04-12 20:30:00,1,1976.63,1256.0,432.0,43.0,321.0,364.0,919.0,473.0,243.0,77.0,316.0,233.0,72.0,35.0,179.0,81.0,119.0,0.514689880304679,0.3168724279835391,0.7373417721518988,Los Angeles,Lakers,Los Angeles Lakers,2026-04-12 20:30:00,2025-26,32.94383333333334,20.933333333333334,6.066666666666666,7.2,1.2,0.5833333333333334,2.9833333333333334,1.35,14.470025221496476,0.5935503383614986,1082.6,19.71719542858299,60,1976.6299999999999,4047.168785923538,1082.6,1256.0,432.0,364.0,919.0,316.0,72.0,35.0,179.0,119.0,14291.87,2455.0,2452.0,5855.464635732688,5314.0,2171.0,both,2858.3740000000003,67.45281309872563,31.034040496865238,10.674128578539637,2.9403270852921684,10.727017669369578,1.7781353024307631,3143.0,1.6103390839104157
1,101108.0,Chris Paul,16,2025-10-22 21:00:00,2025-12-01 19:30:00,1,224.92000000000002,47.0,53.0,6.0,22.0,28.0,56.0,18.0,30.0,10.0,2.0,1.0,11.0,0.0,16.0,23.0,-84.0,0.32142857142857145,0.3333333333333333,0.5,LA,Clippers,LA Clippers,2025-12-01 19:30:00,2025-26,14.057500000000001,2.9375,1.75,3.3125,0.6875,0.0,1.0,1.4375,21.953896816684964,0.4131504922644163,48.3,7.7307487106526755,16,224.92,460.966502192788,48.29999999999999,47.0,53.0,28.0,56.0,2.0,11.0,0.0,16.0,-84.0,3800.83,669.0,685.0,1557.9824595056202,1414.0,628.0,both,760.1659999999999,28.81040638704925,10.195968639027786,11.497581656776013,-18.22258224847519,6.9890755183329905,2.3862200330887995,786.0,0.0
2,200768.0,Kyle Lowry,14,2025-11-02 18:00:00,2026-04-12 18:00:00,1,116.03,17.0,11.0,0.0,9.0,9.0,25.0,4.0,25.0,4.0,6.0,5.0,2.0,2.0,4.0,8.0,-39.0,0.16,0.16,0.8333333333333334,Philadelphia,76ers,Philadelphia 76ers,2026-04-12 18:00:00,2025-26,8.287857142857144,1.2142857142857142,0.6428571428571429,0.7857142857142857,0.14285714285714285,0.14285714285714285,0.2857142857142857,0.5714285714285714,12.642225031605562,0.30752532561505064,7.300000000000001,2.264931483237094,14,116.03,242.36071954765163,7.3000000000000025,17.0,11.0,9.0,25.0,6.0,2.0,2.0,4.0,-39.0,3328.84,603.0,625.0,1393.5776176893437,1254.0,569.0,both,665.768,17.3114799676894,7.014337980069231,4.538689281221267,-16.091716542511765,4.205297910991794,0.8234769702171943,685.0,1.6752979187990018
3,201142.0,Kevin Durant,78,2025-10-21 19:30:00,2026-04-10 21:30:00,1,2825.1,2026.0,372.0,41.0,385.0,426.0,1376.0,716.0,450.0,186.0,467.0,408.0,62.0,71.0,246.0,142.0,340.0,0.5203488372093024,0.41333333333333333,0.8736616702355461,Houston,Rockets,Houston Rockets,2026-04-10 21:30:00,2025-26,36.21923076923077,25.974358974358974,5.461538461538462,4.769230769230769,0.7948717948717948,0.9102564102564102,3.1538461538461537,1.8205128205128205,13.461159629653949,0.6405392417229431,1539.1000000000004,19.61261548263779,78,2825.1,5649.490049335031,1539.1000000000006,2026.0,372.0,426.0,1376.0,467.0,62.0,71.0,246.0,340.0,18788.409999999996,3732.0,3081.0,7514.696026504435,6873.0,2737.0,both,3757.6819999999993,72.42935960685936,35.861643835242596,6.584665106964584,6.0182423020644045,8.316822054096711,1.0974038284549867,4136.0,2.283305474474569
4,201143.0,Al Horford,46,2025-10-21 22:00:00,2026-04-12 20:30:00,1,961.12,372.0,116.0,44.0,175.0,219.0,324.0,138.0,205.0,74.0,26.0,22.0,30.0,51.0,42.0,51.0,-9.0,0.42592592592592593,0.36097560975609755,0.8461538461538461,Golden State,Warriors,Golden State Warriors,2026-04-12 20:30:00,2025-26,20.89391304347826,8.08695652173913,4.760869565217392,2.5217391304347827,0.6521739130434783,1.108695652173913,0.9130434782608695,1.108695652173913,11.127596439169139,0.5544955878845695,366.6,13.731479940069919,46,961.1199999999999,1984.7077893911785,366.59999999999997,372.0,116.0,219.0,324.0,26.0,30.0,51.0,42.0,-9.0,10798.11,1879.0,2055.0,4467.320452481088,3990.0,1637.0,both,2159.6220000000003,43.14582150850388,18.743313347609387,5.844689108394325,-0.4534672584099046,12.50863406562874,1.5089480092185843,2353.0,4.870217728700283
5,201144.0,Mike Conley,54,2025-10-22 22:00:00,2026-04-10 21:30:00,1,980.0,245.0,157.0,18.0,75.0,93.0,215.0,72.0,166.0,56.0,50.0,45.0,35.0,14.0,34.0,84.0,15.0,0.33488372093023255,0.3373493975903614,0.9,Minnesota,Timberwolves,Minnesota Timberwolves,2026-04-10 21:30:00,2025-26,18.14814814814815,4.537037037037037,1.7222222222222223,2.9074074074074074,0.6481481481481481,0.25925925925925924,0.6296296296296297,1.5555555555555556,12.546125461254613,0.5168776371308017,243.5,8.944897959183674,54,979.9999999999999,2052.132099408909,243.5,245.0,157.0,93.0,215.0,50.0,35.0,14.0,34.0,15.0,12941.29,2377.0,2364.0,5439.462592574983,4822.0,1839.0,both,2588.2580000000003,38.00244628535017,11.938802578575189,7.650579611576753,0.7309470966474605,5.180772032077967,1.6993918818463036,2983.0,1.2395278003927017
6,201145.0,Jeff Green,30,2025-10-27 20:00:00,2026-04-12 20:30:00,1,168.49,67.0,8.0,7.0,18.0,25.0,68.0,25.0,44.0,12.0,5.0,5.0,2.0,2.0,4.0,12.0,-26.0,0.36764705882352944,0.2727272727272727,1.0,Houston,Rockets,Houston Rockets,2026-04-12 20:30:00,2025-26,5.616333333333333,2.2333333333333334,0.8333333333333334,0.26666666666666666,0.06666666666666667,0.06666666666666667,0.13333333333333333,0.4,5.390835579514825,0.4772079772079772,39.900000000000006,8.525135022850021,30,168.49,342.71171466090783,39.9,67.0,8.0,25.0,68.0,5.0,2.0,2.0,4.0,-26.0,7128.500000000001,1453.0,1167.0,2870.96552713539,2668.0,1087.0,both,1425.7000000000003,11.423723822030261,19.54995908625195,2.3343234729853073,-7.58655128720225,8.074074208313721,0.5894623039069143,1581.0,1.0704148982052852
7,201566.0,Russell Westbrook,64,2025-10-22 22:00:00,2026-03-19 22:00:00,1,1839.95,971.0,426.0,80.0,268.0,348.0,839.0,358.0,379.0,128.0,183.0,127.0,83.0,12.0,209.0,147.0,-456.0,0.4266984505363528,0.33773087071240104,0.6939890710382514,Sacramento,Kings,Sacramento Kings,2026-03-19 22:00:00,2025-26,28.74921875,15.171875,5.4375,6.65625,1.296875,0.1875,3.265625,2.296875,18.51983128345089,0.5279928658430486,762.7000000000003,14.922796815130852,64,1839.95,3839.495000471422,762.6999999999999,971.0,426.0,348.0,839.0,183.0,83.0,12.0,209.0,-456.0,15298.22,2684.0,2894.0,6389.6141227895805,5751.0,2336.0,both,3059.644,59.99210938236597,25.289784200286192,11.095209134214128,-11.8765618901447,10.374462624677111,2.160072547407424,3415.0,0.5843262737461394
8,201567.0,Kevin Love,37,2025-11-02 18:00:00,2026-03-18 20:00:00,1,605.69,248.0,67.0,55.0,160.0,215.0,199.0,79.0,142.0,53.0,44.0,37.0,14.0,9.0,30.0,54.0,-80.0,0.3969849246231156,0.3732394366197183,0.8409090909090909,Utah,Jazz,Utah Jazz,2026-03-18 20:00:00,2025-26,16.37,6.702702702702703,5.8108108108108105,1.8108108108108107,0.3783783783783784,0.24324324324324326,0.8108108108108109,1.4594594594594594,12.079239813174423,0.5678695731819015,239.60000000000002,14.240948339909854,37,605.6899999999998,1286.7410982296421,239.6,248.0,67.0,215.0,199.0,44.0,14.0,9.0,30.0,-80.0,8882.61,1647.0,1662.0,3788.3688489766428,3332.0,1486.0,both,1776.5220000000002,34.77678643863898,19.27349645870563,5.206952672311601,-6.217256922163107,19.05732231959753,1.0839168444164275,1846.0,1.42998341102052
9,201569.0,Eric Gordon,6,2025-10-27 19:00:00,2025-12-23 19:00:00,1,72.25,33.0,3.0,1.0,1.0,2.0,21.0,12.0,14.0,8.0,2.0,1.0,4.0,1.0,3.0,3.0,-31.0,0.5714285714285714,0.5714285714285714,0.5,Philadelphia,76ers,Philadelphia 76ers,2025-12-23 19:00:00,2025-26,12.041666666666666,5.5,0.3333333333333333,0.5,0.6666666666666666,0.16666666666666666,0.5,0.5,12.057877813504824,0.7541133455210238,26.299999999999997,13.104498269896194,6,72.25,152.81237205592123,26.3,33.0,3.0,2.0,21.0,2.0,4.0,1.0,3.0,-31.0,1450.59,270.0,269.0,611.0953780409387,542.0,213.0,both,290.118,25.46872867598687,21.595110105302044,1.963191827754731,-20.286315553465556,1.489971817604047,2.628377953906829,329.0,1.2205088293139532
10,201572.0,Brook Lopez,75,2025-10-22 21:00:00,2026-04-12 20:30:00,1,1620.77,634.0,97.0,47.0,226.0,273.0,542.0,232.0,317.0,114.0,74.0,56.0,45.0,87.0,61.0,154.0,42.0,0.4280442804428044,0.35962145110410093,0.7567567567567568,LA,Clippers,LA Clippers,2026-04-12 20:30:00,2025-26,21.610266666666668,8.453333333333333,3.64,1.2933333333333332,0.6,1.16,0.8133333333333334,2.0533333333333332,9.597834980174964,0.5517265385686438,492.0999999999999,10.930360260863663,75,1620.77,3247.4836971201166,492.09999999999997,634.0,97.0,273.0,542.0,74.0,45.0,87.0,61.0,42.0,17935.649999999998,3039.0,3185.0,7201.644472006571,6563.0,2728.0,both,3587.1299999999997,43.29978262826822,19.522807783830725,2.9869280047816726,1.2933090329982502,9.70775460783001,1.3829502684580897,3835.0,5.020877331962365
11,201587.0,Nicolas Batum,74,2025-10-22 21:00:00,2026-04-12 20:30:00,1,1279.17,293.0,64.0,23.0,161.0,184.0,238.0,96.0,228.0,92.0,11.0,9.0,47.0,23.0,37.0,100.0,-14.0,0.40336134453781514,0.40350877192982454,0.8181818181818182,LA,Clippers,LA Clippers,2026-04-12 20:30:00,2025-26,17.286081081081083,3.9594594594594597,2.4864864864864864,0.8648648648648649,0.6351351351351351,0.3108108108108108,0.5,1.3513513513513513,13.22184105202973,0.603277878438478,259.3,7.2975445015127,74,1279.17,2563.4532302859066,259.29999999999995,293.0,64.0,184.0,238.0,11.0,47.0,23.0,37.0,-14.0,17696.46,3010.0,3130.0,7125.871270385308,6502.0,2722.0,both,3539.292,34.64125986872847,11.429894508639862,2.496632247620994,-0.5461383041670924,8.291585451162486,1.824937579639913,3780.0,1.683542813165928
12,201599.0,DeAndre Jordan,12,2025-10-27 20:00:00,2026-03-27 20:30:00,1,196.48,53.0,11.0,26.0,50.0,76.0,32.0,21.0,0.0,0.0,17.0,11.0,4.0,10.0,9.0,16.0,-1.0,0.65625,,0.6470588235294118,New Orleans,Pelicans,New Orleans Pelicans,2026-03-27 20:30:00,2025-26,16.37333333333333,4.416666666666667,6.333333333333333,0.9166666666666666,0.3333333333333333,0.8333333333333334,0.75,1.3333333333333333,18.564356435643564,0.671225937183384,73.1,13.393729641693811,12,196.48,414.97954390100875,73.10000000000001,53.0,11.0,76.0,32.0,17.0,4.0,10.0,9.0,-1.0,2854.02,531.0,554.0,1198.698013461747,1097.0,481.0,both,570.804,34.581628658417394,12.771713878176818,2.650733069055566,-0.24097573355050603,20.349442351281166,0.9694353769973968,616.0,4.716153654976945
13,201935.0,James Harden,70,2025-10-22 21:00:00,2026-04-10 19:00:00,2,2423.49,1652.0,557.0,40.0,296.0,336.0,1123.0,487.0,573.0,215.0,524.0,463.0,79.0,28.0,245.0,137.0,99.0,0.43365983971504896,0.37521815008726006,0.8835877862595419,Cleveland,Cavaliers,Cleveland Cavaliers,2026-04-10 19:00:00,2025-26,34.62128571428571,23.6,4.8,7.957142857142857,1.1285714285714286,0.4,3.5,1.957142857142857,15.326293664297868,0.6102426194627502,1341.8,19.931916368542886,70,2423.4900000000002,4869.721038013596,1341.8,1652.0,557.0,336.0,1123.0,524.0,79.0,28.0,245.0,99.0,16717.5,2899.0,2951.0,6730.554353754849,6110.0,2625.0,both,3343.5,69.56744340019422,33.92391447280656,11.438026853119403,2.032970661505962,7.923982482986233,1.6193336883470262,3485.0,1.1084480517807143
14,201939.0,Stephen Curry,44,2025-10-21 22:00:00,2026-04-12 20:30:00,1,1321.25,1142.0,203.0,17.0,137.0,154.0,799.0,374.0,484.0,190.0,221.0,204.0,49.0,17.0,121.0,75.0,89.0,0.46808510638297873,0.3925619834710744,0.9230769230769231,Golden State,Warriors,Golden State Warriors,2026-04-12 20:30:00,2025-26,30.02840909090909,25.954545454545453,3.5,4.613636363636363,1.1136363636363635,0.38636363636363635,2.75,1.7045454545454546,11.894931382957807,0.6371061322859948,830.5,22.62857142857143,44,1321.2500000000002,2763.9678567033898,830.5000000000001,1142.0,203.0,154.0,799.0,221.0,49.0,17.0,121.0,89.0,10267.34,1778.0,1879.0,4296.951096917142,3816.0,1539.0,both,2053.468,62.81745128871341,41.31741247389447,7.344513776007511,3.220008502781618,6.544834962251472,1.7723055933868834,2277.0,1.1603495279395075
15,201942.0,DeMar DeRozan,77,2025-10-22 22:00:00,2026-04-05 21:00:00,1,2387.7200000000003,1419.0,316.0,35.0,191.0,226.0,1005.0,499.0,147.0,47.0,431.0,374.0,80.0,23.0,96.0,149.0,-588.0,0.49651741293532337,0.3197278911564626,0.8677494199535963,Sacramento,Kings,Sacramento Kings,2026-04-05 21:00:00,2025-26,31.00935064935065,18.428571428571427,2.935064935064935,4.103896103896104,1.0389610389610389,0.2987012987012987,1.2467532467532467,1.9350649350649352,7.438170210128308,0.5939027656867341,1135.8,17.124620977334022,77,2387.7200000000003,4943.193030418013,1135.8,1419.0,316.0,226.0,1005.0,431.0,80.0,23.0,96.0,-588.0,18392.21,3231.0,3393.0,7624.6300011466265,6861.0,2785.0,both,3678.442,64.19731208335082,28.706141784635193,6.392629178255619,-11.895145432956655,5.256160653451383,1.6164107455822598,4076.0,0.8693090005326074
16,201950.0,Jrue Holiday,53,2025-10-22 22:00:00,2026-04-12 20:30:00,1,1548.64,865.0,322.0,71.0,174.0,245.0,709.0,320.0,362.0,137.0,105.0,88.0,54.0,6.0,146.0,78.0,197.0,0.4513399153737659,0.3784530386740331,0.8380952380952381,Portland,Trail Blazers,Portland Trail Blazers,2026-04-12 20:30:00,2025-26,29.219622641509435,16.32075471698113,4.622641509433962,6.0754716981132075,1.0188679245283019,0.11320754716981132,2.7547169811320753,1.471698113207547,16.200621393697293,0.5726959745762712,698.2,16.230499018493646,53,1548.64,3248.8004631452527,698.1999999999998,865.0,322.0,245.0,709.0,105.0,54.0,6.0,146.0,197.0,12627.91,2429.0,2241.0,5303.260886317361,4672.0,1833.0,both,2525.582,61.298121946136845,26.625211668511334,9.911350470821558,6.0637765302852396,8.555791744771621,1.6605875166377515,2839.0,0.3446647420958815
17,201959.0,Taj Gibson,10,2026-03-13 19:30:00,2026-04-12 20:30:00,1,94.92,34.0,6.0,11.0,16.0,27.0,26.0,12.0,6.0,3.0,8.0,7.0,2.0,1.0,1.0,14.0,-7.0,0.46153846153846156,0.5,0.875,Memphis,Grizzlies,Memphis Grizzlies,2026-04-12 20:30:00,2025-26,9.492,3.4,2.7,0.6,0.2,0.1,0.1,1.4,3.2765399737876804,0.575880758807588,32.99999999999999,12.515802781289505,10,94.92,200.25323960952096,32.99999999999999,34.0,6.0,27.0,26.0,8.0,2.0,1.0,1.0,-7.0,2380.4,371.0,514.0,1002.0611214632137,912.0,412.0,both,476.08000000000004,20.025323960952097,16.978501854101083,2.9962062095472497,-3.4955739111384583,15.301806338254517,1.0010551193155148,500.0,1.0031184155077961
18,202066.0,Garrett Temple,22,2025-11-13 19:00:00,2026-04-12 18:00:00,1,68.17,17.0,9.0,1.0,8.0,9.0,15.0,4.0,12.0,3.0,9.0,6.0,4.0,2.0,7.0,6.0,-1.0,0.26666666666666666,0.25,0.6666666666666666,Toronto,Raptors,Toronto Raptors,2026-04-12 18:00:00,2025-26,3.0986363636363636,0.7727272727272727,0.4090909090909091,0.4090909090909091,0.18181818181818182,0.09090909090909091,0.3181818181818182,0.2727272727272727,26.964560862865948,0.4483122362869198,12.299999999999997,6.4955258911544655,22,68.17000000000002,142.29363885625224,12.300000000000002,17.0,9.0,9.0,15.0,9.0,4.0,2.0,7.0,-1.0,5247.429999999999,898.0,941.0,2166.6712197523857,1867.0,787.0,both,1049.4859999999999,6.467892675284193,11.947125772202456,6.324948938224829,-0.7027721042472033,7.534321283443342,2.8421718407764645,1080.0,2.850949967130104
19,202331.0,Paul George,38,2025-11-17 19:00:00,2026-04-12 18:00:00,1,1129.81,641.0,133.0,20.0,176.0,196.0,513.0,225.0,255.0,100.0,111.0,91.0,62.0,16.0,64.0,84.0,89.0,0.43859649122807015,0.39215686274509803,0.8198198198198198,Philadelphia,76ers,Philadelphia 76ers,2026-04-12 18:00:00,2025-26,29.731842105263155,16.86842105263158,5.157894736842105,3.5,1.631578947368421,0.42105263157894735,1.6842105263157894,2.210526315789474,10.2262559120542,0.5704471023779012,499.4000000000001,15.9127640930776,38,1129.8100000000002,2326.286612194364,499.4,641.0,133.0,196.0,513.0,111.0,62.0,16.0,64.0,89.0,8953.64,1626.0,1718.0,3694.245902639458,3347.0,1387.0,both,1790.7279999999998,61.21806874195695,27.554644240304977,5.717266277629581,3.8258398399175393,9.28996360441517,2.660051832367325,1960.0,1.2938624861792722
20,202681.0,Kyrie Irving,2,2026-03-01 20:00:00,2026-04-05 19:30:00,1,0.0,0.0,0.0,0.0,0.0,0.0,0.0,0.0,0.0,0.0,0.0,0.0,0.0,0.0,0.0,0.0,0.0,,,,Dallas,Mavericks,Dallas Mavericks,2026-04-05 19:30:00,2025-26,0.0,0.0,0.0,0.0,0.0,0.0,0.0,0.0,,,0.0,,2,0.0,,0.0,0.0,0.0,0.0,0.0,0.0,0.0,0.0,0.0,0.0,,,,,,,both,,,,,,,,,
21,202685.0,Jonas Valanciunas,65,2025-10-23 22:00:00,2026-04-12 20:30:00,1,858.64,567.0,78.0,105.0,224.0,329.0,390.0,227.0,26.0,8.0,136.0,105.0,14.0,37.0,73.0,133.0,-44.0,0.5820512820512821,0.3076923076923077,0.7720588235294118,Denver,Nuggets,Denver Nuggets,2026-04-12 20:30:00,2025-26,13.209846153846154,8.723076923076922,5.061538461538461,1.2,0.2153846153846154,0.5692307692307692,1.123076923076923,2.046153846153846,13.962206411139162,0.6302240796727725,481.4,20.183546072859404,65,858.64,1761.7183309305499,481.4,567.0,78.0,329.0,390.0,136.0,14.0,37.0,73.0,-44.0,15688.28,2934.0,2723.0,6479.042414315668,5946.0,2589.0,both,3137.656,27.103358937393075,32.1844865915942,4.427495509954758,-2.4975615697180684,21.25220176676286,0.7896077892486549,3357.0,4.02758388052671
22,202687.0,Bismack Biyombo,25,2025-10-22 21:30:00,2026-04-12 20:30:00,1,135.61,23.0,5.0,5.0,21.0,26.0,15.0,9.0,0.0,0.0,7.0,5.0,4.0,2.0,8.0,27.0,-100.0,0.6,,0.7142857142857143,San Antonio,Spurs,San Antonio Spurs,2026-04-12 20:30:00,2025-26,5.4244,0.92,1.04,0.2,0.16,0.08,0.32,1.08,30.67484662576687,0.6360619469026549,15.2,4.035100656293783,25,135.61,283.8786533320328,15.2,23.0,5.0,26.0,15.0,7.0,4.0,2.0,8.0,-100.0,5935.63,1163.0,995.0,2475.5049488924205,2255.0,878.0,both,1187.126,11.355146133281313,8.102053370352763,1.7613159500766875,-35.22631900153375,10.546952947102914,1.4144945983666213,1377.0,1.271455475104636
23,202691.0,Klay Thompson,69,2025-10-22 21:30:00,2026-04-12 20:30:00,1,1484.91,810.0,96.0,18.0,125.0,143.0,728.0,286.0,527.0,202.0,47.0,36.0,33.0,22.0,63.0,70.0,-133.0,0.39285714285714285,0.38330170777988615,0.7659574468085106,Dallas,Mavericks,Dallas Mavericks,2026-04-12 20:30:00,2025-26,21.520434782608696,11.73913043478261,2.072463768115942,1.391304347826087,0.4782608695652174,0.3188405797101449,0.9130434782608695,1.0144927536231885,7.761679479597872,0.5409520756531496,485.1,11.760712770470938,69,1484.9100000000003,3156.451612595364,485.1000000000001,810.0,96.0,143.0,728.0,47.0,33.0,22.0,63.0,-133.0,16587.56,3085.0,3251.0,7065.891192306627,6499.0,2479.0,both,3317.512,45.74567554486035,25.661727135870294,3.0413898827698125,-4.213592233420678,5.042352922249683,1.0434204997325578,4020.0,1.2226692734548028
24,202695.0,Kawhi Leonard,65,2025-10-22 21:00:00,2026-04-10 22:00:00,1,2071.65,1813.0,234.0,71.0,342.0,413.0,1258.0,635.0,445.0,172.0,416.0,371.0,122.0,27.0,133.0,78.0,340.0,0.5047694753577107,0.3865168539325843,0.8918269230769231,LA,Clippers,LA Clippers,2026-04-10 22:00:00,2025-26,31.871538461538464,27.892307692307693,6.3538461538461535,3.6,1.876923076923077,0.4153846153846154,2.046153846153846,1.2,8.449594673578817,0.629059568089713,1461.2,25.39193396567953,65,2071.65,4166.322509295717,1461.2,1813.0,234.0,413.0,1258.0,416.0,122.0,27.0,133.0,340.0,15479.05,2643.0,2729.0,6238.752574061308,5678.0,2367.0,both,3095.81,64.09726937378026,43.51559429100636,5.616463907388576,8.160674053470581,11.488728386707772,2.922267600661706,3311.0,1.2186037151981048
25,202696.0,Nikola Vucevic,64,2025-10-22 20:00:00,2026-04-10 19:30:00,2,1806.08,965.0,213.0,125.0,412.0,537.0,799.0,394.0,271.0,100.0,93.0,77.0,39.0,41.0,85.0,127.0,-42.0,0.493116395494368,0.36900369003690037,0.8279569892473119,Boston,Celtics,Boston Celtics,2026-04-10 19:30:00,2025-26,28.22,15.078125,8.390625,3.328125,0.609375,0.640625,1.328125,1.984375,9.189983998616096,0.5744594723306982,849.0000000000001,16.922838412473425,64,1806.08,3756.2260980667693,849.0,965.0,213.0,537.0,799.0,93.0,39.0,41.0,85.0,-42.0,15269.689999999999,2974.0,2770.0,6325.766935907348,5849.0,2391.0,both,3053.9379999999996,58.69103278229327,25.690679283035173,5.670585168172531,-1.1181435542875413,15.808224211311492,1.0424966129615112,3458.0,2.0048509944073234
26,202699.0,Tobias Harris,63,2025-10-22 20:00:00,2026-04-12 18:00:00,1,1732.1,836.0,157.0,55.0,268.0,323.0,659.0,309.0,223.0,82.0,157.0,136.0,58.0,26.0,63.0,107.0,368.0,0.46889226100151743,0.36771300448430494,0.8662420382165605,Detroit,Pistons,Detroit Pistons,2026-04-12 18:00:00,2025-26,27.493650793650794,13.26984126984127,5.126984126984127,2.492063492063492,0.9206349206349206,0.4126984126984127,1.0,1.6984126984126984,7.963796329069121,0.5741127348643006,689.1000000000001,14.32226776744992,63,1732.1,3570.33519694279,689.1,836.0,157.0,323.0,659.0,157.0,58.0,26.0,63.0,368.0,15055.98,2875.0,2553.0,6219.845027319488,5369.0,2315.0,both,3011.196,56.67198725306016,23.41516843336869,4.397346224926895,10.307155482631194,10.344958350062331,1.6211174950187428,3054.0,1.4800295222908153
27,202710.0,Jimmy Butler III,39,2025-10-21 22:00:00,2026-04-01 22:00:00,1,1172.61,760.0,185.0,88.0,123.0,211.0,462.0,240.0,85.0,32.0,287.0,248.0,55.0,8.0,60.0,46.0,185.0,0.5194805194805194,0.3764705882352941,0.8641114982578397,Golden State,Warriors,Golden State Warriors,2026-04-01 22:00:00,2025-26,30.066923076923075,19.487179487179485,5.410256410256411,4.743589743589744,1.4102564102564104,0.20512820512820512,1.5384615384615385,1.1794871794871795,9.255260072808046,0.6459509077310125,727.2,22.32558139534884,39,1172.6100000000001,2434.409951163702,727.2000000000002,760.0,185.0,211.0,462.0,287.0,55.0,8.0,60.0,185.0,9079.730000000003,1621.0,1655.0,3771.1498026194304,3371.0,1355.0,both,1815.9460000000006,62.420767978556455,31.219063972224692,7.599377414291538,7.599377414291538,9.97442567798441,2.2585943716284875,2016.0,0.6145380749469066
28,203076.0,Anthony Davis,20,2025-10-22 21:30:00,2026-01-08 21:00:00,1,621.77,407.0,56.0,62.0,159.0,221.0,334.0,169.0,37.0,10.0,81.0,59.0,22.0,33.0,41.0,42.0,-50.0,0.5059880239520959,0.2702702702702703,0.7283950617283951,Dallas,Mavericks,Dallas Mavericks,2026-01-08 21:00:00,2025-26,31.0885,20.35,11.05,2.8,1.1,1.65,2.05,2.1,9.98441457237483,0.5505356563142517,349.6,20.241568425623623,20,621.7699999999999,1312.8596484373181,349.59999999999997,407.0,56.0,221.0,334.0,81.0,22.0,33.0,41.0,-50.0,4784.2300000000005,872.0,915.0,2022.656526055029,1896.0,718.0,both,956.8460000000001,65.64298242186591,31.00102897399943,4.265497844088372,-3.8084802179360473,19.03180604347038,1.6738356857230234,1178.0,4.311028870888967
29,203078.0,Bradley Beal,6,2025-10-22 21:00:00,2025-11-08 22:30:00,1,120.15,49.0,10.0,2.0,3.0,5.0,48.0,18.0,19.0,7.0,8.0,6.0,3.0,0.0,9.0,14.0,-23.0,0.375,0.3684210526315789,0.75,LA,Clippers,LA Clippers,2025-11-08 22:30:00,2025-26,20.025000000000002,8.166666666666666,0.8333333333333334,1.6666666666666667,0.5,0.0,1.5,2.3333333333333335,14.87111698612029,0.4755434782608695,19.500000000000007,5.842696629213485,6,120.15,240.5962942654916,19.5,49.0,10.0,5.0,48.0,8.0,3.0,0.0,9.0,-23.0,1426.01,232.0,249.0,570.755981888628,518.0,240.0,both,285.202,40.09938237758193,20.3660659652263,4.156339992903327,-9.559581983677651,2.467480445008535,1.2476695453512017,278.0,0.0
30,203083.0,Andre Drummond,63,2025-10-22 19:30:00,2026-04-12 18:00:00,1,1218.86,403.0,80.0,200.0,332.0,532.0,337.0,159.0,90.0,32.0,84.0,53.0,38.0,49.0,61.0,125.0,-86.0,0.47181008902077154,0.35555555555555557,0.6309523809523809,Philadelphia,76ers,Philadelphia 76ers,2026-04-12 18:00:00,2025-26,19.346984126984125,6.396825396825397,8.444444444444445,1.2698412698412698,0.6031746031746031,0.7777777777777778,0.9682539682539683,1.9841269841269842,14.02427809453743,0.538827682105038,475.20000000000005,14.035410137341453,63,1218.86,2527.921852435329,475.2,403.0,80.0,532.0,337.0,84.0,38.0,49.0,61.0,-86.0,15114.7,2783.0,2878.0,6288.969791252769,5671.0,2411.0,both,3022.94,40.12574368944967,15.941948506507869,3.1646547903737705,-3.402003899651803,23.307418801569078,1.4985795109217641,3260.0,3.7278135487963255
31,203084.0,Harrison Barnes,77,2025-10-22 21:30:00,2026-04-12 20:30:00,1,1969.8799999999999,767.0,148.0,63.0,151.0,214.0,576.0,263.0,358.0,139.0,123.0,102.0,50.0,12.0,61.0,85.0,329.0,0.4565972222222222,0.388268156424581,0.8292682926829268,San Antonio,Spurs,San Antonio Spurs,2026-04-12 20:30:00,2025-26,25.58285714285714,9.96103896103896,2.779220779220779,1.922077922077922,0.6493506493506493,0.15584415584415584,0.7922077922077922,1.103896103896104,8.826253038546128,0.6086142322097379,617.0,11.2758137551526,77,1969.88,4113.276839590551,616.9999999999999,767.0,148.0,214.0,576.0,123.0,50.0,12.0,61.0,329.0,18359.65,3626.0,3292.0,7660.526232452107,7025.0,2846.0,both,3671.9300000000003,53.419179734942226,18.646933574165885,3.5981045227855946,7.998489108084193,5.7661752573696266,1.2166510150419065,4179.0,0.5352584072630586
32,203110.0,Draymond Green,68,2025-10-21 22:00:00,2026-04-10 22:00:00,1,1855.36,570.0,376.0,55.0,320.0,375.0,491.0,205.0,310.0,101.0,84.0,59.0,61.0,42.0,181.0,197.0,-134.0,0.4175152749490835,0.3258064516129032,0.7023809523809523,Golden State,Warriors,Golden State Warriors,2026-04-10 22:00:00,2025-26,27.284705882352938,8.382352941176471,5.514705882352941,5.529411764705882,0.8970588235294118,0.6176470588235294,2.661764705882353,2.8970588235294117,25.530354321823516,0.5398136222441093,526.5999999999999,10.217747499137634,68,1855.36,3823.8465555324333,526.5999999999999,570.0,376.0,375.0,491.0,84.0,61.0,42.0,181.0,-134.0,16291.600000000002,2831.0,2967.0,6724.5097292711,5975.0,2444.0,both,3258.3200000000006,56.23303758135931,14.906455887339682,9.833030550245123,-3.5043247173745913,11.35843773251021,1.5930696123454804,3531.0,2.0888974400981453
33,203114.0,Khris Middleton,63,2025-10-22 20:00:00,2026-04-12 20:30:00,2,1426.65,640.0,176.0,51.0,180.0,231.0,540.0,227.0,186.0,67.0,136.0,119.0,41.0,9.0,108.0,144.0,-337.0,0.4203703703703704,0.3602150537634409,0.875,Dallas,Mavericks,Dallas Mavericks,2026-04-12 20:30:00,2025-26,22.645238095238096,10.158730158730158,3.6666666666666665,2.7936507936507935,0.6507936507936508,0.14285714285714285,1.7142857142857142,2.2857142857142856,15.25768535262206,0.5334755934915977,440.5999999999998,11.118073809273467,63,1426.6499999999999,3021.7866407335346,440.6000000000001,640.0,176.0,231.0,540.0,136.0,41.0,9.0,108.0,-337.0,15074.089999999998,2791.0,2952.0,6397.951638741801,5885.0,2387.0,both,3014.8179999999998,47.964867313230705,21.179523113009754,5.824368856077682,-11.152342639194199,8.499958835021403,1.3542117028453455,3498.0,0.5437088012021108
34,203468.0,CJ McCollum,76,2025-10-22 20:00:00,2026-04-10 19:00:00,2,2248.87,1424.0,293.0,62.0,190.0,252.0,1154.0,525.0,510.0,191.0,237.0,183.0,64.0,35.0,135.0,144.0,92.0,0.45493934142114384,0.37450980392156863,0.7721518987341772,Atlanta,Hawks,Atlanta Hawks,2026-04-10 19:00:00,2025-26,29.590394736842104,18.736842105263158,3.3157894736842106,3.8552631578947367,0.8421052631578947,0.4605263157894737,1.7763157894736843,1.894736842105263,9.689366100137805,0.5658517976920876,1006.0,16.104087830777235,76,2248.87,4740.265096438145,1006.0,1424.0,293.0,252.0,1154.0,237.0,64.0,35.0,135.0,92.0,18147.140000000003,3397.0,3514.0,7656.779651034106,6942.0,2830.0,both,3629.428000000001,62.3719091636598,30.04051400142156,6.181088906191374,1.9408197248109433,5.884824046782469,1.3489866734859983,4112.0,1.3736901138711102
35,203471.0,Dennis Schroder,70,2025-10-22 22:00:00,2026-04-10 19:00:00,2,1682.59,756.0,341.0,33.0,156.0,189.0,629.0,255.0,228.0,75.0,205.0,171.0,55.0,11.0,124.0,109.0,-235.0,0.40540540540540543,0.32894736842105265,0.8341463414634146,Cleveland,Cavaliers,Cleveland Cavaliers,2026-04-10 19:00:00,2025-26,24.037,10.8,2.7,4.871428571428571,0.7857142857142857,0.15714285714285714,1.7714285714285714,1.5571428571428572,14.705882352941176,0.5255839822024472,607.8000000000001,13.004237514783759,70,1682.5899999999997,3475.762183021402,607.8000000000001,756.0,341.0,189.0,629.0,205.0,55.0,11.0,124.0,-235.0,16747.63,2954.0,3047.0,6912.272911567113,6246.0,2650.0,both,3349.5260000000003,49.65374547173432,21.75062504831174,9.81079780618294,-6.761106992530766,6.269648988692842,1.5839696742065892,3596.0,0.6089449761825355
36,203482.0,Kelly Olynyk,42,2025-11-05 22:00:00,2026-04-02 22:30:00,1,352.53,133.0,49.0,24.0,52.0,76.0,96.0,47.0,47.0,12.0,38.0,27.0,15.0,3.0,24.0,39.0,-38.0,0.4895833333333333,0.2553191489361702,0.7105263157894737,San Antonio,Spurs,San Antonio Spurs,2026-04-02 22:30:00,2025-26,8.393571428571429,3.1666666666666665,1.8095238095238095,1.1666666666666667,0.35714285714285715,0.07142857142857142,0.5714285714285714,0.9285714285714286,17.554125219426567,0.5899574166075231,124.4,12.703599693643097,42,352.53,741.9670632973719,124.39999999999999,133.0,49.0,76.0,96.0,38.0,15.0,3.0,24.0,-38.0,9983.229999999998,1937.0,1783.0,4185.711860716105,3823.0,1567.0,both,1996.6459999999995,17.665882459461233,17.925323990654707,6.604066733399103,-5.12152114018706,11.57112656316293,2.0296769597879116,2256.0,0.7531598336885165
37,203484.0,Kentavious Caldwell-Pope,51,2025-10-22 20:00:00,2026-02-11 21:00:00,1,1077.76,428.0,139.0,20.0,105.0,125.0,366.0,150.0,174.0,55.0,80.0,73.0,43.0,8.0,61.0,57.0,-114.0,0.4098360655737705,0.3160919540229885,0.9125,Memphis,Grizzlies,Memphis Grizzlies,2026-02-11 21:00:00,2025-26,21.132549019607843,8.392156862745098,2.450980392156863,2.7254901960784315,0.8431372549019608,0.1568627450980392,1.196078431372549,1.1176470588235294,13.197749891821722,0.5333998005982054,336.6,11.24331947743468,51,1077.76,2275.21794196906,336.6,428.0,139.0,125.0,366.0,80.0,43.0,8.0,61.0,-114.0,12155.5,2297.0,2298.0,5135.75697939338,4628.0,2017.0,both,2431.1,44.61211650919726,18.81138470759388,6.109304846625116,-5.010509010901174,6.136281287235169,1.8886207318658144,2611.0,0.6911365763884024
38,203486.0,Mason Plumlee,20,2025-10-25 19:30:00,2026-04-12 20:30:00,2,166.89,31.0,20.0,17.0,36.0,53.0,14.0,11.0,0.0,0.0,14.0,9.0,10.0,0.0,12.0,17.0,-8.0,0.7857142857142857,,0.6428571428571429,San Antonio,Spurs,San Antonio Spurs,2026-04-12 20:30:00,2025-26,8.3445,1.55,2.65,1.0,0.5,0.0,0.6,0.85,37.3134328358209,0.7688492063492064,51.5,11.109113787524718,20,166.89000000000001,345.11965557871764,51.5,31.0,20.0,53.0,14.0,14.0,10.0,0.0,12.0,-8.0,4804.03,923.0,818.0,2004.623565794337,1789.0,708.0,both,960.8059999999999,17.25598277893588,8.982391903473975,5.795091550628371,-2.3180366202513483,17.52598720471604,2.871921469688008,1081.0,0.0
39,203497.0,Rudy Gobert,76,2025-10-22 22:00:00,2026-04-07 19:00:00,1,2365.67,829.0,128.0,299.0,573.0,872.0,491.0,335.0,5.0,0.0,302.0,159.0,58.0,124.0,106.0,199.0,233.0,0.6822810590631364,0.0,0.5264900662251656,Minnesota,Timberwolves,Minnesota Timberwolves,2026-04-07 19:00:00,2025-26,31.127236842105265,10.907894736842104,11.473684210526315,1.6842105263157894,0.7631578947368421,1.631578947368421,1.394736842105263,2.6184210526315788,14.522935277031841,0.664390587933577,992.0999999999999,15.097456534512421,76,2365.6700000000005,4960.104091475767,992.0999999999999,829.0,128.0,872.0,491.0,302.0,58.0,124.0,106.0,233.0,18176.539999999994,3386.0,3334.0,7623.836029178779,6787.0,2606.0,both,3635.3079999999986,65.26452751941798,16.7133589277831,2.580591004531046,4.6974820629354195,19.940418168053455,1.169072638519391,4181.0,4.557519833902271
40,203500.0,Steven Adams,32,2025-10-21 19:30:00,2026-01-18 19:00:00,1,724.62,187.0,48.0,145.0,131.0,276.0,139.0,70.0,0.0,0.0,81.0,47.0,22.0,20.0,35.0,55.0,194.0,0.5035971223021583,,0.5802469135802469,Houston,Rockets,Houston Rockets,2026-01-18 19:00:00,2025-26,22.644375,5.84375,8.625,1.5,0.6875,0.625,1.09375,1.71875,16.695287158939134,0.5353870819972515,257.5,12.792912147056388,32,724.62,1441.5131484274,257.49999999999994,187.0,48.0,276.0,139.0,81.0,22.0,20.0,35.0,194.0,7740.299999999999,1592.0,1187.0,3081.086966436346,2829.0,1160.0,both,1548.06,45.04728588835625,12.972479661666995,3.329834351657838,13.458080504617095,21.217685498499893,1.5254437449528615,1669.0,2.5600658209086062
41,203501.0,Tim Hardaway Jr.,80,2025-10-23 22:00:00,2026-04-10 21:00:00,1,2111.2,1079.0,108.0,17.0,189.0,206.0,779.0,348.0,550.0,224.0,196.0,159.0,42.0,10.0,43.0,100.0,200.0,0.4467265725288832,0.4072727272727273,0.8112244897959183,Denver,Nuggets,Denver Nuggets,2026-04-10 21:00:00,2025-26,26.389999999999997,13.4875,2.575,1.35,0.525,0.125,0.5375,1.25,4.734431427816436,0.6235264204151449,768.3000000000002,13.10098522167488,80,2111.2,4332.1321482409285,768.3,1079.0,108.0,206.0,779.0,196.0,42.0,10.0,43.0,200.0,19257.11,3510.0,3425.0,7911.233286237694,7284.0,3116.0,both,3851.422,54.15165185301161,24.906904108133688,2.492998742982797,4.616664338857032,5.418916818954112,0.9684937643577649,4168.0,0.43768737467443536
42,203507.0,Giannis Antetokounmpo,37,2025-10-22 20:00:00,2026-04-10 20:00:00,1,1032.74,993.0,196.0,98.0,254.0,352.0,598.0,373.0,45.0,15.0,357.0,232.0,34.0,24.0,115.0,86.0,96.0,0.6237458193979933,0.3333333333333333,0.6498599439775911,Milwaukee,Bucks,Milwaukee Bucks,2026-04-10 20:00:00,2025-26,27.91189189189189,26.83783783783784,9.513513513513514,5.297297297297297,0.918918918918919,0.6486486486486487,3.108108108108108,2.324324324324324,13.21717543214417,0.657546220268051,857.0000000000001,29.873927610047062,37,1032.74,2116.2431308299247,857.0000000000001,993.0,196.0,352.0,598.0,357.0,34.0,24.0,115.0,96.0,8587.439999999999,1467.0,1621.0,3514.3577049391656,3203.0,1396.0,both,1717.4879999999998,57.19576029270067,46.92277487089002,9.261695744908804,4.5363407730165575,18.956933419533588,1.6089245052730536,1807.0,2.208796991479589
43,203552.0,Seth Curry,10,2025-12-02 23:00:00,2026-04-12 20:30:00,1,131.8,71.0,10.0,4.0,8.0,12.0,49.0,24.0,25.0,12.0,12.0,11.0,3.0,0.0,2.0,7.0,1.0,0.4897959183673469,0.48,0.9166666666666666,Golden State,Warriors,Golden State Warriors,2026-04-12 20:30:00,2025-26,13.180000000000001,7.1,1.2,1.0,0.3,0.0,0.2,0.7,3.5536602700781805,0.6540162122328667,56.3,15.377845220030347,10,131.8,262.1323358303942,56.300000000000004,71.0,10.0,12.0,49.0,12.0,3.0,0.0,2.0,1.0,2379.6,405.0,427.0,950.0646993862534,844.0,348.0,both,475.91999999999996,26.21323358303942,27.08555576521421,3.8148670091850994,0.38148670091850995,5.208065834014239,1.140214655038509,496.0,0.0
44,203648.0,Thanasis Antetokounmpo,34,2025-10-22 20:00:00,2026-04-12 18:00:00,1,141.17000000000002,47.0,15.0,12.0,18.0,30.0,32.0,15.0,4.0,0.0,30.0,17.0,13.0,6.0,10.0,18.0,5.0,0.46875,0.0,0.5666666666666667,Milwaukee,Bucks,Milwaukee Bucks,2026-04-12 18:00:00,2025-26,4.152058823529412,1.3823529411764706,0.8823529411764706,0.4411764705882353,0.38235294117647056,0.17647058823529413,0.29411764705882354,0.5294117647058824,18.115942028985508,0.5199115044247787,49.69999999999999,12.674080895374367,34,141.17,287.92889754393684,49.7,47.0,15.0,30.0,32.0,30.0,13.0,6.0,10.0,5.0,8097.820000000001,1329.0,1515.0,3278.394402306858,2970.0,1380.0,both,1619.564,8.468496986586377,16.323474441403707,5.209619502575651,1.7365398341918838,12.101727306664708,4.549229562568543,1590.0,4.329221693101186
45,203897.0,Zach LaVine,39,2025-10-22 22:00:00,2026-02-06 22:00:00,1,1216.17,748.0,89.0,8.0,100.0,108.0,547.0,262.0,254.0,99.0,142.0,125.0,28.0,10.0,74.0,81.0,-310.0,0.4789762340036563,0.38976377952755903,0.8802816901408451,Sacramento,Kings,Sacramento Kings,2026-02-06 22:00:00,2025-26,31.183846153846154,19.17948717948718,2.769230769230769,2.282051282051282,0.717948717948718,0.2564102564102564,1.8974358974358974,2.076923076923077,10.826944460701117,0.613637855220844,489.6,14.492710723007475,39,1216.1699999999996,2520.8999295599924,489.59999999999997,748.0,89.0,108.0,547.0,142.0,28.0,10.0,74.0,-310.0,9301.81,1592.0,1767.0,3849.304309715294,3488.0,1390.0,both,1860.3619999999999,64.6384597323075,29.671943389302204,3.5304852428447804,-12.297195789684066,4.918321626796395,1.1127022319041973,2098.0,0.729117781679602
46,203903.0,Jordan Clarkson,72,2025-10-22 19:00:00,2026-04-12 18:00:00,1,1266.08,622.0,96.0,62.0,65.0,127.0,526.0,237.0,214.0,70.0,94.0,78.0,30.0,9.0,63.0,123.0,110.0,0.4505703422053232,0.32710280373831774,0.8297872340425532,New York,Knicks,New York Knicks,2026-04-12 18:00:00,2025-26,17.584444444444443,8.63888888888889,1.7638888888888888,1.3333333333333333,0.4166666666666667,0.125,0.875,1.7083333333333333,9.994288977727013,0.5481528482797519,396.4,11.271325666624541,72,1266.08,2563.116235583769,396.4,622.0,96.0,127.0,526.0,94.0,30.0,9.0,63.0,110.0,17190.34,3283.0,2924.0,6965.056272405563,6199.0,2790.0,both,3438.068,35.59883660533013,24.267334870138452,3.7454407516612402,4.291650861278504,5.556166982358149,1.1696338779213218,3409.0,0.7169169062335534
47,203914.0,Gary Harris,48,2025-10-22 20:00:00,2026-04-08 19:00:00,1,650.86,128.0,51.0,16.0,45.0,61.0,104.0,46.0,68.0,28.0,9.0,8.0,27.0,9.0,19.0,53.0,-132.0,0.4423076923076923,0.4117647058823529,0.8888888888888888,Milwaukee,Bucks,Milwaukee Bucks,2026-04-08 19:00:00,2025-26,13.559583333333334,2.6666666666666665,1.2708333333333333,1.0625,0.5625,0.1875,0.3958333333333333,1.1041666666666667,14.965343415248897,0.5928121526491293,126.69999999999999,7.00795870079587,48,650.86,1309.8027325590656,126.69999999999999,128.0,51.0,61.0,104.0,9.0,27.0,9.0,19.0,-132.0,11457.22,1945.0,2143.0,4645.0942383483125,4179.0,1915.0,both,2291.444,27.287556928313865,9.772463961036044,3.893716109475299,-10.07785345981842,5.253401746405313,2.046401762305271,2264.0,1.3995478556286876
48,203924.0,Jerami Grant,57,2025-10-22 22:00:00,2026-03-27 22:00:00,1,1683.86,1060.0,122.0,55.0,143.0,198.0,730.0,331.0,350.0,136.0,322.0,262.0,42.0,36.0,119.0,142.0,-6.0,0.4534246575342466,0.38857142857142857,0.8136645962732919,Portland,Trail Blazers,Portland Trail Blazers,2026-03-27 22:00:00,2025-26,29.54140350877193,18.596491228070175,3.473684210526316,2.1403508771929824,0.7368421052631579,0.631578947368421,2.087719298245614,2.491228070175439,12.011951386926151,0.6080212922173274,715.6000000000001,15.299134132291288,57,1683.86,3564.1275540111906,715.5999999999999,1060.0,122.0,198.0,730.0,322.0,42.0,36.0,119.0,-6.0,13606.91,2654.0,2464.0,5760.080651868775,5087.0,1986.0,both,2721.382,62.5285535791437,29.740798664936662,3.422997582190824,-0.16834414338643397,6.252424212225279,1.17843125746338,3101.0,1.8762221640039267
49,203926.0,Doug McDermott,29,2025-11-12 22:00:00,2026-04-12 20:30:00,1,433.12,164.0,22.0,7.0,30.0,37.0,139.0,54.0,123.0,48.0,9.0,8.0,6.0,4.0,13.0,28.0,-102.0,0.38848920863309355,0.3902439024390244,0.8888888888888888,Sacramento,Kings,Sacramento Kings,2026-04-12 20:30:00,2025-26,14.935172413793104,5.655172413793103,1.2758620689655173,0.7586206896551724,0.20689655172413793,0.13793103448275862,0.4482758620689655,0.9655172413793104,8.335470633495767,0.5735870173475097,101.79999999999998,8.461396379756186,29,433.11999999999995,889.8511458661714,101.8,164.0,22.0,37.0,139.0,9.0,6.0,4.0,13.0,-102.0,6899.62,1238.0,1240.0,2864.3513306228183,2569.0,1045.0,both,1379.924,30.68452227124729,18.430048751621733,2.4723236130224273,-11.462591296740346,4.757155543589648,0.6673780124167565,1524.0,0.836222702490966
50,203932.0,Aaron Gordon,36,2025-10-23 22:00:00,2026-04-08 21:00:00,1,997.38,582.0,96.0,51.0,158.0,209.0,398.0,198.0,157.0,61.0,163.0,125.0,21.0,10.0,38.0,62.0,272.0,0.49748743718592964,0.3885350318471338,0.7668711656441718,Denver,Nuggets,Denver Nuggets,2026-04-08 21:00:00,2025-26,27.705,16.166666666666668,5.805555555555555,2.6666666666666665,0.5833333333333334,0.2777777777777778,1.0555555555555556,1.7222222222222223,7.484440242653431,0.6195180107297964,482.9000000000001,17.430066774950372,36,997.3799999999999,2042.083537280397,482.9,582.0,96.0,209.0,398.0,163.0,21.0,10.0,38.0,272.0,8664.48,1595.0,1559.0,3539.963574376295,3269.0,1394.0,both,1732.896,56.72454270223325,28.500303213603846,4.701080942450118,13.319729336942002,11.51321039436577,1.0307001648078837,1875.0,0.9266389941647116
51,203935.0,Marcus Smart,63,2025-10-21 22:00:00,2026-04-12 20:30:00,1,1756.21,579.0,185.0,36.0,136.0,172.0,476.0,188.0,293.0,97.0,129.0,106.0,87.0,23.0,92.0,162.0,256.0,0.3949579831932773,0.3310580204778157,0.8217054263565892,Los Angeles,Lakers,Los Angeles Lakers,2026-04-12 20:30:00,2025-26,27.876349206349207,9.19047619047619,2.7301587301587302,2.9365079365079363,1.380952380952381,0.36507936507936506,1.4603174603174602,2.5714285714285716,14.725654651386133,0.5433966514002553,453.60000000000014,9.298204656618516,63,1756.21,3596.498587636052,453.6,579.0,185.0,172.0,476.0,129.0,87.0,23.0,92.0,256.0,14765.110000000002,2544.0,2557.0,6055.232572240851,5410.0,2263.0,both,2953.0220000000004,57.08727916882622,16.098991446582822,5.143891912984149,7.118034214724012,5.669742825314534,2.415898370963301,3147.0,1.228913541679372
52,203937.0,Kyle Anderson,43,2025-10-31 22:00:00,2026-04-10 21:30:00,3,845.54,266.0,126.0,42.0,108.0,150.0,202.0,107.0,11.0,4.0,68.0,48.0,45.0,26.0,39.0,96.0,-81.0,0.5297029702970297,0.36363636363636365,0.7058823529411765,Minnesota,Timberwolves,Minnesota Timberwolves,2026-04-10 21:30:00,2025-26,19.663720930232557,6.186046511627907,3.488372093023256,2.9302325581395348,1.0465116279069768,0.6046511627906976,0.9069767441860465,2.2325581395348837,14.39539347408829,0.5734736115902035,295.20000000000005,12.568536083449631,43,845.5400000000001,1775.2907263953343,295.2,266.0,126.0,150.0,202.0,68.0,45.0,26.0,39.0,-81.0,10283.220000000001,1728.0,1988.0,4321.977476817626,3875.0,1623.0,both,2056.6440000000002,41.28583084640312,14.983461359036312,7.097429064806675,-4.562632970232863,9.818395429008838,2.5325322223378453,2252.0,2.808212234366838
53,203939.0,Dwight Powell,63,2025-10-22 21:30:00,2026-04-12 20:30:00,1,892.65,210.0,68.0,96.0,161.0,257.0,101.0,65.0,7.0,2.0,112.0,78.0,34.0,21.0,41.0,133.0,-9.0,0.6435643564356436,0.2857142857142857,0.6964285714285714,Dallas,Mavericks,Dallas Mavericks,2026-04-12 20:30:00,2025-26,14.16904761904762,3.3333333333333335,4.079365079365079,1.0793650793650793,0.5396825396825397,0.3333333333333333,0.6507936507936508,2.111111111111111,21.434546214972816,0.6986957678999202,269.29999999999995,10.860695681398084,63,892.65,1902.660570878796,269.29999999999995,210.0,68.0,257.0,101.0,112.0,34.0,21.0,41.0,-9.0,15005.940000000002,2813.0,2942.0,6385.507195691405,5844.0,2252.0,both,3001.1880000000006,30.200961442520573,11.03717621598716,3.5739427747006043,-0.47302183782802115,15.014116705484016,1.7901750928306026,3592.0,1.9655991637721426
54,203944.0,Julius Randle,79,2025-10-22 22:00:00,2026-04-07 19:00:00,1,2595.37,1667.0,398.0,132.0,400.0,532.0,1207.0,580.0,346.0,109.0,496.0,398.0,86.0,18.0,217.0,223.0,232.0,0.48053024026512015,0.315028901734104,0.8024193548387096,Minnesota,Timberwolves,Minnesota Timberwolves,2026-04-07 19:00:00,2025-26,32.85278481012658,21.10126582278481,6.734177215189874,5.037974683544304,1.0886075949367089,0.22784810126582278,2.7468354430379747,2.8227848101265822,13.213659392049882,0.5848137857483652,1298.2999999999997,18.008530575601934,79,2595.3699999999994,5436.420897922486,1298.2999999999997,1667.0,398.0,532.0,1207.0,496.0,86.0,18.0,217.0,232.0,18890.139999999996,3510.0,3448.0,7923.1103913632305,7063.0,2717.0,both,3778.0279999999993,68.8154544040821,30.663556617498834,7.320993121634395,4.26751357844015,11.129947092209685,1.5800420180471169,4346.0,0.6029047078190946
55,203952.0,Andrew Wiggins,68,2025-10-22 19:00:00,2026-04-12 18:00:00,1,2047.98,1045.0,182.0,115.0,214.0,329.0,821.0,390.0,333.0,138.0,162.0,127.0,76.0,69.0,103.0,156.0,9.0,0.47503045066991473,0.4144144144144144,0.7839506172839507,Miami,Heat,Miami Heat,2026-04-12 18:00:00,2025-26,30.11735294117647,15.367647058823529,4.838235294117647,2.676470588235294,1.1176470588235294,1.0147058823529411,1.5147058823529411,2.2941176470588234,10.348846555743108,0.5855785179540055,843.3000000000001,14.823777575952892,68,2047.98,4421.900845038698,843.3000000000001,1045.0,182.0,329.0,821.0,162.0,76.0,69.0,103.0,9.0,16198.699999999999,3124.0,3183.0,7001.5645428049675,6359.0,2657.0,both,3239.74,65.02795360351027,23.632370707101522,4.1158770035334715,0.20353237929561122,8.251967594846905,1.7171290774875305,3702.0,2.9484727829927304
56,203954.0,Joel Embiid,39,2025-10-22 19:30:00,2026-04-06 20:00:00,1,1195.2,1021.0,150.0,75.0,218.0,293.0,697.0,341.0,159.0,53.0,335.0,286.0,21.0,46.0,109.0,82.0,155.0,0.48923959827833574,0.3333333333333333,0.8537313432835821,Philadelphia,76ers,Philadelphia 76ers,2026-04-06 20:00:00,2025-26,30.646153846153847,26.17948717948718,7.512820512820513,3.8461538461538463,0.5384615384615384,1.1794871794871795,2.7948717948717947,2.1025641025641026,11.432766939374869,0.6045712932259593,784.2000000000002,23.620481927710845,39,1195.1999999999998,2465.4336083455587,784.2000000000002,1021.0,150.0,293.0,697.0,335.0,21.0,46.0,109.0,155.0,9195.66,1669.0,1730.0,3806.4349585699315,3446.0,1449.0,both,1839.132,63.21624636783484,41.41259357152785,6.084122463985483,6.286926546118332,13.264435500164826,0.8489325738328277,1997.0,3.5444763530838435
57,203967.0,Dario Saric,5,2025-10-22 22:00:00,2025-12-20 22:00:00,1,40.35,5.0,2.0,1.0,5.0,6.0,6.0,1.0,3.0,1.0,2.0,2.0,0.0,0.0,2.0,3.0,0.0,0.16666666666666666,0.3333333333333333,1.0,Sacramento,Kings,Sacramento Kings,2025-12-20 22:00:00,2025-26,8.07,1.0,1.2,0.4,0.0,0.0,0.4,0.6,22.522522522522525,0.3633720930232558,1.6000000000000005,1.427509293680298,5,40.35,85.09446579807323,1.6,5.0,2.0,6.0,6.0,2.0,0.0,0.0,2.0,0.0,1213.3999999999999,202.0,238.0,515.7237883850831,445.0,177.0,both,242.67999999999998,17.018893159614645,5.8758227730870995,2.3503291092348397,0.0,8.20141939844542,0.0,268.0,0.0
58,203991.0,Clint Capela,75,2025-10-21 19:30:00,2026-04-12 20:30:00,1,911.03,282.0,50.0,160.0,185.0,345.0,227.0,118.0,2.0,1.0,78.0,45.0,36.0,63.0,41.0,74.0,162.0,0.5198237885462555,0.5,0.5769230769230769,Houston,Rockets,Houston Rockets,2026-04-12 20:30:00,2025-26,12.147066666666666,3.76,4.6,0.6666666666666666,0.48,0.84,0.5466666666666666,0.9866666666666667,13.56178883302461,0.539568345323741,369.1,14.585249662469952,75,911.03,1827.2766962232229,369.1,282.0,50.0,345.0,227.0,78.0,36.0,63.0,41.0,162.0,18048.6,3599.0,2964.0,7238.174391007295,6598.0,2665.0,both,3609.72,24.363689282976306,15.43280229988499,2.7363124645186154,8.865652385040313,20.828477626383368,1.9706717711935768,3933.0,6.3468383950763
59,203992.0,Bogdan Bogdanovic,23,2025-10-26 21:00:00,2026-04-12 20:30:00,1,447.24,171.0,51.0,6.0,53.0,59.0,152.0,59.0,95.0,33.0,25.0,20.0,10.0,3.0,27.0,46.0,-30.0,0.3881578947368421,0.3473684210526316,0.8,LA,Clippers,LA Clippers,2026-04-12 20:30:00,2025-26,19.445217391304347,7.434782608695652,2.5652173913043477,2.217391304347826,0.43478260869565216,0.13043478260869565,1.173913043478261,2.0,14.210526315789474,0.5245398773006135,108.69999999999999,8.74966460960558,23,447.24,898.8159391773427,108.7,171.0,51.0,59.0,152.0,25.0,10.0,3.0,27.0,-30.0,5518.010000000001,921.0,982.0,2207.969271548552,2019.0,840.0,both,1103.6020000000003,39.078953877275765,19.025029769333063,5.674131685590562,-3.3377245209356246,7.650416217775795,1.1175804990622815,1179.0,0.6278838168985784
60,203994.0,Jusuf Nurkic,42,2025-10-22 21:00:00,2026-03-21 21:30:00,1,1075.03,447.0,196.0,106.0,319.0,425.0,358.0,180.0,71.0,25.0,113.0,62.0,52.0,22.0,101.0,134.0,-187.0,0.5027932960893855,0.352112676056338,0.5486725663716814,Utah,Jazz,Utah Jazz,2026-03-21 21:30:00,2025-26,25.59595238095238,10.642857142857142,10.119047619047619,4.666666666666667,1.2380952380952381,0.5238095238095238,2.4047619047619047,3.1904761904761907,19.853750589715364,0.5481703129598744,467.89999999999986,15.668772034268805,42,1075.0299999999997,2301.7593138526463,467.9,447.0,196.0,425.0,358.0,113.0,52.0,22.0,101.0,-187.0,9883.009999999998,1894.0,1813.0,4225.767899025772,3766.0,1698.0,both,1976.6019999999996,54.803793186967766,19.41992793555026,8.515225671963872,-8.124220411516552,21.07972741037125,2.262540440474932,2068.0,1.9560087486920206
61,203999.0,Nikola Jokic,65,2025-10-23 22:00:00,2026-04-12 20:30:00,1,2252.92,1799.0,697.0,192.0,644.0,836.0,1132.0,644.0,295.0,112.0,480.0,399.0,92.0,53.0,243.0,173.0,555.0,0.568904593639576,0.37966101694915255,0.83125,Denver,Nuggets,Denver Nuggets,2026-04-12 20:30:00,2025-26,34.6603076923077,27.676923076923078,12.861538461538462,10.723076923076922,1.4153846153846155,0.8153846153846154,3.7384615384615385,2.6615384615384614,15.319631824486192,0.6696694460988684,1864.1999999999998,29.788541093336644,65,2252.92,4674.218011270839,1864.2,1799.0,697.0,836.0,1132.0,480.0,92.0,53.0,243.0,555.0,15685.87,2927.0,2706.0,6506.881508684554,5948.0,2585.0,both,3137.174,71.91104632724368,38.48772127577513,14.911585174661072,11.873643862176317,20.66613979468975,1.9688279483074371,3363.0,2.1945316004182978
62,204001.0,Kristaps Porzingis,34,2025-10-22 19:30:00,2026-04-12 20:30:00,2,762.57,533.0,81.0,40.0,127.0,167.0,388.0,173.0,160.0,54.0,158.0,133.0,18.0,38.0,41.0,92.0,45.0,0.44587628865979384,0.3375,0.8417721518987342,Golden State,Warriors,Golden State Warriors,2026-04-12 20:30:00,2025-26,22.428529411764707,15.676470588235293,4.911764705882353,2.3823529411764706,0.5294117647058824,1.1176470588235294,1.2058823529411764,2.7058823529411766,8.224344058412903,0.5824881972372793,410.2000000000001,19.365041897792995,34,762.5699999999999,1588.776924014015,410.2,533.0,81.0,167.0,388.0,158.0,18.0,38.0,41.0,45.0,7662.88,1380.0,1397.0,3195.6422150933436,2839.0,1199.0,both,1532.576,46.728733059235736,33.54781857313143,5.098261359143801,2.832367421746556,12.086008512927704,1.1320266729572321,1640.0,4.656740668669522
63,204060.0,Joe Ingles,27,2025-10-24 22:00:00,2026-04-12 20:30:00,1,147.63,41.0,34.0,0.0,19.0,19.0,27.0,16.0,16.0,7.0,2.0,2.0,9.0,2.0,14.0,9.0,-8.0,0.5925925925925926,0.4375,1.0,Minnesota,Timberwolves,Minnesota Timberwolves,2026-04-12 20:30:00,2025-26,5.467777777777777,1.5185185185185186,0.7037037037037037,1.2592592592592593,0.3333333333333333,0.07407407407407407,0.5185185185185185,0.3333333333333333,33.42884431709647,0.7352941176470589,50.80000000000001,12.387726071936601,27,147.63000000000002,318.0045885989052,50.8,41.0,34.0,19.0,27.0,2.0,9.0,2.0,14.0,-8.0,6412.08,1194.0,1151.0,2704.967557002914,2456.0,946.0,both,1282.416,11.777947725885376,12.892895722241523,10.69166962332224,-2.515686970193468,7.038256044652632,2.890245654612111,1510.0,1.1505549267835777
64,204456.0,T.J. McConnell,56,2025-11-11 21:00:00,2026-03-29 17:00:00,1,951.51,525.0,287.0,22.0,102.0,124.0,450.0,242.0,50.0,16.0,29.0,25.0,56.0,10.0,64.0,62.0,-134.0,0.5377777777777778,0.32,0.8620689655172413,Indiana,Pacers,Indiana Pacers,2026-03-29 17:00:00,2025-26,16.99125,9.375,2.2142857142857144,5.125,1.0,0.17857142857142858,1.1428571428571428,1.1071428571428572,12.149745614701192,0.5672486818221109,526.3,19.912349843932276,56,951.51,1992.2025728680344,526.3,525.0,287.0,124.0,450.0,29.0,56.0,10.0,64.0,-134.0,13339.06,2258.0,2585.0,5587.138883224165,5035.0,1874.0,both,2667.812,35.575045944072045,26.352741791925023,14.406165512919012,-6.726223619272291,7.178754159198099,2.8102206760752106,3161.0,0.8869872333427662
65,1626145.0,Tyus Jones,67,2025-10-22 19:00:00,2026-04-12 20:30:00,3,963.97,199.0,159.0,12.0,64.0,76.0,218.0,76.0,137.0,40.0,9.0,7.0,37.0,3.0,25.0,31.0,-106.0,0.3486238532110092,0.291970802919708,0.7777777777777778,Denver,Nuggets,Denver Nuggets,2026-04-12 20:30:00,2025-26,14.387611940298507,2.970149253731343,1.1343283582089552,2.373134328358209,0.5522388059701493,0.04477611940298507,0.373134328358209,0.4626865671641791,10.123096857790735,0.4482789691836367,216.60000000000002,8.089048414369742,67,963.97,2020.244307475942,216.6,199.0,159.0,76.0,218.0,9.0,37.0,3.0,25.0,-106.0,16022.88,2920.0,2931.0,6703.087511360296,5990.0,2313.0,both,3204.576,30.15290011158122,9.850293811674051,7.870335256563689,-5.246890171042459,4.318078682927417,1.834990804505757,3677.0,0.2712281004302168
66,1626156.0,D'Angelo Russell,26,2025-10-22 21:30:00,2026-01-10 20:00:00,1,489.67,264.0,104.0,8.0,53.0,61.0,232.0,94.0,112.0,33.0,60.0,43.0,12.0,2.0,49.0,30.0,-41.0,0.4051724137931034,0.29464285714285715,0.7166666666666667,Dallas,Mavericks,Dallas Mavericks,2026-01-10 20:00:00,2025-26,18.83346153846154,10.153846153846153,2.3461538461538463,4.0,0.46153846153846156,0.07692307692307693,1.8846153846153846,1.1538461538461537,15.94014313597918,0.5108359133126935,179.10000000000005,13.167235076684301,26,489.6700000000001,1038.1349398120194,179.10000000000002,264.0,104.0,61.0,232.0,60.0,12.0,2.0,49.0,-41.0,6284.030000000001,1159.0,1253.0,2660.9599861524575,2479.0,922.0,both,1256.806,39.9282669158469,25.430220087554694,10.017965489036698,-3.949390240870237,6.491084749566169,1.1574644203913187,1557.0,0.32969027061190814
67,1626157.0,Karl-Anthony Towns,75,2025-10-22 19:00:00,2026-04-10 19:30:00,1,2307.47,1504.0,226.0,233.0,656.0,889.0,1032.0,517.0,307.0,113.0,416.0,357.0,65.0,40.0,187.0,255.0,378.0,0.500968992248062,0.36807817589576547,0.8581730769230769,New York,Knicks,New York Knicks,2026-04-10 19:30:00,2025-26,30.766266666666663,20.053333333333335,11.853333333333333,3.013333333333333,0.8666666666666667,0.5333333333333333,2.493333333333333,3.4,13.337707911329206,0.6189096655254148,1286.8999999999999,20.077574139642117,75,2307.4700000000003,4670.213951765648,1286.8999999999999,1504.0,226.0,889.0,1032.0,416.0,65.0,40.0,187.0,378.0,17905.12,3409.0,3002.0,7242.1665958650965,6401.0,2868.0,both,3581.024,62.26951935687531,32.2040920508875,4.839178725731765,8.093847603215076,21.520242080413947,1.3928874135233735,3533.0,1.75706376329028
68,1626162.0,Kelly Oubre Jr.,51,2025-10-22 19:30:00,2026-04-12 18:00:00,1,1565.01,705.0,80.0,50.0,202.0,252.0,544.0,254.0,239.0,86.0,145.0,111.0,68.0,24.0,69.0,127.0,-66.0,0.46691176470588236,0.3598326359832636,0.7655172413793103,Philadelphia,76ers,Philadelphia 76ers,2026-04-12 18:00:00,2025-26,30.686470588235295,13.823529411764707,4.9411764705882355,1.5686274509803921,1.3333333333333333,0.47058823529411764,1.3529411764705883,2.4901960784313726,10.195035460992909,0.5799605133267522,528.8000000000001,12.164011731554433,51,1565.01,3234.3864749567942,528.8,705.0,80.0,252.0,544.0,145.0,68.0,24.0,69.0,-66.0,11972.69,2135.0,2247.0,4945.455208659367,4476.0,1927.0,both,2394.538,63.41934264621165,21.79702411751575,2.4734211764556884,-2.0405724705759427,8.798989188751214,2.1038135912641387,2549.0,1.440608665400356
69,1626164.0,Devin Booker,64,2025-10-22 22:00:00,2026-04-08 22:00:00,1,2133.88,1668.0,386.0,48.0,200.0,248.0,1198.0,546.0,370.0,122.0,520.0,454.0,51.0,18.0,201.0,168.0,201.0,0.4557595993322204,0.32972972972972975,0.8730769230769231,Phoenix,Suns,Phoenix Suns,2026-04-08 22:00:00,2025-26,33.341875,26.0625,3.875,6.03125,0.796875,0.28125,3.140625,2.625,12.34795429413933,0.584524810765349,1180.6000000000001,19.917521135209103,64,2133.88,4354.412682828206,1180.6000000000001,1668.0,386.0,248.0,1198.0,520.0,51.0,18.0,201.0,201.0,15243.96,2760.0,2761.0,6225.802283893657,5475.0,2215.0,both,3048.792,68.03769816919072,38.30596963346681,8.864570910382607,4.6160071320904255,6.417882133877799,1.170395531109029,3260.0,0.788883201440367
70,1626166.0,Cameron Payne,22,2026-02-19 19:00:00,2026-04-04 19:00:00,1,370.2,163.0,58.0,3.0,41.0,44.0,149.0,56.0,97.0,32.0,22.0,19.0,24.0,7.0,11.0,30.0,-64.0,0.37583892617449666,0.32989690721649484,0.8636363636363636,Philadelphia,76ers,Philadelphia 76ers,2026-04-04 19:00:00,2025-26,16.827272727272728,7.409090909090909,2.0,2.6363636363636362,1.0909090909090908,0.3181818181818182,0.5,1.3636363636363635,6.482791136256482,0.51361230148727,140.79999999999998,13.692058346839545,22,370.2,787.0409751513749,140.79999999999998,163.0,58.0,44.0,149.0,22.0,24.0,7.0,11.0,-64.0,5234.0,947.0,996.0,2201.9259515655735,1963.0,881.0,both,1046.8,35.77458977960795,20.710484605791905,7.369374890404481,-8.13172401699805,6.403349040301204,3.082022686827451,1082.0,1.8293553666849414
71,1626167.0,Myles Turner,71,2025-10-22 20:00:00,2026-04-10 20:00:00,1,1897.88,846.0,103.0,75.0,303.0,378.0,646.0,284.0,384.0,147.0,177.0,131.0,50.0,115.0,83.0,185.0,-227.0,0.43962848297213625,0.3828125,0.7401129943502824,Milwaukee,Bucks,Milwaukee Bucks,2026-04-10 20:00:00,2025-26,26.730704225352113,11.915492957746478,5.323943661971831,1.4507042253521127,0.704225352112676,1.619718309859155,1.1690140845070423,2.6056338028169015,10.28653579218719,0.5843509974028844,678.0,12.86066558475773,71,1897.8799999999999,3872.4422246975214,678.0,846.0,103.0,378.0,646.0,177.0,50.0,115.0,83.0,-227.0,16955.85,2918.0,3172.0,6912.104225804883,6266.0,2847.0,both,3391.1699999999996,54.54143978447213,21.846678424390994,2.6598201864211255,-5.861933808908694,11.09060708754523,1.29252972206384,3419.0,6.010070299464324
72,1626171.0,Bobby Portis,68,2025-10-22 20:00:00,2026-04-10 20:00:00,1,1607.2,915.0,105.0,89.0,339.0,428.0,750.0,366.0,296.0,135.0,68.0,48.0,41.0,12.0,66.0,110.0,-266.0,0.488,0.4560810810810811,0.7058823529411765,Milwaukee,Bucks,Milwaukee Bucks,2026-04-10 20:00:00,2025-26,23.63529411764706,13.455882352941176,6.294117647058823,1.5441176470588236,0.6029411764705882,0.17647058823529413,0.9705882352941176,1.6176470588235294,7.802156232267827,0.5865986255000513,705.3000000000001,15.798158287705327,68,1607.2,3274.286169800873,705.3,915.0,105.0,428.0,750.0,68.0,41.0,12.0,66.0,-266.0,15979.25,2725.0,3016.0,6518.896962542296,5891.0,2645.0,both,3195.85,48.15126720295401,27.945022290328588,3.2068058365950836,-8.123908119374212,14.824248467681878,1.2506224010402396,3246.0,0.7351046906296894
73,1626172.0,Kevon Looney,21,2025-11-02 15:30:00,2026-04-10 19:30:00,1,302.5,59.0,34.0,48.0,70.0,118.0,60.0,25.0,13.0,2.0,10.0,7.0,9.0,10.0,9.0,34.0,-63.0,0.4166666666666667,0.15384615384615385,0.7,New Orleans,Pelicans,New Orleans Pelicans,2026-04-10 19:30:00,2025-26,14.404761904761905,2.8095238095238093,5.619047619047619,1.619047619047619,0.42857142857142855,0.47619047619047616,0.42857142857142855,1.619047619047619,12.261580381471388,0.45807453416149063,97.6,11.615206611570247,21,302.5,637.5037398872282,97.6,59.0,34.0,118.0,60.0,10.0,9.0,10.0,9.0,-63.0,5022.62,912.0,955.0,2100.9229744258823,1916.0,890.0,both,1004.524,30.35732094701087,9.254847667315152,5.333302045571444,-9.882294966794145,20.988075978168006,1.4225492712781167,1026.0,3.236589177259034
74,1626179.0,Terry Rozier,1,2026-02-03 19:30:00,2026-02-03 19:30:00,1,0.0,0.0,0.0,0.0,0.0,0.0,0.0,0.0,0.0,0.0,0.0,0.0,0.0,0.0,0.0,0.0,0.0,,,,Miami,Heat,Miami Heat,2026-02-03 19:30:00,2025-26,0.0,0.0,0.0,0.0,0.0,0.0,0.0,0.0,,,0.0,,1,0.0,,0.0,0.0,0.0,0.0,0.0,0.0,0.0,0.0,0.0,0.0,,,,,,,both,,,,,,,,,
75,1626181.0,Norman Powell,58,2025-10-22 19:00:00,2026-04-12 18:00:00,1,1704.56,1261.0,143.0,22.0,181.0,203.0,895.0,421.0,410.0,156.0,318.0,263.0,64.0,14.0,111.0,127.0,38.0,0.47039106145251397,0.3804878048780488,0.8270440251572327,Miami,Heat,Miami Heat,2026-04-12 18:00:00,2025-26,29.388965517241378,21.74137931034483,3.5,2.4655172413793105,1.103448275862069,0.2413793103448276,1.9137931034482758,2.189655172413793,9.686540072605418,0.6092258338808796,862.7,18.220068522081945,58,1704.56,3689.751021873734,862.6999999999999,1261.0,143.0,203.0,895.0,318.0,64.0,14.0,111.0,38.0,13818.67,2693.0,2748.0,5987.518775995271,5415.0,2274.0,both,2763.734,63.61639692885748,34.17574770016969,3.875600254658418,1.0298797879511878,6.0492462019797975,1.7330737096215691,3141.0,0.7226766916965182
76,1626192.0,Pat Connaughton,42,2025-10-26 18:00:00,2026-04-10 19:00:00,1,288.71,110.0,18.0,15.0,46.0,61.0,85.0,38.0,52.0,21.0,20.0,13.0,11.0,1.0,11.0,9.0,-29.0,0.4470588235294118,0.40384615384615385,0.65,Charlotte,Hornets,Charlotte Hornets,2026-04-10 19:00:00,2025-26,6.8740476190476185,2.619047619047619,1.4523809523809523,0.42857142857142855,0.2619047619047619,0.023809523809523808,0.2619047619047619,0.21428571428571427,10.49618320610687,0.5863539445628998,96.90000000000002,12.082712756745526,42,288.71,578.4417406199391,96.89999999999999,110.0,18.0,61.0,85.0,20.0,11.0,1.0,11.0,-29.0,10009.500000000002,1951.0,1637.0,4019.6438405184426,3647.0,1504.0,both,2001.9000000000003,13.772422395712836,19.016608290077514,3.1118086292854112,-5.013469458293162,11.788483867055266,1.897516948873483,2143.0,0.3235626486157317
77,1626204.0,Larry Nance Jr.,35,2025-10-22 19:00:00,2026-04-12 18:00:00,1,442.86,131.0,34.0,29.0,64.0,93.0,124.0,52.0,63.0,21.0,13.0,6.0,21.0,6.0,20.0,55.0,-17.0,0.41935483870967744,0.3333333333333333,0.46153846153846156,Cleveland,Cavaliers,Cleveland Cavaliers,2026-04-12 18:00:00,2025-26,12.653142857142857,3.742857142857143,2.657142857142857,0.9714285714285714,0.6,0.17142857142857143,0.5714285714285714,1.5714285714285714,13.35826876836762,0.5049337033610855,108.69999999999999,8.836201056767376,35,442.85999999999996,930.8893876983725,108.69999999999999,131.0,34.0,93.0,124.0,13.0,21.0,6.0,20.0,-17.0,8319.67,1574.0,1473.0,3491.2657249083322,3102.0,1366.0,both,1663.934,26.596839648524927,14.072563478663987,3.6524210555311116,-1.8262105277655558,11.467800644973766,2.2599874642890967,1736.0,1.2985873556278826
78,1626220.0,Royce O'Neale,78,2025-10-22 22:00:00,2026-04-10 22:30:00,1,2197.06,765.0,208.0,59.0,313.0,372.0,625.0,263.0,520.0,212.0,38.0,27.0,84.0,32.0,103.0,177.0,-113.0,0.4208,0.4076923076923077,0.7105263157894737,Phoenix,Suns,Phoenix Suns,2026-04-10 22:30:00,2025-26,28.167435897435897,9.807692307692308,4.769230769230769,2.6666666666666665,1.0769230769230769,0.41025641025641024,1.3205128205128205,2.269230769230769,13.83070147169406,0.5960543539238297,641.7000000000002,10.514596779332383,78,2197.060000000001,4449.252175768372,641.7,765.0,208.0,372.0,625.0,38.0,84.0,32.0,103.0,-113.0,18621.57,3353.0,3431.0,7544.523442890321,6680.0,2729.0,both,3724.314,57.04169456113297,17.193900677654597,4.674942929349224,-2.5397526491176072,9.295258520005031,1.88734739473439,3951.0,1.3729266046644324
79,1627734.0,Domantas Sabonis,19,2025-10-24 22:00:00,2026-02-04 22:00:00,1,559.35,301.0,78.0,64.0,152.0,216.0,221.0,120.0,27.0,5.0,77.0,56.0,18.0,4.0,51.0,66.0,-177.0,0.5429864253393665,0.18518518518518517,0.7272727272727273,Sacramento,Kings,Sacramento Kings,2026-02-04 22:00:00,2025-26,29.439473684210526,15.842105263157896,11.368421052631579,4.105263157894737,0.9473684210526315,0.21052631578947367,2.6842105263157894,3.473684210526316,16.673205178501373,0.590473948524796,274.3,17.654062751407885,19,559.35,1173.9465183611171,274.3,301.0,78.0,216.0,221.0,77.0,18.0,4.0,51.0,-177.0,4517.19,775.0,824.0,1896.7338701961482,1667.0,679.0,both,903.4379999999999,61.78665886111143,25.640009599433007,6.644254979255066,-15.077347837540339,21.81825426893417,1.5327835006367159,988.0,0.6539096674168867
80,1627739.0,Kris Dunn,82,2025-10-22 21:00:00,2026-04-12 20:30:00,1,2213.22,596.0,295.0,58.0,213.0,271.0,477.0,227.0,214.0,80.0,81.0,62.0,131.0,14.0,111.0,189.0,15.0,0.4758909853249476,0.37383177570093457,0.7654320987654321,LA,Clippers,LA Clippers,2026-04-12 20:30:00,2025-26,26.990487804878047,7.2682926829268295,3.3048780487804876,3.597560975609756,1.5975609756097562,0.17073170731707318,1.353658536585366,2.3048780487804876,17.798730036559554,0.5813046192259675,610.4999999999999,9.93032775774663,82,2213.22,4448.042933002939,610.5,596.0,295.0,271.0,477.0,81.0,131.0,14.0,111.0,15.0,19599.26,3329.0,3475.0,7888.579414939909,7177.0,2988.0,both,3919.852,54.24442601223097,13.399151244199697,6.632130229931057,0.3372269608439521,7.054237376989849,2.9411527303585463,4189.0,0.591919652139847
81,1627741.0,Buddy Hield,51,2025-10-21 22:00:00,2026-04-12 18:00:00,2,808.79,390.0,71.0,27.0,89.0,116.0,327.0,143.0,212.0,74.0,37.0,30.0,39.0,9.0,48.0,57.0,-86.0,0.43730886850152906,0.3490566037735849,0.8108108108108109,Atlanta,Hawks,Atlanta Hawks,2026-04-12 18:00:00,2025-26,15.858627450980391,7.647058823529412,2.2745098039215685,1.392156862745098,0.7647058823529411,0.17647058823529413,0.9411764705882353,1.1176470588235294,12.267429973420569,0.5680494057329294,285.3,12.698970066395482,51,808.79,1698.8420800651213,285.3,390.0,71.0,116.0,327.0,37.0,39.0,9.0,48.0,-86.0,12172.160000000002,2177.0,2302.0,5123.640196174224,4537.0,1845.0,both,2434.4320000000002,33.31062902088473,22.956813030264133,4.1793172439711626,-5.062271591289013,7.795407129160535,2.2911201138786317,2692.0,1.0063043013257364
82,1627742.0,Brandon Ingram,77,2025-10-22 19:30:00,2026-04-12 18:00:00,1,2589.5099999999998,1655.0,284.0,63.0,367.0,430.0,1288.0,614.0,353.0,135.0,356.0,292.0,58.0,55.0,187.0,148.0,43.0,0.4767080745341615,0.38243626062322944,0.8202247191011236,Toronto,Raptors,Toronto Raptors,2026-04-12 18:00:00,2025-26,33.629999999999995,21.493506493506494,5.584415584415584,3.688311688311688,0.7532467532467533,0.7142857142857143,2.4285714285714284,1.922077922077922,11.460861464538745,0.5728070661202791,1176.6999999999998,16.358770578217502,77,2589.51,5301.247931706158,1176.6999999999998,1655.0,284.0,430.0,1288.0,356.0,58.0,55.0,187.0,43.0,18379.51,3262.0,3310.0,7528.8801360593025,6613.0,2779.0,both,3675.9019999999996,68.84737573644361,31.219064290534952,5.357229159221708,0.8111297670652585,9.287893627233935,1.0935633396273563,3834.0,2.0363710439640292
83,1627746.0,Skal Labissiere,3,2026-01-27 19:00:00,2026-02-03 19:00:00,1,36.93,13.0,3.0,3.0,6.0,9.0,10.0,6.0,5.0,1.0,0.0,0.0,2.0,1.0,1.0,3.0,2.0,0.6,0.2,,Washington,Wizards,Washington Wizards,2026-02-03 19:00:00,2025-26,12.31,4.333333333333333,3.0,1.0,0.6666666666666666,0.3333333333333333,0.3333333333333333,1.0,9.090909090909092,0.65,14.899999999999999,14.524776604386677,3,36.93000000000001,75.21367644282708,14.899999999999999,13.0,3.0,9.0,10.0,0.0,2.0,1.0,1.0,2.0,713.2,130.0,156.0,299.0675909834837,283.0,96.0,both,142.64000000000001,25.07122548094236,17.284090626632008,3.9886362984535397,2.659090865635693,12.15453920571711,2.5829896485968393,187.0,2.0654772506447374
84,1627747.0,Caris LeVert,60,2025-10-22 20:00:00,2026-04-12 18:00:00,1,1145.07,443.0,159.0,23.0,94.0,117.0,391.0,163.0,180.0,60.0,84.0,57.0,51.0,41.0,82.0,91.0,-7.0,0.41687979539641945,0.3333333333333333,0.6785714285714286,Detroit,Pistons,Detroit Pistons,2026-04-12 18:00:00,2025-26,19.0845,7.383333333333334,1.95,2.65,0.85,0.6833333333333333,1.3666666666666667,1.5166666666666666,16.079692524903916,0.5175717356762315,340.6,10.7081663129765,60,1145.07,2356.7513543224936,340.59999999999997,443.0,159.0,117.0,391.0,84.0,51.0,41.0,82.0,-7.0,14369.380000000001,2776.0,2423.0,5908.517273710666,5116.0,2258.0,both,2873.876,39.27918923870823,18.797061437452797,6.7465750983182735,-0.29701902948571013,5.648095525356398,2.1663451715829054,2858.0,3.6004569392541694
85,1627749.0,Dejounte Murray,14,2026-02-24 20:00:00,2026-04-02 22:00:00,1,386.05,234.0,89.0,4.0,71.0,75.0,182.0,88.0,62.0,19.0,45.0,39.0,23.0,3.0,47.0,33.0,20.0,0.4835164835164835,0.3064516129032258,0.8666666666666667,New Orleans,Pelicans,New Orleans Pelicans,2026-04-02 22:00:00,2025-26,27.575,16.714285714285715,5.357142857142857,6.357142857142857,1.6428571428571428,0.21428571428571427,3.357142857142857,2.357142857142857,18.890675241157556,0.5797819623389494,190.70000000000002,17.78318870612615,14,386.05000000000007,791.8499375780409,190.7,234.0,89.0,75.0,182.0,45.0,23.0,3.0,47.0,20.0,3332.81,594.0,640.0,1369.8810354433515,1271.0,566.0,both,666.562,56.560709827002924,29.551053665005572,11.239503317032035,2.525731082479109,10.494049254627079,2.898958359533086,705.0,0.7347322995863725
86,1627750.0,Jamal Murray,75,2025-10-23 22:00:00,2026-04-08 21:00:00,1,2636.74,1905.0,535.0,32.0,298.0,330.0,1360.0,657.0,563.0,245.0,390.0,346.0,66.0,29.0,171.0,131.0,431.0,0.48308823529411765,0.4351687388987567,0.8871794871794871,Denver,Nuggets,Denver Nuggets,2026-04-08 21:00:00,2025-26,35.15653333333333,25.4,4.4,7.133333333333334,0.88,0.38666666666666666,2.28,1.7466666666666666,10.043462939034418,0.6218986680595456,1547.4000000000003,21.12699773204791,75,2636.7400000000002,5419.232688445019,1547.4,1905.0,535.0,330.0,1360.0,390.0,66.0,29.0,171.0,431.0,18068.69,3270.0,3201.0,7426.911816665149,6828.0,2920.0,both,3613.738,72.2564358459336,35.15257804046454,9.872246326324687,7.953155451674654,6.989271241149137,1.2179375578417533,3908.0,1.0170277378514978
87,1627751.0,Jakob Poeltl,46,2025-10-22 19:30:00,2026-04-12 18:00:00,1,1139.83,493.0,93.0,114.0,209.0,323.0,310.0,217.0,0.0,0.0,98.0,59.0,40.0,32.0,57.0,145.0,48.0,0.7,,0.6020408163265306,Toronto,Raptors,Toronto Raptors,2026-04-12 18:00:00,2025-26,24.77891304347826,10.717391304347826,7.021739130434782,2.0217391304347827,0.8695652173913043,0.6956521739130435,1.2391304347826086,3.152173913043478,13.898371208426802,0.6980629814227458,502.19999999999993,15.861312651886683,46,1139.8299999999997,2345.418199853215,502.20000000000005,493.0,93.0,323.0,310.0,98.0,40.0,32.0,57.0,48.0,10957.050000000001,1940.0,1920.0,4514.678908736403,3899.0,1627.0,both,2191.4100000000003,50.98735217072206,21.019705570241324,3.965177724203739,2.0465433415245102,16.087878344189047,1.7034001420739198,2272.0,2.7078537656900417
88,1627752.0,Taurean Prince,26,2025-10-22 20:00:00,2026-04-12 18:00:00,1,605.59,239.0,46.0,4.0,77.0,81.0,191.0,86.0,140.0,61.0,6.0,6.0,16.0,6.0,31.0,48.0,-51.0,0.450261780104712,0.4357142857142857,1.0,Milwaukee,Bucks,Milwaukee Bucks,2026-04-12 18:00:00,2025-26,23.291923076923077,9.192307692307692,3.1153846153846154,1.7692307692307692,0.6153846153846154,0.23076923076923078,1.1923076923076923,1.8461538461538463,13.79985754985755,0.6171245610411072,167.79999999999995,9.975065638468267,26,605.5900000000001,1240.7474738920037,167.8,239.0,46.0,81.0,191.0,6.0,16.0,6.0,31.0,-51.0,6182.820000000001,1029.0,1137.0,2542.0251317940906,2274.0,986.0,both,1236.564,47.721056688153986,19.262582034545645,3.7074425673184086,-4.110425455070409,7.635974514265727,1.2852216902813751,1288.0,0.9512031744823768
89,1627759.0,Jaylen Brown,71,2025-10-22 19:30:00,2026-04-10 19:30:00,1,2428.91,2038.0,364.0,81.0,411.0,492.0,1543.0,736.0,404.0,140.0,536.0,426.0,72.0,27.0,259.0,191.0,321.0,0.4769928710304601,0.3465346534653465,0.7947761194029851,Boston,Celtics,Boston Celtics,2026-04-10 19:30:00,2025-26,34.21,28.704225352112676,6.929577464788732,5.126760563380282,1.0140845070422535,0.38028169014084506,3.647887323943662,2.6901408450704225,12.709535586699642,0.5728452249780757,1398.6000000000001,20.729298327233206,71,2428.9100000000003,4833.102466524589,1398.6,2038.0,364.0,492.0,1543.0,536.0,72.0,27.0,259.0,321.0,16939.35,3260.0,2953.0,6747.414655492324,6201.0,2797.0,both,3387.87,68.07186572569843,42.167531396566794,7.531394223920664,6.6416965546113556,11.045339349908511,1.488368296378347,3404.0,1.106342324003386
90,1627780.0,Gary Payton II,73,2025-10-21 22:00:00,2026-04-12 20:30:00,1,1126.97,547.0,123.0,101.0,164.0,265.0,415.0,242.0,127.0,37.0,40.0,26.0,67.0,21.0,62.0,132.0,-109.0,0.5831325301204819,0.29133858267716534,0.65,Golden State,Warriors,Golden State Warriors,2026-04-12 20:30:00,2025-26,15.437945205479453,7.493150684931507,3.6301369863013697,1.6849315068493151,0.9178082191780822,0.2876712328767123,0.8493150684931506,1.8082191780821917,12.535382126971289,0.6322237632917245,520.6,16.63007888408742,73,1126.9699999999998,2323.2456789101534,520.6,547.0,123.0,265.0,415.0,40.0,67.0,21.0,62.0,-109.0,17453.8,3117.0,3223.0,7211.465771855158,6427.0,2622.0,both,3490.7599999999998,31.825283272741828,23.544647256445153,5.294317390388946,-4.691712158962562,12.946854031897988,2.8777886256263083,3805.0,1.7095124546221685
91,1627783.0,Pascal Siakam,62,2025-10-23 19:30:00,2026-04-03 19:00:00,1,2043.59,1485.0,236.0,89.0,322.0,411.0,1155.0,559.0,293.0,105.0,378.0,262.0,69.0,25.0,138.0,147.0,-230.0,0.48398268398268396,0.3583617747440273,0.6931216931216931,Indiana,Pacers,Indiana Pacers,2026-04-03 19:00:00,2025-26,32.961129032258064,23.951612903225808,6.629032258064516,3.806451612903226,1.1129032258064515,0.4032258064516129,2.225806451612903,2.370967741935484,9.456459172765397,0.561938061938062,1067.5,18.80514193160076,62,2043.5900000000001,4301.857700180615,1067.4999999999998,1485.0,236.0,411.0,1155.0,378.0,69.0,25.0,138.0,-230.0,14811.86,2594.0,2896.0,6240.938393939449,5578.0,2079.0,both,2962.3720000000003,69.38480161581637,34.51997028952519,5.48600201234205,-5.346527384909625,10.852137873623608,1.6026733689672148,3499.0,1.0357188763385579
92,1627824.0,Guerschon Yabusele,67,2025-10-22 19:00:00,2026-04-09 19:00:00,2,993.4399999999999,373.0,63.0,56.0,178.0,234.0,312.0,125.0,196.0,69.0,72.0,54.0,26.0,16.0,41.0,81.0,-166.0,0.40064102564102566,0.3520408163265306,0.75,Chicago,Bulls,Chicago Bulls,2026-04-09 19:00:00,2025-26,14.827462686567163,5.567164179104478,3.4925373134328357,0.9402985074626866,0.3880597014925373,0.23880597014925373,0.6119402985074627,1.208955223880597,10.658209420817302,0.5426559590316573,297.90000000000003,10.795216621033985,67,993.4399999999999,2097.905199928924,297.8999999999999,373.0,63.0,234.0,312.0,72.0,26.0,16.0,41.0,-166.0,15955.97,3063.0,2937.0,6662.9858185807,5979.0,2591.0,both,3191.194,31.312017909386928,17.779640377107462,3.0029955596723057,-7.9126549667556,12.527839225318086,1.2534760007425296,3388.0,1.5170089577474752
93,1627826.0,Ivica Zubac,49,2025-10-22 21:00:00,2026-03-18 19:30:00,2,1437.6399999999999,677.0,105.0,162.0,347.0,509.0,482.0,288.0,0.0,0.0,142.0,101.0,18.0,40.0,86.0,112.0,-46.0,0.5975103734439834,,0.7112676056338029,Indiana,Pacers,Indiana Pacers,2026-03-18 19:30:00,2025-26,29.33959183673469,13.816326530612244,10.387755102040817,2.142857142857143,0.3673469387755102,0.8163265306122449,1.7551020408163265,2.2857142857142856,13.640400964344625,0.6216940934469586,644.6000000000001,16.14145404969256,49,1437.6399999999999,2895.07473867706,644.6,677.0,105.0,509.0,482.0,142.0,18.0,40.0,86.0,-46.0,11485.869999999999,1971.0,2043.0,4617.518667672063,4266.0,1816.0,both,2297.174,59.083157932184896,23.384543098509557,3.6268493727378193,-1.5889054394851398,20.262086197099833,0.6228845941903093,2450.0,2.608781171409606
94,1627827.0,Dorian Finney-Smith,37,2025-12-25 20:00:00,2026-04-12 20:30:00,1,613.79,123.0,36.0,35.0,58.0,93.0,132.0,44.0,100.0,27.0,9.0,8.0,16.0,6.0,22.0,61.0,15.0,0.3333333333333333,0.27,0.8888888888888888,Houston,Rockets,Houston Rockets,2026-04-12 20:30:00,2025-26,16.588918918918917,3.324324324324324,2.5135135135135136,0.972972972972973,0.43243243243243246,0.16216216216216217,0.5945945945945946,1.6486486486486487,13.927576601671309,0.4523389232127096,88.69999999999999,5.20243079880741,37,613.7899999999997,1232.0967076831173,88.69999999999999,123.0,36.0,93.0,132.0,9.0,16.0,6.0,22.0,15.0,8857.27,1767.0,1484.0,3563.0080987375104,3263.0,1278.0,both,1771.4540000000002,33.29991101846263,9.982982604611776,2.9218485672034467,1.217436903001436,8.256121011312802,1.2960245968308877,1985.0,0.8723701765752148
95,1627884.0,Derrick Jones Jr.,50,2025-10-22 21:00:00,2026-04-12 20:30:00,1,1340.11,504.0,69.0,61.0,112.0,173.0,379.0,189.0,153.0,55.0,93.0,71.0,45.0,50.0,40.0,104.0,130.0,0.49868073878627966,0.35947712418300654,0.7634408602150538,LA,Clippers,LA Clippers,2026-04-12 20:30:00,2025-26,26.8022,10.08,3.46,1.38,0.9,1.0,0.8,2.08,8.697164724299878,0.6001143074871403,428.5,11.510995366052041,50,1340.1100000000004,2709.0217717093287,428.49999999999994,504.0,69.0,173.0,379.0,93.0,45.0,50.0,40.0,130.0,11965.41,2013.0,2141.0,4825.862085490887,4370.0,1814.0,both,2393.082,54.18043543418658,18.6045016420074,2.547044867655775,4.7987801854384164,7.436982219142271,1.6651552830572993,2556.0,3.493222807755637
96,1627936.0,Alex Caruso,56,2025-10-21 19:30:00,2026-04-08 22:00:00,1,1008.61,348.0,110.0,28.0,127.0,155.0,300.0,127.0,181.0,53.0,51.0,41.0,72.0,17.0,48.0,68.0,382.0,0.42333333333333334,0.292817679558011,0.803921568627451,Oklahoma City,Thunder,Oklahoma City Thunder,2026-04-08 22:00:00,2025-26,18.010892857142856,6.214285714285714,2.767857142857143,1.9642857142857142,1.2857142857142858,0.30357142857142855,0.8571428571428571,1.2142857142857142,12.957563977972141,0.5396352809825083,328.2,11.714339536589959,56,1008.6099999999999,2088.091575893098,328.20000000000005,348.0,110.0,155.0,300.0,51.0,72.0,17.0,48.0,382.0,13412.06,2472.0,2474.0,5558.651234946537,4902.0,2175.0,both,2682.412,37.287349569519606,16.665935728951776,5.267968190185907,18.29421680591833,8.334504774385866,3.4448100850918775,2727.0,1.6579292627841353
97,1628365.0,Markelle Fultz,5,2026-03-23 21:00:00,2026-03-31 20:00:00,1,34.66,4.0,8.0,0.0,1.0,1.0,11.0,2.0,0.0,0.0,0.0,0.0,2.0,0.0,4.0,2.0,-36.0,0.18181818181818182,,,Toronto,Raptors,Toronto Raptors,2026-03-31 20:00:00,2025-26,6.9319999999999995,0.8,0.2,1.6,0.4,0.0,0.8,0.4,26.666666666666668,0.18181818181818182,0.20000000000000018,0.2077322562031162,5,34.66,74.2988679934418,0.19999999999999996,4.0,8.0,1.0,11.0,0.0,2.0,0.0,4.0,-36.0,1187.2,206.0,201.0,498.3632576204236,413.0,160.0,both,237.44,14.85977359868836,5.383662104183164,10.767324208366327,-48.452958937648475,1.6831813715829875,2.749218798774468,253.0,0.0
98,1628366.0,Lonzo Ball,35,2025-10-22 19:00:00,2026-02-01 21:00:00,1,721.4399999999999,160.0,136.0,26.0,114.0,140.0,176.0,53.0,147.0,40.0,21.0,14.0,45.0,9.0,52.0,46.0,32.0,0.30113636363636365,0.272108843537415,0.6666666666666666,Cleveland,Cavaliers,Cleveland Cavaliers,2026-02-01 21:00:00,2025-26,20.612571428571428,4.571428571428571,4.0,3.8857142857142857,1.2857142857142858,0.2571428571428571,1.4857142857142858,1.3142857142857143,21.91873208565166,0.43187216583891164,183.7,9.166666666666668,35,721.4399999999999,1523.8990397511163,183.70000000000002,160.0,136.0,140.0,176.0,21.0,45.0,9.0,52.0,32.0,8377.7,1540.0,1547.0,3535.938240470776,3146.0,1350.0,both,1675.5400000000002,43.53997256431761,10.499383215447871,8.924475733130691,2.0998766430895746,10.53285215912343,2.9557141115391037,1796.0,1.163833246647018
99,1628368.0,De'Aaron Fox,72,2025-11-08 20:00:00,2026-04-12 20:30:00,1,2217.85,1336.0,445.0,42.0,228.0,270.0,1047.0,509.0,395.0,131.0,246.0,187.0,89.0,19.0,164.0,162.0,452.0,0.48615090735434574,0.33164556962025316,0.7601626016260162,San Antonio,Spurs,San Antonio Spurs,2026-04-12 20:30:00,2025-26,30.803472222222222,18.555555555555557,3.75,6.180555555555555,1.2361111111111112,0.2638888888888889,2.2777777777777777,2.25,12.431399896910342,0.5782348256639313,1065.8999999999999,17.30162093919787,72,2217.85,4628.888642321542,1065.9,1336.0,445.0,270.0,1047.0,246.0,89.0,19.0,164.0,452.0,17144.25,3387.0,3126.0,7161.18972724898,6617.0,2677.0,both,3428.85,64.29012003224364,28.86221949227864,9.613538678191611,9.764762882118221,6.409128846311429,1.9214148513205755,3940.0,0.7455447145558378
100,1628369.0,Jayson Tatum,16,2026-03-06 19:00:00,2026-04-09 19:30:00,1,518.7,348.0,85.0,8.0,152.0,160.0,287.0,118.0,143.0,47.0,79.0,65.0,22.0,3.0,39.0,26.0,118.0,0.41114982578397213,0.32867132867132864,0.8227848101265823,Boston,Celtics,Boston Celtics,2026-04-09 19:30:00,2025-26,32.41875,21.75,10.0,5.3125,1.375,0.1875,2.4375,1.625,10.810511143142255,0.5407757334659373,274.1,19.023713128976286,16,518.6999999999999,1017.4234959118224,274.09999999999997,348.0,85.0,160.0,287.0,79.0,22.0,3.0,39.0,118.0,3807.22,757.0,609.0,1496.9876026358463,1382.0,645.0,both,761.444,63.5889684944889,34.20404594530421,8.3544365096289,11.597923625131886,17.194557516665864,2.1573777631032147,737.0,0.597551702029314
101,1628370.0,Malik Monk,62,2025-10-22 22:00:00,2026-04-10 22:00:00,1,1350.99,772.0,185.0,15.0,102.0,117.0,632.0,277.0,314.0,124.0,107.0,94.0,37.0,24.0,91.0,99.0,-255.0,0.43829113924050633,0.39490445859872614,0.8785046728971962,Sacramento,Kings,Sacramento Kings,2026-04-10 22:00:00,2025-26,21.79016129032258,12.451612903225806,1.8870967741935485,2.9838709677419355,0.5967741935483871,0.3870967741935484,1.467741935483871,1.596774193548387,11.816954082692707,0.568416092360252,528.9999999999999,14.096329358470452,62,1350.9900000000002,2799.7599692346257,529.0000000000001,772.0,185.0,117.0,632.0,107.0,37.0,24.0,91.0,-255.0,14798.41,2597.0,2761.0,6134.016277734092,5542.0,2268.0,both,2959.682,45.157418858623,27.573792342314356,6.607709304829218,-9.107923636386218,4.783833649525497,1.3214469009708574,3274.0,1.6059258301870283
102,1628371.0,Jonathan Isaac,52,2025-10-22 19:00:00,2026-03-12 19:00:00,1,510.14,134.0,22.0,43.0,89.0,132.0,109.0,46.0,38.0,7.0,58.0,35.0,20.0,31.0,18.0,41.0,-35.0,0.42201834862385323,0.18421052631578946,0.603448275862069,Orlando,Magic,Orlando Magic,2026-03-12 19:00:00,2025-26,9.810384615384615,2.576923076923077,2.5384615384615383,0.4230769230769231,0.38461538461538464,0.5961538461538461,0.34615384615384615,0.7884615384615384,11.801730920535011,0.4980672019030627,146.39999999999998,10.331281608970086,52,510.14,1057.7757628323004,146.4,134.0,22.0,132.0,109.0,58.0,20.0,31.0,18.0,-35.0,12513.26,2266.0,2318.0,5194.319358506041,4592.0,1727.0,both,2502.652,20.341841592928855,12.668091358153413,2.079835894622202,-3.3088298323535033,14.126689788677249,1.8889150826724357,2865.0,5.3082107084726635
103,1628374.0,Lauri Markkanen,43,2025-10-22 21:00:00,2026-03-21 21:30:00,1,1433.57,1123.0,89.0,84.0,205.0,289.0,805.0,384.0,324.0,115.0,268.0,240.0,42.0,21.0,63.0,77.0,-55.0,0.47701863354037266,0.3549382716049383,0.8955223880597015,Utah,Jazz,Utah Jazz,2026-03-21 21:30:00,2025-26,33.338837209302326,26.11627906976744,6.72093023255814,2.0697674418604652,0.9767441860465116,0.4883720930232558,1.4651162790697674,1.7906976744186047,6.389970788704966,0.6083950938326183,847.3999999999999,21.2800212058009,43,1433.57,3052.382471759052,847.4000000000001,1123.0,89.0,289.0,805.0,268.0,42.0,21.0,63.0,-55.0,10121.0,1929.0,1850.0,4308.629894404324,3823.0,1715.0,both,2024.2,70.98563887811748,36.79093332470975,2.9157551788950733,-1.8018711779688654,10.79830194920664,1.3763998496860659,2108.0,1.4066407824978655
104,1628378.0,Donovan Mitchell,70,2025-10-22 19:00:00,2026-04-08 19:00:00,1,2327.64,1952.0,398.0,50.0,266.0,316.0,1403.0,678.0,616.0,224.0,430.0,372.0,104.0,20.0,198.0,163.0,370.0,0.4832501781895937,0.36363636363636365,0.8651162790697674,Cleveland,Cavaliers,Cleveland Cavaliers,2026-04-08 19:00:00,2025-26,33.251999999999995,27.885714285714286,4.514285714285714,5.685714285714286,1.4857142857142858,0.2857142857142857,2.8285714285714287,2.3285714285714287,11.060216735560273,0.6129883180504961,1466.0999999999997,22.67515595195133,70,2327.6400000000003,4843.738652419757,1466.1000000000001,1952.0,398.0,316.0,1403.0,430.0,104.0,20.0,198.0,370.0,16701.73,3101.0,3045.0,6955.642744522967,6221.0,2662.0,both,3340.346,69.1962664631394,40.299449249287036,8.216793443246026,7.638727572866907,7.378535466061152,2.1457134032291187,3559.0,0.8064503785093211
105,1628379.0,Luke Kennard,78,2025-10-22 19:30:00,2026-04-12 20:30:00,2,1664.33,652.0,174.0,32.0,150.0,182.0,443.0,236.0,245.0,117.0,69.0,63.0,55.0,8.0,60.0,101.0,41.0,0.5327313769751693,0.4775510204081633,0.9130434782608695,Los Angeles,Lakers,Los Angeles Lakers,2026-04-12 20:30:00,2025-26,21.3375641025641,8.35897435897436,2.3333333333333335,2.230769230769231,0.7051282051282052,0.10256410256410256,0.7692307692307693,1.294871794871795,11.249437528123593,0.6886935947270576,583.3,12.616968990524716,78,1664.3300000000002,3486.2412080576764,583.3,652.0,174.0,182.0,443.0,69.0,55.0,8.0,60.0,41.0,18629.969999999994,3256.0,3473.0,7807.884451829944,6981.0,2846.0,both,3725.993999999999,44.69540010330354,18.70209090791096,4.991048800577466,1.1760517288717016,6.055131362828732,1.5770011918556648,4135.0,0.4331289202649537
106,1628380.0,Zach Collins,10,2025-12-05 20:00:00,2025-12-27 20:00:00,1,181.04,97.0,15.0,16.0,40.0,56.0,64.0,37.0,21.0,9.0,20.0,14.0,2.0,4.0,10.0,18.0,18.0,0.578125,0.42857142857142855,0.7,Chicago,Bulls,Chicago Bulls,2025-12-27 20:00:00,2025-26,18.104,9.7,5.6,1.5,0.2,0.4,1.0,1.8,12.077294685990339,0.6662087912087913,85.89999999999999,17.081307998232433,10,181.04,380.8977780823136,85.9,97.0,15.0,56.0,64.0,20.0,2.0,4.0,10.0,18.0,2377.63,454.0,423.0,1004.7046135208182,922.0,398.0,both,475.526,38.08977780823136,25.46615012782718,3.9380644527567807,4.725677343308137,16.77212769398751,0.5228671118739951,524.0,2.0050648838095753
107,1628381.0,John Collins,69,2025-10-22 21:00:00,2026-04-12 20:30:00,1,1857.67,935.0,70.0,110.0,257.0,367.0,659.0,364.0,219.0,89.0,154.0,118.0,60.0,51.0,95.0,187.0,-38.0,0.5523520485584219,0.4063926940639269,0.7662337662337663,LA,Clippers,LA Clippers,2026-04-12 20:30:00,2025-26,26.922753623188406,13.55072463768116,5.318840579710145,1.0144927536231885,0.8695652173913043,0.7391304347826086,1.3768115942028984,2.710144927536232,11.560552959501559,0.6432660025317849,733.9000000000001,14.222332276453837,69,1857.6699999999998,3737.06492151002,733.9,935.0,70.0,367.0,659.0,154.0,60.0,51.0,95.0,-38.0,16481.07,2806.0,2940.0,6632.76070434193,6047.0,2524.0,both,3296.214,54.160361181304644,25.019634917720364,1.873127747850722,-1.0168407774046777,11.333062259063393,1.6051061295262194,3523.0,2.5686466457243533
108,1628384.0,OG Anunoby,67,2025-10-22 19:00:00,2026-04-10 19:30:00,1,2210.3,1118.0,145.0,85.0,266.0,351.0,804.0,389.0,407.0,157.0,221.0,183.0,104.0,48.0,123.0,164.0,407.0,0.48383084577114427,0.3857493857493858,0.8280542986425339,New York,Knicks,New York Knicks,2026-04-10 19:30:00,2025-26,32.98955223880597,16.686567164179106,5.2388059701492535,2.1641791044776117,1.5522388059701493,0.7164179104477612,1.835820895522388,2.4477611940298507,12.008904163086777,0.6202565354400603,885.3999999999997,14.420847848708314,67,2210.3000000000006,4461.389698743144,885.4000000000001,1118.0,145.0,351.0,804.0,221.0,104.0,48.0,123.0,407.0,15978.13,3069.0,2704.0,6454.508531906776,5697.0,2526.0,both,3195.6259999999997,66.58790595139021,25.059456256756974,3.2501083696151714,9.122717975402583,8.790433265844891,2.3295652663095865,3171.0,2.1885159576492113
109,1628386.0,Jarrett Allen,56,2025-10-22 19:00:00,2026-04-08 19:00:00,1,1507.91,860.0,100.0,144.0,332.0,476.0,528.0,337.0,10.0,1.0,261.0,185.0,55.0,47.0,75.0,95.0,213.0,0.6382575757575758,0.1,0.7088122605363985,Cleveland,Cavaliers,Cleveland Cavaliers,2026-04-08 19:00:00,2025-26,26.926964285714288,15.357142857142858,8.5,1.7857142857142858,0.9821428571428571,0.8392857142857143,1.3392857142857142,1.6964285714285714,10.448010698762955,0.6689067264015929,840.1,20.056634679788583,56,1507.9099999999999,3160.2955199602375,840.0999999999999,860.0,100.0,476.0,528.0,261.0,55.0,47.0,75.0,213.0,13393.130000000001,2465.0,2416.0,5617.041398301504,5053.0,2164.0,both,2678.626,56.433848570718524,27.212644974759208,3.1642610435766523,6.73987602281827,17.32346662580749,1.7393689915428956,2889.0,2.8899276800633373
110,1628389.0,Bam Adebayo,73,2025-10-22 19:00:00,2026-04-12 18:00:00,1,2351.63,1468.0,232.0,149.0,583.0,732.0,1145.0,506.0,400.0,127.0,423.0,329.0,86.0,49.0,120.0,122.0,331.0,0.44192139737991265,0.3175,0.7777777777777778,Miami,Heat,Miami Heat,2026-04-12 18:00:00,2025-26,32.2141095890411,20.10958904109589,10.027397260273972,3.1780821917808217,1.178082191780822,0.6712328767123288,1.643835616438356,1.6712328767123288,8.269474612712939,0.551415349480137,1224.4,18.743764963025647,73,2351.63,5052.232241176927,1224.4,1468.0,232.0,732.0,1145.0,423.0,86.0,49.0,120.0,331.0,17361.72,3381.0,3347.0,7473.211628001755,6727.0,2790.0,both,3472.344,69.2086608380401,29.056463161678142,4.592029600483195,6.551559473103179,16.064930458359992,1.6992016535371746,3937.0,1.83774147539195
111,1628392.0,Isaiah Hartenstein,47,2025-10-21 19:30:00,2026-04-08 22:00:00,1,1127.68,432.0,166.0,149.0,294.0,443.0,296.0,184.0,7.0,0.0,105.0,64.0,48.0,36.0,82.0,118.0,365.0,0.6216216216216216,0.0,0.6095238095238096,Oklahoma City,Thunder,Oklahoma City Thunder,2026-04-08 22:00:00,2025-26,23.993191489361703,9.191489361702128,9.425531914893616,3.5319148936170213,1.0212765957446808,0.7659574468085106,1.7446808510638299,2.5106382978723403,19.330504479019332,0.6312098188194039,534.7,17.069736095346197,47,1127.68,2325.6235333338373,534.6999999999999,432.0,166.0,443.0,296.0,105.0,48.0,36.0,82.0,365.0,11300.27,2129.0,2016.0,4659.832006715422,4075.0,1805.0,both,2260.054,49.48135177306037,18.575663421358556,7.1378706665405565,15.694715622212668,21.419638119926223,2.0644478432581295,2270.0,3.1784075339897093
112,1628396.0,Tony Bradley,41,2025-10-23 19:30:00,2026-04-12 18:00:00,2,442.40999999999997,162.0,22.0,60.0,56.0,116.0,117.0,64.0,4.0,2.0,43.0,32.0,6.0,7.0,18.0,62.0,-140.0,0.5470085470085471,0.5,0.7441860465116279,Atlanta,Hawks,Atlanta Hawks,2026-04-12 18:00:00,2025-26,10.790487804878047,3.951219512195122,2.8292682926829267,0.5365853658536586,0.14634146341463414,0.17073170731707318,0.43902439024390244,1.5121951219512195,11.694386694386694,0.5959387875220717,143.60000000000002,11.685088492574762,41,442.41,932.3748229907803,143.60000000000002,162.0,22.0,116.0,117.0,43.0,6.0,7.0,18.0,-140.0,9793.24,1799.0,1904.0,4111.529165229399,3629.0,1378.0,both,1958.648,22.740849341238544,17.37498654032209,2.359566073377074,-15.015420466945017,13.868699418523207,0.6460696404943094,2251.0,1.376746570978186
113,1628398.0,Kyle Kuzma,69,2025-10-22 20:00:00,2026-04-10 20:00:00,1,1791.47,896.0,184.0,57.0,256.0,313.0,689.0,339.0,239.0,83.0,186.0,135.0,46.0,28.0,119.0,134.0,-283.0,0.49201741654571846,0.3472803347280335,0.7258064516129032,Milwaukee,Bucks,Milwaukee Bucks,2026-04-10 20:00:00,2025-26,25.963333333333335,12.985507246376812,4.536231884057971,2.6666666666666665,0.6666666666666666,0.4057971014492754,1.7246376811594204,1.9420289855072463,13.373190685966016,0.5811841627315656,667.3999999999999,13.411555873109789,69,1791.47,3656.2330739477916,667.4000000000001,896.0,184.0,313.0,689.0,186.0,46.0,28.0,119.0,-283.0,16478.65,2839.0,3084.0,6731.751186188766,6109.0,2757.0,both,3295.7300000000005,52.98888512967814,24.50609635322155,5.032501929679426,-7.7402067722786825,9.721755406940776,1.257105890926568,3352.0,1.5367248237747397
114,1628401.0,Derrick White,77,2025-10-22 19:30:00,2026-04-10 19:30:00,1,2610.98,1267.0,414.0,86.0,253.0,339.0,1108.0,437.0,640.0,209.0,204.0,184.0,88.0,98.0,134.0,119.0,598.0,0.3944043321299639,0.3265625,0.9019607843137255,Boston,Celtics,Boston Celtics,2026-04-10 19:30:00,2025-26,33.90883116883117,16.454545454545453,4.402597402597403,5.376623376623376,1.1428571428571428,1.2727272727272727,1.7402597402597402,1.5454545454545454,10.061873010151979,0.5289039540475554,1059.1,14.602792821086334,77,2610.9799999999996,5162.053672672396,1059.1,1267.0,414.0,339.0,1108.0,204.0,88.0,98.0,134.0,598.0,18316.52,3586.0,3152.0,7252.989582586282,6668.0,2982.0,both,3663.304,67.0396580866545,24.54449489177965,8.020063839934313,11.584536657682897,7.058917506449084,1.7022958229092782,3686.0,3.730269074828687
115,1628404.0,Josh Hart,66,2025-10-24 19:30:00,2026-04-10 19:30:00,1,1979.76,792.0,317.0,93.0,393.0,486.0,592.0,301.0,242.0,100.0,125.0,90.0,75.0,17.0,128.0,165.0,210.0,0.5084459459459459,0.4132231404958678,0.72,New York,Knicks,New York Knicks,2026-04-10 19:30:00,2025-26,29.996363636363636,12.0,7.363636363636363,4.803030303030303,1.1363636363636365,0.25757575757575757,1.9393939393939394,2.5,16.516129032258064,0.6120556414219475,781.8,14.216268638622862,66,1979.76,3997.7566864416567,781.8,792.0,317.0,486.0,592.0,125.0,75.0,17.0,128.0,210.0,15715.93,3004.0,2629.0,6354.422821885769,5586.0,2505.0,both,3143.186,60.57207100669177,19.811110633272364,7.929447059024419,5.25294600124646,13.697901979823495,1.8738839446012918,3081.0,0.8760214880596178
116,1628415.0,Dillon Brooks,56,2025-10-22 22:00:00,2026-04-10 22:30:00,1,1689.78,1131.0,99.0,43.0,160.0,203.0,959.0,417.0,369.0,127.0,202.0,170.0,57.0,9.0,98.0,183.0,-49.0,0.4348279457768509,0.34417344173441733,0.8415841584158416,Phoenix,Suns,Phoenix Suns,2026-04-10 22:30:00,2025-26,30.174642857142857,20.196428571428573,3.625,1.7678571428571428,1.0178571428571428,0.16071428571428573,1.75,3.267857142857143,8.552378957656996,0.5396610298889185,653.1999999999999,13.916131093988565,56,1689.78,3444.2852594284777,653.2,1131.0,99.0,203.0,959.0,202.0,57.0,9.0,98.0,-49.0,13363.71,2412.0,2460.0,5443.2637812759785,4785.0,1955.0,both,2672.7419999999997,61.505093918365674,32.83700143314119,2.8743263853943217,-1.422646392770927,6.590458521227614,1.656312760012148,2830.0,0.50301732882868
117,1628418.0,Thomas Bryant,60,2025-10-27 19:00:00,2026-04-05 18:00:00,1,721.11,370.0,33.0,59.0,146.0,205.0,267.0,135.0,131.0,47.0,66.0,53.0,18.0,27.0,28.0,75.0,39.0,0.5056179775280899,0.35877862595419846,0.803030303030303,Cleveland,Cavaliers,Cleveland Cavaliers,2026-04-05 18:00:00,2025-26,12.0185,6.166666666666667,3.4166666666666665,0.55,0.3,0.45,0.4666666666666667,1.25,8.640908529811133,0.6249155519524389,319.00000000000006,15.925448267254652,60,721.11,1494.4061158875545,319.0,370.0,33.0,205.0,267.0,66.0,18.0,27.0,28.0,39.0,14320.070000000002,2633.0,2617.0,5937.928423138104,5321.0,2258.0,both,2864.014,24.906768598125907,24.75899931527317,2.208235074064904,2.609732360258523,15.508442209794293,1.2039575243396046,3063.0,3.500986094038748
118,1628420.0,Monte Morris,6,2025-11-08 21:00:00,2025-11-17 19:00:00,1,63.57,18.0,9.0,1.0,6.0,7.0,20.0,7.0,8.0,2.0,4.0,2.0,1.0,1.0,2.0,3.0,-29.0,0.35,0.25,0.5,Indiana,Pacers,Indiana Pacers,2025-11-17 19:00:00,2025-26,10.595,3.0,1.1666666666666667,1.5,0.16666666666666666,0.16666666666666666,0.3333333333333333,0.5,8.417508417508417,0.41360294117647056,13.3,7.531854648419066,6,63.56999999999999,133.77740105709927,13.299999999999995,18.0,9.0,7.0,20.0,4.0,1.0,1.0,2.0,-29.0,1427.1999999999998,255.0,282.0,603.4345573206332,533.0,213.0,both,285.43999999999994,22.296233509516544,13.455187391715876,6.727593695857938,-21.677801908875576,5.853105815404885,0.7441019517222212,320.0,1.4031775994966178
119,1628436.0,Luke Kornet,69,2025-10-22 21:30:00,2026-04-10 20:00:00,1,1418.45,444.0,126.0,181.0,233.0,414.0,272.0,175.0,0.0,0.0,114.0,94.0,32.0,65.0,28.0,120.0,118.0,0.6433823529411765,,0.8245614035087719,San Antonio,Spurs,San Antonio Spurs,2026-04-10 20:00:00,2025-26,20.557246376811595,6.434782608695652,6.0,1.826086956521739,0.463768115942029,0.9420289855072463,0.4057971014492754,1.7391304347826086,7.996344528215673,0.6890985845542587,601.9000000000001,15.276111248193452,69,1418.4499999999998,2957.125263934811,601.9,444.0,126.0,414.0,272.0,114.0,32.0,65.0,28.0,118.0,16218.849999999999,3225.0,2938.0,6762.49334429036,6238.0,2548.0,both,3243.7699999999995,42.8568878831132,15.014582081288117,4.260894914960141,3.9903619044864813,15.361873859255667,1.0821292817184205,3690.0,4.0283111809228
120,1628449.0,Chris Boucher,9,2025-10-22 19:30:00,2026-01-30 19:30:00,1,92.49,21.0,3.0,2.0,16.0,18.0,25.0,8.0,15.0,2.0,4.0,3.0,5.0,7.0,1.0,17.0,5.0,0.32,0.13333333333333333,0.75,Boston,Celtics,Boston Celtics,2026-01-30 19:30:00,2025-26,10.276666666666666,2.3333333333333335,2.0,0.3333333333333333,0.5555555555555556,0.7777777777777778,0.1111111111111111,1.8888888888888888,3.6023054755043225,0.39237668161434974,16.7,6.500162179695102,9,92.49000000000001,185.43386176533173,16.7,21.0,3.0,18.0,25.0,4.0,5.0,7.0,1.0,5.0,2139.59,382.0,423.0,852.7275759191336,787.0,328.0,both,427.918,20.60376241837019,11.324792462433694,1.6178274946333848,2.6963791577223075,10.345283592854422,2.7128480704570332,459.0,7.055879090502865
121,1628467.0,Maxi Kleber,43,2025-11-08 20:00:00,2026-04-12 20:30:00,1,453.0,86.0,27.0,36.0,48.0,84.0,73.0,33.0,26.0,6.0,26.0,14.0,18.0,11.0,17.0,60.0,55.0,0.4520547945205479,0.23076923076923078,0.5384615384615384,Los Angeles,Lakers,Los Angeles Lakers,2026-04-12 20:30:00,2025-26,10.534883720930232,2.0,1.9534883720930232,0.627906976744186,0.4186046511627907,0.2558139534883721,0.3953488372093023,1.3953488372093024,16.758675078864353,0.5092373282804358,86.50000000000001,6.8741721854304645,43,452.99999999999994,933.3322252784817,86.5,86.0,27.0,84.0,73.0,26.0,18.0,11.0,17.0,55.0,10215.630000000001,1718.0,1763.0,4174.731693060048,3759.0,1542.0,both,2043.1260000000002,21.70540058787167,9.214296653513692,2.8928605772659264,5.8928641388750345,10.883590960198317,1.9446474776928548,2217.0,2.237813763005315
122,1628502.0,Nigel Hayes-Davis,27,2025-10-22 22:00:00,2026-01-30 21:00:00,1,190.72,34.0,7.0,12.0,21.0,33.0,46.0,15.0,16.0,2.0,4.0,2.0,8.0,2.0,8.0,16.0,-72.0,0.32608695652173914,0.125,0.5,Phoenix,Suns,Phoenix Suns,2026-01-30 21:00:00,2025-26,7.063703703703704,1.2592592592592593,1.2222222222222223,0.25925925925925924,0.2962962962962963,0.07407407407407407,0.2962962962962963,0.5925925925925926,14.347202295552368,0.3559463986599665,21.6,4.077181208053691,27,190.72,396.0830949315279,21.6,34.0,7.0,33.0,46.0,4.0,8.0,2.0,8.0,-72.0,6441.070000000001,1157.0,1163.0,2661.8028104596406,2336.0,916.0,both,1288.2140000000002,14.669744256723256,8.58405734429986,1.7673059238264412,-18.17800378792911,9.607662343062948,2.030046025021669,1420.0,0.9513348969656868
123,1628960.0,Grayson Allen,51,2025-10-22 22:00:00,2026-04-10 22:30:00,1,1457.18,841.0,195.0,37.0,118.0,155.0,667.0,269.0,455.0,159.0,168.0,144.0,69.0,13.0,83.0,117.0,18.0,0.4032983508245877,0.34945054945054943,0.8571428571428571,Phoenix,Suns,Phoenix Suns,2026-04-10 22:30:00,2025-26,28.5721568627451,16.49019607843137,3.0392156862745097,3.823529411764706,1.3529411764705883,0.2549019607843137,1.6274509803921569,2.2941176470588234,10.073793572191475,0.5675376558872753,618.2,15.272787164248754,51,1457.1799999999998,2947.0146219384196,618.1999999999999,841.0,195.0,155.0,667.0,168.0,69.0,13.0,83.0,18.0,12202.31,2148.0,2291.0,4926.143988232219,4390.0,1799.0,both,2440.462,57.78460043016509,28.537354166462407,6.616865710416373,0.6107876040384345,5.84797356805733,2.3458532303492947,2591.0,0.840300819690702
124,1628963.0,Marvin Bagley III,61,2025-10-22 20:00:00,2026-04-10 20:00:00,2,1188.94,627.0,85.0,150.0,216.0,366.0,411.0,254.0,52.0,24.0,144.0,95.0,28.0,43.0,61.0,123.0,-220.0,0.6180048661800487,0.46153846153846156,0.6597222222222222,Dallas,Mavericks,Dallas Mavericks,2026-04-10 20:00:00,2025-26,19.49081967213115,10.278688524590164,6.0,1.3934426229508197,0.45901639344262296,0.7049180327868853,1.0,2.0163934426229506,11.394202032277345,0.6608904629395396,598.4999999999999,18.122024660622063,61,1188.94,2502.5813373316932,598.5,627.0,85.0,366.0,411.0,144.0,28.0,43.0,61.0,-220.0,14360.49,2623.0,2771.0,6060.694286149132,5580.0,2280.0,both,2872.098,41.02592356281464,25.054130734808446,3.396493002326504,-8.79092306484507,16.391151310728112,1.1160276886790672,3300.0,3.1477036076443947
125,1628964.0,Mo Bamba,4,2025-12-29 19:30:00,2026-03-05 19:00:00,2,43.08,10.0,1.0,10.0,12.0,22.0,11.0,5.0,0.0,0.0,0.0,0.0,0.0,3.0,2.0,6.0,-13.0,0.45454545454545453,,,Utah,Jazz,Utah Jazz,2026-03-05 19:00:00,2025-26,10.77,2.5,5.5,0.25,0.0,0.75,0.5,1.5,15.384615384615385,0.45454545454545453,13.299999999999999,11.114206128133704,4,43.08,85.13097468562184,13.3,10.0,1.0,22.0,11.0,0.0,0.0,3.0,2.0,-13.0,950.0,193.0,174.0,385.2849383215683,347.0,148.0,both,190.0,21.28274367140546,11.746605788232502,1.17466057882325,-15.27058752470225,26.438360669839273,0.0,199.0,6.648843101300374
126,1628969.0,Mikal Bridges,82,2025-10-22 19:00:00,2026-04-12 18:00:00,1,2675.99,1181.0,304.0,79.0,233.0,312.0,963.0,472.0,420.0,156.0,98.0,81.0,107.0,62.0,83.0,160.0,298.0,0.490134994807892,0.37142857142857144,0.826530612244898,New York,Knicks,New York Knicks,2026-04-12 18:00:00,2025-26,32.6340243902439,14.402439024390244,3.8048780487804876,3.707317073170732,1.3048780487804879,0.7560975609756098,1.0121951219512195,1.951219512195122,7.620831496988395,0.5869081222915755,1030.3000000000002,13.86058991251836,82,2675.99,5418.272404202827,1030.2999999999997,1181.0,304.0,312.0,963.0,98.0,107.0,62.0,83.0,298.0,19569.14,3740.0,3323.0,7911.547093357504,7014.0,3145.0,both,3913.828,66.07649273418082,21.79661545041416,5.610644451249707,5.49990804760662,6.460745555770996,1.9780606789394892,3869.0,2.3437441955993514
127,1628970.0,Miles Bridges,77,2025-10-22 19:00:00,2026-04-12 18:00:00,1,2371.55,1314.0,246.0,75.0,375.0,450.0,1042.0,479.0,445.0,148.0,253.0,208.0,46.0,34.0,107.0,131.0,147.0,0.4596928982725528,0.3325842696629214,0.8221343873517787,Charlotte,Hornets,Charlotte Hornets,2026-04-12 18:00:00,2025-26,30.79935064935065,17.064935064935064,5.8441558441558445,3.1948051948051948,0.5974025974025974,0.44155844155844154,1.3896103896103895,1.7012987012987013,8.489907325123779,0.5696597648527729,1005.7999999999997,15.267989289705039,77,2371.55,4803.248181499213,1005.8,1314.0,246.0,450.0,1042.0,253.0,46.0,34.0,107.0,147.0,18387.170000000002,3547.0,3028.0,7435.809887771876,6794.0,2744.0,both,3677.434,62.3798465129768,27.35648774221506,5.121534234843915,3.0604289939920957,10.61278480735634,0.9592728561532345,4050.0,1.3017767043536408
128,1628971.0,Bruce Brown,82,2025-10-23 22:00:00,2026-04-12 20:30:00,1,1982.68,649.0,174.0,85.0,233.0,318.0,522.0,248.0,148.0,57.0,126.0,96.0,85.0,20.0,91.0,195.0,-76.0,0.47509578544061304,0.38513513513513514,0.7619047619047619,Denver,Nuggets,Denver Nuggets,2026-04-12 20:30:00,2025-26,24.179024390243903,7.914634146341464,3.8780487804878048,2.1219512195121952,1.0365853658536586,0.24390243902439024,1.1097560975609757,2.3780487804878048,13.6137873257136,0.5619631476863397,552.0,10.022797425706619,82,1982.68,4067.28435000199,551.9999999999999,649.0,174.0,318.0,522.0,126.0,85.0,20.0,91.0,-76.0,19758.510000000002,3606.0,3512.0,8112.115854371867,7481.0,3208.0,both,3951.702,49.60102865856085,15.956592757024291,4.278038736089717,-1.8685686433495317,8.904318733754971,2.088412780362269,4273.0,0.9328861896752296
129,1628973.0,Jalen Brunson,74,2025-10-22 19:00:00,2026-04-10 19:30:00,1,2573.52,1927.0,503.0,31.0,216.0,247.0,1475.0,689.0,528.0,195.0,421.0,354.0,57.0,8.0,175.0,170.0,353.0,0.46711864406779663,0.3693181818181818,0.8408551068883611,New York,Knicks,New York Knicks,2026-04-10 19:30:00,2025-26,34.777297297297295,26.04054054054054,3.3378378378378377,6.797297297297297,0.7702702702702703,0.10810810810810811,2.364864864864865,2.2972972972972974,9.535537586364725,0.5803377824892787,1401.4999999999998,19.605054555628087,74,2573.52,5197.258075733763,1401.5,1927.0,503.0,247.0,1475.0,421.0,57.0,8.0,175.0,353.0,17666.32,3361.0,3018.0,7141.148908948968,6308.0,2807.0,both,3533.264,70.23321723964544,37.077242883074284,9.678180160968534,6.792042936027618,5.316096941020516,1.095860585949875,3501.0,0.31372304164589065
130,1628975.0,Jevon Carter,53,2025-11-02 19:00:00,2026-04-12 18:00:00,2,858.46,339.0,87.0,14.0,75.0,89.0,307.0,123.0,215.0,78.0,19.0,15.0,40.0,10.0,36.0,57.0,-87.0,0.4006514657980456,0.3627906976744186,0.7894736842105263,Orlando,Magic,Orlando Magic,2026-04-12 18:00:00,2025-26,16.19735849056604,6.39622641509434,1.679245283018868,1.6415094339622642,0.7547169811320755,0.18867924528301888,0.6792452830188679,1.0754716981132075,10.245901639344261,0.5374809741248097,253.10000000000002,10.61388998905016,53,858.46,1807.6172473479464,253.10000000000002,339.0,87.0,89.0,307.0,19.0,40.0,10.0,36.0,-87.0,12678.659999999998,2320.0,2355.0,5347.25959960105,4783.0,1980.0,both,2535.7319999999995,34.10598579901786,18.753970205659705,4.812965804992314,-4.812965804992314,5.623305506278435,2.2095915980701224,2803.0,1.0538048415963508
131,1628976.0,Wendell Carter Jr.,78,2025-10-22 19:00:00,2026-04-12 18:00:00,1,2271.44,922.0,154.0,162.0,415.0,577.0,637.0,326.0,226.0,72.0,250.0,198.0,60.0,49.0,100.0,267.0,90.0,0.5117739403453689,0.3185840707964602,0.792,Orlando,Magic,Orlando Magic,2026-04-12 18:00:00,2025-26,29.121025641025643,11.820512820512821,7.397435897435898,1.9743589743589745,0.7692307692307693,0.6282051282051282,1.2820512820512822,3.423076923076923,11.806375442739078,0.6171352074966533,818.9000000000001,12.97872715105836,78,2271.4400000000005,4747.5833025575175,818.8999999999999,922.0,154.0,577.0,637.0,250.0,60.0,49.0,100.0,90.0,18697.310000000005,3405.0,3406.0,7824.730246798111,6851.0,2676.0,both,3739.462000000001,60.86645259689125,19.42040699956375,3.243755615979195,1.8957013340138151,13.946742667464997,1.2623789114635997,4175.0,1.9321794336168294
132,1628978.0,Donte DiVincenzo,82,2025-10-22 22:00:00,2026-04-12 20:30:00,1,2479.24,1000.0,313.0,67.0,269.0,336.0,835.0,339.0,644.0,244.0,105.0,78.0,104.0,34.0,118.0,197.0,337.0,0.4059880239520958,0.37888198757763975,0.7428571428571429,Minnesota,Timberwolves,Minnesota Timberwolves,2026-04-12 20:30:00,2025-26,30.23463414634146,12.195121951219512,4.097560975609756,3.817073170731707,1.2682926829268293,0.4146341463414634,1.4390243902439024,2.402439024390244,11.809447558046436,0.5674080798910576,818.0,11.877833529630049,82,2479.2399999999993,5194.74687550155,818.0,1000.0,313.0,336.0,835.0,105.0,104.0,34.0,118.0,337.0,19604.96,3615.0,3587.0,8225.759548975951,7352.0,2786.0,both,3920.9919999999997,63.35057165245792,19.250216111895742,6.025317643023367,6.487322829708865,7.378422948462843,1.9995612645966863,4566.0,1.1776612791128265
133,1628983.0,Shai Gilgeous-Alexander,68,2025-10-21 19:30:00,2026-04-08 22:00:00,1,2244.98,2117.0,448.0,38.0,254.0,292.0,1321.0,731.0,298.0,115.0,614.0,540.0,95.0,52.0,151.0,139.0,788.0,0.5533686601059803,0.3859060402684564,0.8794788273615635,Oklahoma City,Thunder,Oklahoma City Thunder,2026-04-08 22:00:00,2025-26,33.01441176470588,31.13235294117647,4.294117647058823,6.588235294117647,1.3970588235294117,0.7647058823529411,2.2205882352941178,2.0441176470588234,8.667401386784222,0.6652379396163804,1796.3000000000004,28.80506730572211,68,2244.9800000000005,4647.808173094466,1796.3,2117.0,448.0,292.0,1321.0,614.0,95.0,52.0,151.0,788.0,16344.32,3011.0,3057.0,6775.150583992094,5990.0,2634.0,both,3268.864,68.35012019256567,45.54835141981606,9.638952024599714,16.954228114697713,7.0068312024989785,2.0416863675730075,3356.0,2.256138556084091
134,1628988.0,Aaron Holiday,57,2025-10-27 20:00:00,2026-04-12 20:30:00,1,771.26,312.0,60.0,13.0,45.0,58.0,252.0,105.0,170.0,67.0,41.0,35.0,27.0,5.0,38.0,72.0,129.0,0.4166666666666667,0.3941176470588235,0.8536585365853658,Houston,Rockets,Houston Rockets,2026-04-12 20:30:00,2025-26,13.530877192982455,5.473684210526316,1.0175438596491229,1.0526315789473684,0.47368421052631576,0.08771929824561403,0.6666666666666666,1.263157894736842,12.336060251915335,0.5776921937490742,203.5,9.498742317765734,57,771.26,1553.4136915871707,203.5,312.0,60.0,58.0,252.0,41.0,27.0,5.0,38.0,129.0,13658.160000000002,2784.0,2219.0,5495.821827200842,5009.0,2009.0,both,2731.6320000000005,27.252871782231065,20.084797867412895,3.862461128348634,8.304291425949563,4.105999331189866,1.7400130408011891,3000.0,0.5902963981018076
135,1628989.0,Kevin Huerter,69,2025-10-22 20:00:00,2026-04-12 18:00:00,2,1533.47,693.0,178.0,34.0,206.0,240.0,596.0,269.0,325.0,100.0,71.0,55.0,63.0,33.0,72.0,115.0,86.0,0.4513422818791946,0.3076923076923077,0.7746478873239436,Detroit,Pistons,Detroit Pistons,2026-04-12 18:00:00,2025-26,22.224202898550725,10.043478260869565,3.4782608695652173,2.579710144927536,0.9130434782608695,0.4782608695652174,1.0434782608695652,1.6666666666666667,10.296893770379269,0.5524201262674574,555.3000000000002,13.036316328327262,69,1533.47,3209.9785862338726,555.3,693.0,178.0,240.0,596.0,71.0,63.0,33.0,72.0,86.0,16504.14,3125.0,2946.0,6905.354440601932,6248.0,2564.0,both,3300.828,46.521428785998154,21.58892906550715,5.545208331400104,2.6791455983169046,8.509393738691823,1.9638222890500032,3684.0,1.9281549377835865
136,1628991.0,Jaren Jackson Jr.,49,2025-10-22 20:00:00,2026-03-21 21:30:00,2,1445.99,931.0,94.0,42.0,230.0,272.0,719.0,342.0,235.0,84.0,203.0,163.0,53.0,69.0,107.0,179.0,-63.0,0.4756606397774687,0.3574468085106383,0.8029556650246306,Utah,Jazz,Utah Jazz,2026-03-21 21:30:00,2025-26,29.51,19.0,5.551020408163265,1.9183673469387754,1.0816326530612246,1.4081632653061225,2.183673469387755,3.6530612244897958,11.689900799720316,0.5758857878068091,635.3999999999999,15.81919653662888,49,1445.9899999999998,3063.2521467666616,635.4000000000001,931.0,94.0,272.0,719.0,203.0,53.0,69.0,107.0,-63.0,11468.48,2213.0,2164.0,4864.698727100649,4373.0,1930.0,both,2293.696,62.5153499340135,30.39253562533837,3.0686341018064516,-2.0566377490830474,9.857412372631165,1.7281860210553588,2443.0,4.480187514891671
137,1628997.0,Caleb Martin,59,2025-10-22 21:30:00,2026-04-05 19:30:00,1,844.9399999999999,227.0,81.0,28.0,115.0,143.0,189.0,85.0,57.0,20.0,61.0,37.0,40.0,15.0,40.0,86.0,-196.0,0.4497354497354497,0.3508771929824561,0.6065573770491803,Dallas,Mavericks,Dallas Mavericks,2026-04-05 19:30:00,2025-26,14.321016949152542,3.847457627118644,2.4237288135593222,1.3728813559322033,0.6779661016949152,0.2542372881355932,0.6779661016949152,1.4576271186440677,15.634771732332707,0.5258524833209784,206.00000000000003,8.776954576656331,59,844.9400000000002,1797.9646413251667,205.99999999999994,227.0,81.0,143.0,189.0,61.0,40.0,15.0,40.0,-196.0,13870.32,2594.0,2688.0,5877.284959662557,5442.0,2129.0,both,2774.064,30.473976971612995,12.6253873286792,4.505094156929582,-10.901215490841953,8.888495289781131,2.2344665074962315,3313.0,1.486484651076516
138,1628998.0,Cody Martin,4,2025-11-05 19:00:00,2025-11-11 21:00:00,1,54.31,7.0,2.0,1.0,13.0,14.0,10.0,2.0,5.0,0.0,6.0,3.0,4.0,2.0,4.0,5.0,-28.0,0.2,0.0,0.5,Indiana,Pacers,Indiana Pacers,2025-11-11 21:00:00,2025-26,13.5775,1.75,3.5,0.5,1.0,0.5,1.0,1.25,24.038461538461537,0.27689873417721517,5.0,3.314306757503222,4,54.31,115.08752555402758,5.0,7.0,2.0,14.0,10.0,6.0,4.0,2.0,4.0,-28.0,951.6,187.0,195.0,403.7649975661667,359.0,153.0,both,190.32,28.771881388506895,6.082327312453916,1.7378078035582618,-24.329309249815665,12.843083288586657,3.4716501259134573,206.0,3.4022592345631777
139,1629001.0,De'Anthony Melton,49,2025-12-04 19:00:00,2026-04-12 20:30:00,1,1115.18,602.0,125.0,39.0,119.0,158.0,528.0,215.0,245.0,72.0,121.0,100.0,77.0,20.0,91.0,91.0,95.0,0.4071969696969697,0.2938775510204082,0.8264462809917356,Golden State,Warriors,Golden State Warriors,2026-04-12 20:30:00,2025-26,22.75877551020408,12.285714285714286,3.2244897959183674,2.5510204081632653,1.5714285714285714,0.40816326530612246,1.8571428571428572,1.8571428571428572,13.536832083779602,0.5178583717569335,424.1,13.690704639609748,49,1115.18,2295.822270888932,424.09999999999997,602.0,125.0,158.0,528.0,121.0,77.0,20.0,91.0,95.0,11698.98,2042.0,2088.0,4816.4756111744055,4258.0,1713.0,both,2339.796,46.853515732427184,26.22154195615971,5.444672333089641,4.137950973148127,8.026755927782773,3.354241916231432,2545.0,1.6488275338461045
140,1629004.0,Svi Mykhailiuk,50,2025-10-22 21:00:00,2026-04-05 19:00:00,1,1146.57,469.0,93.0,36.0,88.0,124.0,362.0,173.0,240.0,98.0,28.0,25.0,26.0,3.0,42.0,63.0,-77.0,0.47790055248618785,0.4083333333333333,0.8928571428571429,Utah,Jazz,Utah Jazz,2026-04-05 19:00:00,2025-26,22.9314,9.38,2.48,1.86,0.52,0.06,0.84,1.26,10.088393543428133,0.626469331053644,361.2000000000001,11.340956068970936,50,1146.5700000000002,2429.6472966735496,361.2,469.0,93.0,124.0,362.0,28.0,26.0,3.0,42.0,-77.0,12027.81,2190.0,2247.0,5111.751980148562,4563.0,2089.0,both,2405.562,48.59294593347099,19.303213295284127,3.827716069214123,-3.1691842723600803,5.8633826405821745,1.0671354677160343,2474.0,0.25441196941347866
141,1629006.0,Josh Okogie,78,2025-10-21 19:30:00,2026-04-12 20:30:00,1,1337.08,353.0,69.0,81.0,119.0,200.0,294.0,125.0,161.0,62.0,69.0,41.0,63.0,16.0,41.0,107.0,69.0,0.42517006802721086,0.38509316770186336,0.5942028985507246,Houston,Rockets,Houston Rockets,2026-04-12 20:30:00,2025-26,17.14205128205128,4.5256410256410255,2.5641025641025643,0.8846153846153846,0.8076923076923077,0.20512820512820512,0.5256410256410257,1.3717948717948718,11.22180862710751,0.5441484770008632,317.1,8.537709037604333,78,1337.08,2680.4402305254125,317.1,353.0,69.0,200.0,294.0,69.0,63.0,16.0,41.0,69.0,18786.369999999995,3762.0,3078.0,7531.4839407039,6869.0,2757.0,both,3757.273999999999,34.36461834006939,13.16947850505907,2.574204013736759,2.574204013736759,8.216547466531326,2.3505823435021256,4112.0,1.093408262083157
142,1629008.0,Michael Porter Jr.,53,2025-10-22 19:00:00,2026-04-10 20:00:00,1,1678.39,1259.0,158.0,69.0,298.0,367.0,958.0,444.0,485.0,176.0,227.0,195.0,55.0,13.0,122.0,116.0,-205.0,0.46346555323590816,0.3628865979381443,0.8590308370044053,Brooklyn,Nets,Brooklyn Nets,2026-04-10 20:00:00,2025-26,31.667735849056605,23.754716981132077,6.9245283018867925,2.981132075471698,1.0377358490566038,0.24528301886792453,2.30188679245283,2.188679245283019,10.340034579787774,0.5950580406095208,897.1999999999999,19.244156602458304,53,1678.39,3378.9764918224396,897.1999999999999,1259.0,158.0,367.0,958.0,227.0,55.0,13.0,122.0,-205.0,12441.09,2084.0,2215.0,5014.286903432533,4430.0,1691.0,both,2488.218,63.754273430612066,37.259803465544756,4.6759721585036305,-6.066925901855977,12.655932892389432,1.6261067562172733,2739.0,0.7036340771129783
143,1629011.0,Mitchell Robinson,60,2025-10-31 20:00:00,2026-04-09 19:30:00,1,1163.11,340.0,52.0,252.0,273.0,525.0,206.0,149.0,0.0,0.0,103.0,42.0,56.0,70.0,41.0,127.0,157.0,0.7233009708737864,,0.4077669902912621,New York,Knicks,New York Knicks,2026-04-09 19:30:00,2025-26,19.385166666666667,5.666666666666667,8.75,0.8666666666666667,0.9333333333333333,1.1666666666666667,0.6833333333333333,2.1166666666666667,14.025725232621784,0.6764284577431163,538.9,16.679763736877852,60,1163.11,2333.150022424915,538.9000000000001,340.0,52.0,525.0,206.0,103.0,56.0,70.0,41.0,157.0,14312.890000000001,2723.0,2403.0,5751.921591285772,5139.0,2290.0,both,2862.5780000000004,38.885833707081915,14.57257341928778,2.228746522949896,6.7291000789064155,25.206772465306393,2.3961368013623385,2849.0,6.047030099785214
144,1629012.0,Collin Sexton,68,2025-10-22 19:00:00,2026-04-12 20:30:00,2,1599.53,1050.0,223.0,41.0,114.0,155.0,742.0,360.0,279.0,112.0,255.0,218.0,76.0,10.0,141.0,144.0,-118.0,0.48517520215633425,0.4014336917562724,0.8549019607843137,Chicago,Bulls,Chicago Bulls,2026-04-12 20:30:00,2025-26,23.5225,15.441176470588236,2.2794117647058822,3.2794117647058822,1.1176470588235294,0.14705882352941177,2.073529411764706,2.1176470588235294,14.168006430868166,0.614610161554671,763.2000000000002,17.177045757191177,68,1599.5299999999997,3354.1862741927434,763.1999999999999,1050.0,223.0,155.0,742.0,255.0,76.0,10.0,141.0,-118.0,16227.75,3086.0,2895.0,6784.4107361904735,6198.0,2550.0,both,3245.55,49.32626873812858,31.30416483064003,6.648408340221645,-3.5179918571576416,5.258402309080735,2.272989208167803,3648.0,0.5562129352470974
145,1629013.0,Landry Shamet,51,2025-10-22 19:00:00,2026-04-10 19:30:00,1,1160.25,475.0,72.0,23.0,69.0,92.0,364.0,159.0,263.0,103.0,76.0,54.0,31.0,9.0,30.0,77.0,191.0,0.4368131868131868,0.3916349809885932,0.7105263157894737,New York,Knicks,New York Knicks,2026-04-10 19:30:00,2025-26,22.75,9.313725490196079,1.803921568627451,1.411764705882353,0.6078431372549019,0.17647058823529413,0.5882352941176471,1.5098039215686274,7.018528916339135,0.5975744766505636,338.70000000000005,10.509114414996768,51,1160.25,2351.431855812134,338.7,475.0,72.0,92.0,364.0,76.0,31.0,9.0,30.0,191.0,12197.5,2365.0,2037.0,4935.9597329679,4325.0,1933.0,both,2439.5,46.10650697670851,20.200457811521193,3.061964131430581,8.12271040421168,4.394272999452464,1.3205028141567916,2392.0,0.79109853357345
146,1629014.0,Anfernee Simons,55,2025-10-22 19:30:00,2026-02-21 20:00:00,2,1359.97,785.0,134.0,31.0,104.0,135.0,648.0,285.0,379.0,146.0,77.0,69.0,27.0,8.0,68.0,94.0,98.0,0.4398148148148148,0.38522427440633245,0.8961038961038961,Chicago,Bulls,Chicago Bulls,2026-02-21 20:00:00,2025-26,24.726727272727274,14.272727272727273,2.4545454545454546,2.4363636363636365,0.4909090909090909,0.14545454545454545,1.2363636363636363,1.709090909090909,9.068117565477143,0.5756144776206957,515.9,13.656477716420213,55,1359.9699999999998,2724.7738047584426,515.9000000000001,785.0,134.0,135.0,648.0,77.0,27.0,8.0,68.0,98.0,13132.93,2445.0,2337.0,5265.403407497976,4799.0,2108.0,both,2626.5860000000002,49.54134190469895,28.809730871204998,4.917839409861744,3.596628822137694,5.45238473920503,0.9903630094419682,2691.0,0.5741674734245225
147,1629018.0,Gary Trent Jr.,66,2025-10-22 20:00:00,2026-04-10 20:00:00,1,1364.04,529.0,79.0,8.0,59.0,67.0,473.0,183.0,342.0,123.0,52.0,40.0,34.0,3.0,41.0,85.0,-348.0,0.386892177589852,0.35964912280701755,0.7692307692307693,Milwaukee,Bucks,Milwaukee Bucks,2026-04-10 20:00:00,2025-26,20.667272727272728,8.015151515151516,1.0151515151515151,1.196969696969697,0.5151515151515151,0.045454545454545456,0.6212121212121212,1.2878787878787878,7.63671583966622,0.5333951762523191,306.0000000000001,8.07600950118765,66,1364.04,2787.5944928210733,305.99999999999994,529.0,79.0,67.0,473.0,52.0,34.0,3.0,41.0,-348.0,15528.27,2621.0,2907.0,6331.506119835865,5709.0,2544.0,both,3105.654,42.23628019425869,18.976935180577385,2.8339846488952993,-12.483881744500813,2.7595148261584903,1.222637886825401,3165.0,0.21581096355668297
148,1629020.0,Jarred Vanderbilt,65,2025-10-21 22:00:00,2026-04-12 20:30:00,1,1115.46,288.0,84.0,80.0,212.0,292.0,240.0,113.0,99.0,29.0,56.0,33.0,55.0,19.0,56.0,104.0,6.0,0.4708333333333333,0.29292929292929293,0.5892857142857143,Los Angeles,Lakers,Los Angeles Lakers,2026-04-12 20:30:00,2025-26,17.160923076923076,4.430769230769231,4.492307692307692,1.2923076923076924,0.8461538461538461,0.2923076923076923,0.8615384615384616,1.6,17.465069860279442,0.5441354292623942,305.1,9.84670001613684,65,1115.46,2290.033663265342,305.1,288.0,84.0,292.0,240.0,56.0,55.0,19.0,56.0,6.0,15452.49,2678.0,2678.0,6345.869714418536,5712.0,2369.0,both,3090.498,35.231287127159106,12.576234341871768,3.6680683497125983,0.2620048821223285,15.104861543539199,2.4012976931860406,3343.0,1.5746777462994879
149,1629021.0,Moritz Wagner,36,2026-01-11 15:00:00,2026-04-08 19:00:00,1,419.96,247.0,27.0,27.0,88.0,115.0,195.0,83.0,70.0,22.0,72.0,59.0,15.0,2.0,19.0,58.0,-88.0,0.4256410256410256,0.3142857142857143,0.8194444444444444,Orlando,Magic,Orlando Magic,2026-04-08 19:00:00,2025-26,11.665555555555555,6.861111111111111,3.1944444444444446,0.75,0.4166666666666667,0.05555555555555555,0.5277777777777778,1.6111111111111112,7.733637251709541,0.5448208928886535,176.90000000000003,15.164301362034484,36,419.96,869.185375024723,176.9,247.0,27.0,115.0,195.0,72.0,15.0,2.0,19.0,-88.0,8635.890000000001,1495.0,1547.0,3586.3185282917134,3134.0,1255.0,both,1727.1780000000003,24.144038195131195,28.4174132581297,3.106356914856283,-10.124422537309368,15.547759033310776,1.720170793514815,1879.0,0.43775628090178753
150,1629023.0,P.J. Washington,56,2025-10-22 21:30:00,2026-04-05 19:30:00,1,1724.57,793.0,98.0,84.0,310.0,394.0,658.0,296.0,234.0,76.0,182.0,125.0,55.0,60.0,94.0,119.0,-277.0,0.44984802431610943,0.3247863247863248,0.6868131868131868,Dallas,Mavericks,Dallas Mavericks,2026-04-05 19:30:00,2025-26,30.795892857142857,14.160714285714286,7.035714285714286,1.75,0.9821428571428571,1.0714285714285714,1.6785714285714286,2.125,11.296990673973657,0.5372046390635161,603.8,12.60418539114098,56,1724.57,3656.9358697814605,603.8,793.0,98.0,394.0,658.0,182.0,55.0,60.0,94.0,-277.0,13445.91,2495.0,2644.0,5711.119501871003,5278.0,2063.0,both,2689.182,65.30242624609751,21.684821069815204,2.6798391738233165,-7.574647460704679,11.955203493605202,1.501691804216022,3215.0,2.910111584512815
151,1629026.0,Kenrich Williams,56,2025-11-26 19:30:00,2026-04-12 20:30:00,1,843.91,363.0,79.0,59.0,128.0,187.0,296.0,140.0,129.0,50.0,52.0,33.0,31.0,5.0,43.0,59.0,45.0,0.47297297297297297,0.3875968992248062,0.6346153846153846,Oklahoma City,Thunder,Oklahoma City Thunder,2026-04-12 20:30:00,2025-26,15.069821428571428,6.482142857142857,3.3392857142857144,1.4107142857142858,0.5535714285714286,0.08928571428571429,0.7678571428571429,1.0535714285714286,11.882391953133636,0.5691796287004516,307.09999999999997,13.100449100022512,56,843.91,1741.2031061591824,307.1,363.0,79.0,187.0,296.0,52.0,31.0,5.0,43.0,45.0,13366.09,2444.0,2557.0,5544.317128981596,4994.0,2174.0,both,2673.218,31.0929126099854,20.847654056896346,4.5370927561840535,2.584419924408638,11.844670821259903,1.771135850685654,2820.0,0.5616414341517881
152,1629027.0,Trae Young,15,2025-10-22 19:30:00,2026-03-16 19:00:00,2,381.85,269.0,120.0,4.0,26.0,30.0,177.0,81.0,80.0,27.0,97.0,80.0,13.0,2.0,39.0,33.0,-66.0,0.4576271186440678,0.3375,0.8247422680412371,Washington,Wizards,Washington Wizards,2026-03-16 19:00:00,2025-26,25.456666666666667,17.933333333333334,2.0,8.0,0.8666666666666667,0.13333333333333333,2.6,2.2,15.076542446265655,0.6122541879096868,227.5,21.44821264894592,15,381.85,821.0519155193042,227.49999999999997,269.0,120.0,30.0,177.0,97.0,13.0,2.0,39.0,-66.0,3596.6000000000004,594.0,716.0,1536.0952247455439,1384.0,552.0,both,719.32,54.736794367953614,32.76284908608503,14.61539736182232,-8.038468549002275,4.313991645734356,1.5942431290140457,832.0,0.45283085383910315
153,1629028.0,Deandre Ayton,72,2025-10-21 22:00:00,2026-04-12 20:30:00,1,1942.24,897.0,59.0,185.0,390.0,575.0,601.0,403.0,0.0,0.0,141.0,91.0,41.0,70.0,83.0,157.0,-8.0,0.670549084858569,,0.6453900709219859,Los Angeles,Lakers,Los Angeles Lakers,2026-04-12 20:30:00,2025-26,26.975555555555555,12.458333333333334,7.986111111111111,0.8194444444444444,0.5694444444444444,0.9722222222222222,1.1527777777777777,2.1805555555555554,11.125408825264062,0.676429777992278,849.5,15.745736881126946,72,1942.2400000000002,3972.6716184373154,849.5,897.0,59.0,575.0,601.0,141.0,41.0,70.0,83.0,-8.0,17144.71,2963.0,2976.0,7017.446870701621,6360.0,2608.0,both,3428.942,55.17599470051827,22.579263683335665,1.4851466636753672,-0.20137581880343963,17.092743067022624,1.0314827478386974,3752.0,3.2937638246284027
154,1629029.0,Luka Doncic,65,2025-10-21 22:00:00,2026-04-05 19:30:00,1,2274.39,2143.0,530.0,41.0,454.0,495.0,1457.0,693.0,694.0,254.0,645.0,503.0,105.0,34.0,255.0,153.0,187.0,0.4756348661633493,0.3659942363112392,0.7798449612403101,Los Angeles,Lakers,Los Angeles Lakers,2026-04-05 19:30:00,2025-26,34.99061538461538,32.96923076923077,7.615384615384615,8.153846153846153,1.6153846153846154,0.5230769230769231,3.923076923076923,2.353846153846154,12.776831345826235,0.6155215992647058,1691.9999999999998,26.781686518143324,65,2274.39,4667.364268134755,1692.0,2143.0,530.0,495.0,1457.0,645.0,105.0,34.0,255.0,187.0,15244.7,2652.0,2641.0,6257.274457637374,5634.0,2313.0,both,3048.94,71.80560412515007,45.91456498544133,11.355445376707376,4.0065439348005265,12.536815822959376,2.2495105554982864,3321.0,1.372441943756393
155,1629048.0,Goga Bitadze,64,2025-10-22 19:00:00,2026-04-12 18:00:00,1,960.41,375.0,84.0,137.0,183.0,320.0,225.0,152.0,11.0,2.0,97.0,69.0,37.0,61.0,43.0,136.0,17.0,0.6755555555555556,0.18181818181818182,0.711340206185567,Orlando,Magic,Orlando Magic,2026-04-12 18:00:00,2025-26,15.00640625,5.859375,5.0,1.3125,0.578125,0.953125,0.671875,2.125,13.840607699240376,0.7004632396891811,459.0,17.205151966347707,64,960.41,2020.3242380392614,459.0,375.0,84.0,320.0,225.0,97.0,37.0,61.0,43.0,17.0,15365.27,2826.0,2746.0,6444.167198467114,5645.0,2238.0,both,3073.054,31.56756621936346,18.56137707697553,4.157748465242519,0.8414490941562239,18.376059524649804,1.8371661822051828,3407.0,5.7288997137807
156,1629057.0,Robert Williams III,59,2025-10-31 22:00:00,2026-04-12 20:30:00,1,996.54,397.0,60.0,141.0,274.0,415.0,250.0,177.0,23.0,9.0,57.0,34.0,35.0,87.0,49.0,74.0,73.0,0.708,0.391304347826087,0.5964912280701754,Portland,Trail Blazers,Portland Trail Blazers,2026-04-12 20:30:00,2025-26,16.890508474576272,6.728813559322034,7.033898305084746,1.0169491525423728,0.5932203389830508,1.4745762711864407,0.8305084745762712,1.2542372881355932,15.119723525055543,0.7216082594154428,523.8,18.922271057860197,59,996.54,2064.5102385546693,523.8,397.0,60.0,415.0,250.0,57.0,35.0,87.0,49.0,73.0,14110.720000000001,2699.0,2524.0,5864.02494058945,5284.0,2053.0,both,2822.1440000000002,34.99169895855372,19.229742366302496,2.9062582921363975,3.5359475887659504,22.501553633277442,1.6902722830054113,3231.0,7.6254719695979105
157,1629060.0,Rui Hachimura,68,2025-10-21 22:00:00,2026-04-12 20:30:00,1,1912.35,780.0,57.0,41.0,185.0,226.0,597.0,307.0,262.0,116.0,72.0,50.0,39.0,21.0,42.0,110.0,81.0,0.5142378559463987,0.44274809160305345,0.6944444444444444,Los Angeles,Lakers,Los Angeles Lakers,2026-04-12 20:30:00,2025-26,28.122794117647057,11.470588235294118,3.323529411764706,0.8382352941176471,0.5735294117647058,0.3088235294117647,0.6176470588235294,1.6176470588235294,6.262300948291287,0.620347394540943,567.9,10.690720840850263,68,1912.3500000000001,3942.714102342967,567.9000000000001,780.0,57.0,226.0,597.0,72.0,39.0,21.0,42.0,81.0,16192.300000000001,2776.0,2795.0,6670.265192063951,6018.0,2475.0,both,3238.46,57.98108974033775,19.78332640290817,1.4457046217509815,2.054422357225079,6.869837079212047,0.9901310122188413,3543.0,1.0037355345253844
158,1629111.0,Jock Landale,68,2025-10-22 20:00:00,2026-04-01 19:00:00,2,1492.08,718.0,115.0,183.0,204.0,387.0,548.0,282.0,193.0,74.0,126.0,80.0,35.0,36.0,60.0,150.0,-55.0,0.5145985401459854,0.38341968911917096,0.6349206349206349,Atlanta,Hawks,Atlanta Hawks,2026-04-01 19:00:00,2025-26,21.94235294117647,10.558823529411764,5.6911764705882355,1.6911764705882353,0.5147058823529411,0.5294117647058824,0.8823529411764706,2.2058823529411766,9.043771855781984,0.5949224446506695,638.8000000000001,15.41257841402606,68,1492.0800000000002,3144.127140312059,638.8,718.0,115.0,387.0,548.0,126.0,35.0,36.0,60.0,-55.0,16249.13,3134.0,2965.0,6852.319808313092,6135.0,2625.0,both,3249.826,46.23716382811852,22.83622665235915,3.65761290392939,-1.74929312796623,13.820391044943566,1.1124959028331645,3510.0,2.233898230520395
159,1629130.0,Duncan Robinson,77,2025-10-22 20:00:00,2026-04-12 18:00:00,1,2097.92,939.0,159.0,29.0,176.0,205.0,698.0,318.0,536.0,220.0,110.0,83.0,44.0,22.0,54.0,168.0,536.0,0.45558739255014324,0.41044776119402987,0.7545454545454545,Detroit,Pistons,Detroit Pistons,2026-04-12 18:00:00,2025-26,27.245714285714286,12.194805194805195,2.6623376623376624,2.064935064935065,0.5714285714285714,0.2857142857142857,0.7012987012987013,2.1818181818181817,6.746626686656672,0.6290192926045016,689.4,11.830003050640633,77,2097.9199999999996,4338.346484146007,689.3999999999999,939.0,159.0,205.0,698.0,110.0,44.0,22.0,54.0,536.0,18411.420000000002,3506.0,3131.0,7607.814257438299,6560.0,2846.0,both,3682.2840000000006,56.34216213176633,21.644191016818702,3.664990811154604,12.354937577225583,5.42138688801837,1.0151287626764383,3714.0,1.039702621678178
160,1629162.0,Jordan McLaughlin,44,2025-10-22 21:30:00,2026-04-12 20:30:00,1,273.37,89.0,38.0,7.0,25.0,32.0,79.0,33.0,40.0,17.0,7.0,6.0,20.0,2.0,15.0,11.0,-61.0,0.4177215189873418,0.425,0.8571428571428571,San Antonio,Spurs,San Antonio Spurs,2026-04-12 20:30:00,2025-26,6.212954545454545,2.022727272727273,0.7272727272727273,0.8636363636363636,0.45454545454545453,0.045454545454545456,0.3409090909090909,0.25,15.451174289245984,0.5421539961013645,87.5,11.522844496469986,44,273.37,571.0442720670562,87.5,89.0,38.0,32.0,79.0,7.0,20.0,2.0,15.0,-61.0,10482.630000000001,2074.0,1793.0,4362.465322260982,3994.0,1598.0,both,2096.5260000000003,12.978278910614915,15.585481608604415,6.654475293561434,-10.682184023874935,6.3463673376745,3.5159881915788995,2396.0,0.6401659665793846
161,1629216.0,Gabe Vincent,53,2025-10-21 22:00:00,2026-04-10 19:00:00,2,870.25,231.0,76.0,17.0,37.0,54.0,216.0,76.0,173.0,59.0,23.0,20.0,27.0,3.0,27.0,79.0,39.0,0.35185185185185186,0.34104046242774566,0.8695652173913043,Atlanta,Hawks,Atlanta Hawks,2026-04-10 19:00:00,2025-26,16.419811320754718,4.3584905660377355,1.0188679245283019,1.4339622641509433,0.5094339622641509,0.05660377358490566,0.5094339622641509,1.490566037735849,10.666877370417193,0.5107907305855298,155.69999999999996,6.440907785119218,53,870.2499999999999,1800.4083594127019,155.7,231.0,76.0,54.0,216.0,23.0,27.0,3.0,27.0,39.0,12625.830000000002,2320.0,2174.0,5239.550595820716,4654.0,1922.0,both,2525.166,33.969969045522674,12.830422542325499,4.221264559379818,2.1661752344185907,3.486635863042901,1.4952562516538153,2732.0,0.3186298513200504
162,1629234.0,Drew Eubanks,42,2025-10-22 22:00:00,2026-03-11 22:00:00,1,542.16,219.0,19.0,39.0,88.0,127.0,156.0,93.0,7.0,1.0,57.0,32.0,15.0,26.0,30.0,57.0,-157.0,0.5961538461538461,0.14285714285714285,0.5614035087719298,Sacramento,Kings,Sacramento Kings,2026-03-11 22:00:00,2025-26,12.908571428571427,5.214285714285714,3.0238095238095237,0.4523809523809524,0.35714285714285715,0.6190476190476191,0.7142857142857143,1.3571428571428572,14.212620807276862,0.6047051027170312,184.4,12.244355909694557,42,542.16,1139.004235146515,184.4,219.0,19.0,127.0,156.0,57.0,15.0,26.0,30.0,-157.0,10012.6,1730.0,1922.0,4195.73859069137,3747.0,1549.0,both,2002.52,27.119148455869404,19.22732095652209,1.6681237359539711,-13.783969818145971,12.844651979078131,1.3204812120394915,2198.0,4.3691308301656715
163,1629312.0,Haywood Highsmith,7,2026-03-06 21:00:00,2026-04-12 20:30:00,1,89.28,38.0,7.0,6.0,7.0,13.0,23.0,12.0,14.0,8.0,7.0,6.0,4.0,0.0,0.0,9.0,10.0,0.5217391304347826,0.5714285714285714,0.8571428571428571,Phoenix,Suns,Phoenix Suns,2026-04-12 20:30:00,2025-26,12.754285714285714,5.428571428571429,1.8571428571428572,1.0,0.5714285714285714,0.0,0.0,1.2857142857142858,0.0,0.7285276073619632,37.9,15.282258064516128,7,89.28,175.23207090161026,37.9,38.0,7.0,13.0,23.0,7.0,4.0,0.0,0.0,10.0,1664.8200000000002,283.0,289.0,658.3331271857801,598.0,252.0,both,332.96400000000006,25.033152985944323,21.685528113935455,3.9947025473038993,5.7067179247198565,8.475989736070384,2.2659868263433323,346.0,0.0
164,1629599.0,Amir Coffey,46,2025-10-22 20:00:00,2026-04-12 20:30:00,2,481.51,149.0,27.0,19.0,38.0,57.0,113.0,55.0,49.0,17.0,28.0,22.0,9.0,5.0,9.0,30.0,-32.0,0.48672566371681414,0.3469387755102041,0.7857142857142857,Phoenix,Suns,Phoenix Suns,2026-04-12 20:30:00,2025-26,10.467608695652174,3.239130434782609,1.2391304347826086,0.5869565217391305,0.1956521739130435,0.10869565217391304,0.1956521739130435,0.6521739130434783,6.700416914830257,0.5944781359719119,124.6,9.315694378102219,46,481.51000000000005,964.8827297747035,124.59999999999998,149.0,27.0,57.0,113.0,28.0,9.0,5.0,9.0,-32.0,10957.449999999999,1923.0,2014.0,4419.5092714002685,3967.0,1701.0,both,2191.49,20.975711516841383,15.44229110980056,2.798267516541041,-3.316465204789382,6.589365885840658,0.9268354625669184,2266.0,1.0042556437866657
165,1629610.0,DaQuan Jeffries,3,2026-03-26 19:00:00,2026-03-29 18:00:00,1,59.54,31.0,1.0,3.0,2.0,5.0,19.0,11.0,9.0,4.0,5.0,5.0,2.0,0.0,0.0,9.0,1.0,0.5789473684210527,0.4444444444444444,1.0,Sacramento,Kings,Sacramento Kings,2026-03-29 18:00:00,2025-26,19.846666666666668,10.333333333333334,1.6666666666666667,0.3333333333333333,0.6666666666666666,0.0,0.0,3.0,0.0,0.7311320754716981,23.900000000000002,14.450789385287203,3,59.54,117.63993037069297,23.9,31.0,1.0,5.0,19.0,5.0,2.0,0.0,0.0,1.0,714.4,120.0,116.0,280.76694701606027,248.0,109.0,both,142.88,39.21331012356432,26.351596691970563,0.8500515061925987,0.8500515061925987,5.084176426046014,1.7094115233987641,139.0,0.0
166,1629611.0,Terance Mann,64,2025-10-22 19:00:00,2026-04-10 20:00:00,1,1516.62,455.0,190.0,70.0,130.0,200.0,368.0,168.0,154.0,56.0,80.0,63.0,41.0,15.0,71.0,155.0,-267.0,0.45652173913043476,0.36363636363636365,0.7875,Brooklyn,Nets,Brooklyn Nets,2026-04-10 20:00:00,2025-26,23.6971875,7.109375,3.125,2.96875,0.640625,0.234375,1.109375,2.421875,14.972585407001265,0.5642361111111112,397.30000000000007,9.43070775804091,64,1516.62,3067.383195735287,397.29999999999995,455.0,190.0,200.0,368.0,80.0,41.0,15.0,71.0,-267.0,14982.919999999998,2472.0,2724.0,6062.251469346153,5314.0,2042.0,both,2996.584,47.927862433363856,14.83349066502698,6.194204893088189,-8.70448792870814,7.605198095123988,1.3362865179589618,3272.0,0.9057902498990886
167,1629614.0,Andrew Nembhard,57,2025-10-23 19:30:00,2026-03-29 17:00:00,1,1774.58,966.0,437.0,25.0,135.0,160.0,753.0,333.0,296.0,107.0,234.0,193.0,51.0,8.0,137.0,126.0,-393.0,0.44223107569721115,0.3614864864864865,0.8247863247863247,Indiana,Pacers,Indiana Pacers,2026-03-29 17:00:00,2025-26,31.13298245614035,16.94736842105263,2.807017543859649,7.666666666666667,0.8947368421052632,0.14035087719298245,2.4035087719298245,2.210526315789474,13.797131807927812,0.5642787046123651,788.8000000000001,16.00198356794284,57,1774.58,3726.9630203272145,788.8,966.0,437.0,160.0,753.0,234.0,51.0,8.0,137.0,-393.0,13625.859999999997,2338.0,2673.0,5728.29985832004,5137.0,1874.0,both,2725.1719999999996,65.38531614609148,25.919226853911432,11.72536452915041,-10.544778626901856,4.9033615300134965,1.3672337418663898,3263.0,0.37650543406217635
168,1629618.0,Jalen Pickett,50,2025-10-25 21:00:00,2026-04-12 20:30:00,1,795.9,260.0,115.0,18.0,96.0,114.0,232.0,98.0,127.0,49.0,19.0,15.0,13.0,5.0,34.0,42.0,3.0,0.4224137931034483,0.3858267716535433,0.7894736842105263,Denver,Nuggets,Denver Nuggets,2026-04-12 20:30:00,2025-26,15.918,5.2,2.28,2.3,0.26,0.1,0.68,0.84,12.392477037469018,0.5408553835912797,222.8,10.077647945721825,50,795.9,1601.2369094402973,222.79999999999998,260.0,115.0,114.0,232.0,19.0,13.0,5.0,34.0,3.0,11910.289999999997,2134.0,2147.0,4837.2011355752065,4514.0,1932.0,both,2382.0579999999995,32.02473818880595,16.237447342559786,7.18194786305529,0.1873551616449206,7.969910613196063,0.804346234861652,2582.0,0.5795722636996402
169,1629622.0,Max Strus,12,2026-03-15 15:30:00,2026-04-12 18:00:00,1,285.38,134.0,24.0,9.0,56.0,65.0,106.0,47.0,82.0,33.0,9.0,7.0,3.0,0.0,9.0,34.0,-3.0,0.44339622641509435,0.4024390243902439,0.7777777777777778,Cleveland,Cavaliers,Cleveland Cavaliers,2026-04-12 18:00:00,2025-26,23.781666666666666,11.166666666666666,5.416666666666667,2.0,0.25,0.0,0.75,2.8333333333333335,7.565568258238064,0.6093124772644598,98.10000000000002,12.375078842245431,12,285.38,590.6141844210559,98.1,134.0,24.0,65.0,106.0,9.0,3.0,0.0,9.0,-3.0,2855.61,539.0,499.0,1184.6086067038107,1078.0,482.0,both,571.1220000000001,49.21784870175466,22.688246157066523,4.063566475892511,-0.5079458094865639,12.532028079789773,0.5068176457948379,596.0,0.0
170,1629627.0,Zion Williamson,62,2025-10-22 20:00:00,2026-04-05 19:00:00,1,1828.65,1302.0,199.0,125.0,228.0,353.0,807.0,484.0,4.0,1.0,465.0,333.0,60.0,34.0,126.0,141.0,-82.0,0.5997521685254027,0.25,0.7161290322580646,New Orleans,Pelicans,New Orleans Pelicans,2026-04-05 19:00:00,2025-26,29.49435483870968,21.0,5.693548387096774,3.2096774193548385,0.967741935483871,0.5483870967741935,2.032258064516129,2.274193548387097,11.075949367088608,0.6435349940688019,1074.4999999999998,21.15330981871872,62,1828.6499999999999,3807.6089654143793,1074.5,1302.0,199.0,353.0,807.0,465.0,60.0,34.0,126.0,-82.0,14851.66,2747.0,2876.0,6196.3943574332925,5697.0,2489.0,both,2970.332,61.41304782926418,34.19468784285479,5.226377020528497,-2.1535824908710395,10.197202072167487,1.5728474561334427,3208.0,1.7215473060983562
171,1629628.0,RJ Barrett,57,2025-10-22 19:30:00,2026-04-12 18:00:00,1,1714.25,1098.0,189.0,55.0,245.0,300.0,816.0,401.0,283.0,96.0,279.0,200.0,42.0,19.0,99.0,147.0,168.0,0.49142156862745096,0.3392226148409894,0.7168458781362007,Toronto,Raptors,Toronto Raptors,2026-04-12 18:00:00,2025-26,30.07456140350877,19.263157894736842,5.2631578947368425,3.3157894736842106,0.7368421052631579,0.3333333333333333,1.736842105263158,2.5789473684210527,9.53977798334875,0.5848140099705995,797.4000000000001,16.74574886976812,57,1714.25,3535.6722441030656,797.4,1098.0,189.0,300.0,816.0,279.0,42.0,19.0,99.0,168.0,13573.880000000001,2385.0,2434.0,5608.054115210004,4916.0,2017.0,both,2714.7760000000003,62.029337615843254,31.054914714769954,5.34551810664073,4.751571650347315,9.858802611061176,1.1860334499160698,2899.0,1.037923221652722
172,1629630.0,Ja Morant,20,2025-10-22 20:00:00,2026-01-21 20:00:00,1,563.9,389.0,161.0,8.0,57.0,65.0,322.0,132.0,85.0,20.0,117.0,105.0,20.0,6.0,71.0,40.0,-50.0,0.40993788819875776,0.23529411764705882,0.8974358974358975,Memphis,Grizzlies,Memphis Grizzlies,2026-01-21 20:00:00,2025-26,28.195,19.45,3.25,8.05,1.0,0.3,3.55,2.0,15.973722102231822,0.5207775516761272,284.2,18.143642489803156,20,563.9,1223.3316148557135,284.2,389.0,161.0,65.0,322.0,117.0,20.0,6.0,71.0,-50.0,4780.650000000001,865.0,918.0,2075.5186945565038,1822.0,773.0,both,956.1300000000001,61.166580742785676,31.798409791435073,13.160781430388296,-4.0871992019839425,6.181257898954452,1.6338726259299712,1049.0,0.9698188311654284
173,1629631.0,De'Andre Hunter,45,2025-10-26 18:00:00,2026-02-06 22:00:00,2,1167.69,615.0,90.0,30.0,155.0,185.0,501.0,208.0,246.0,75.0,143.0,124.0,30.0,6.0,75.0,112.0,-21.0,0.4151696606786427,0.3048780487804878,0.8671328671328671,Sacramento,Kings,Sacramento Kings,2026-02-06 22:00:00,2025-26,25.948666666666668,13.666666666666666,4.111111111111111,2.0,0.6666666666666666,0.13333333333333333,1.6666666666666667,2.488888888888889,11.738558818005385,0.5452901120726344,384.8,11.863422654985484,45,1167.6900000000003,2458.5482440047067,384.79999999999995,615.0,90.0,185.0,501.0,143.0,30.0,6.0,75.0,-21.0,10756.03,2053.0,1980.0,4529.403884665282,3988.0,1657.0,both,2151.206,54.634405422326815,25.014762329749207,3.660696926304762,-0.8541626161377778,8.450802380077468,1.2202101859987013,2331.0,0.47420203831580127
174,1629632.0,Coby White,50,2025-11-16 20:00:00,2026-04-12 18:00:00,2,1240.29,868.0,200.0,17.0,153.0,170.0,623.0,278.0,318.0,115.0,241.0,197.0,25.0,5.0,128.0,111.0,94.0,0.4462279293739968,0.36163522012578614,0.8174273858921162,Charlotte,Hornets,Charlotte Hornets,2026-04-12 18:00:00,2025-26,24.805799999999998,17.36,3.4,4.0,0.5,0.1,2.56,2.22,14.935125548399142,0.5953034127071217,579.4000000000001,16.817357230970178,50,1240.2900000000002,2571.278288093118,579.4,868.0,200.0,170.0,623.0,241.0,25.0,5.0,128.0,94.0,11932.519999999999,2270.0,2122.0,4916.999590720586,4545.0,1892.0,both,2386.504,51.425565761862366,33.757528464323336,7.778232365051458,3.6557692115741856,7.447757275051763,0.9783151094873769,2653.0,0.36263663723672807
175,1629634.0,Brandon Clarke,2,2025-12-17 20:00:00,2025-12-20 20:00:00,1,19.86,8.0,1.0,4.0,2.0,6.0,9.0,3.0,0.0,0.0,4.0,2.0,2.0,0.0,0.0,5.0,-12.0,0.3333333333333333,,0.5,Memphis,Grizzlies,Memphis Grizzlies,2025-12-20 20:00:00,2025-26,9.93,4.0,3.0,0.5,1.0,0.0,0.0,2.5,0.0,0.3717472118959108,6.199999999999999,11.238670694864048,2,19.86,44.374596439970176,6.2,8.0,1.0,6.0,9.0,4.0,2.0,0.0,0.0,-12.0,476.01,102.0,106.0,208.41670877544843,197.0,88.0,both,95.202,22.187298219985088,18.02833296934289,2.2535416211678614,-27.042499454014333,13.827852660934232,4.600068408419817,109.0,0.0
176,1629636.0,Darius Garland,45,2025-11-05 19:00:00,2026-04-12 20:30:00,2,1336.18,845.0,301.0,18.0,89.0,107.0,672.0,309.0,308.0,122.0,122.0,105.0,43.0,8.0,130.0,84.0,84.0,0.45982142857142855,0.3961038961038961,0.860655737704918,LA,Clippers,LA Clippers,2026-04-12 20:30:00,2025-26,29.69288888888889,18.77777777777778,2.3777777777777778,6.688888888888889,0.9555555555555556,0.17777777777777778,2.888888888888889,1.8666666666666667,15.192595362752431,0.5822125454745893,626.4000000000001,16.876768100106272,45,1336.1799999999996,2777.3295266863083,626.4,845.0,301.0,107.0,672.0,122.0,43.0,8.0,130.0,84.0,10777.410000000002,1950.0,1993.0,4483.299282872907,4023.0,1679.0,both,2155.4820000000004,61.71843392636241,30.42490967962983,10.837748891797135,3.024488062827108,4.377603613394206,1.547213185900204,2344.0,0.5505690742755688
177,1629637.0,Jaxson Hayes,66,2025-10-21 22:00:00,2026-04-05 19:30:00,1,1193.17,497.0,59.0,99.0,172.0,271.0,262.0,198.0,3.0,3.0,150.0,98.0,29.0,52.0,31.0,127.0,71.0,0.7557251908396947,1.0,0.6533333333333333,Los Angeles,Lakers,Los Angeles Lakers,2026-04-05 19:30:00,2025-26,18.078333333333333,7.53030303030303,4.106060606060606,0.8939393939393939,0.4393939393939394,0.7878787878787878,0.4696969696969697,1.9242424242424243,8.635097493036211,0.7576219512195121,517.8000000000001,15.622920455593086,66,1193.1700000000003,2458.40112938828,517.8,497.0,59.0,271.0,262.0,150.0,29.0,52.0,31.0,71.0,15719.890000000001,2735.0,2688.0,6460.560087569558,5784.0,2400.0,both,3143.978,37.248501960428484,20.21639162375701,2.399933814490269,2.8880559462510016,13.16760710316843,1.182782801404622,3384.0,4.049022241266787
178,1629638.0,Nickeil Alexander-Walker,78,2025-10-22 19:30:00,2026-04-10 19:00:00,1,2588.7200000000003,1624.0,286.0,52.0,216.0,268.0,1195.0,548.0,629.0,251.0,307.0,277.0,102.0,42.0,162.0,173.0,244.0,0.4585774058577406,0.3990461049284579,0.9022801302931596,Atlanta,Hawks,Atlanta Hawks,2026-04-10 19:00:00,2025-26,33.18871794871795,20.82051282051282,3.4358974358974357,3.6666666666666665,1.3076923076923077,0.5384615384615384,2.076923076923077,2.217948717948718,10.857326684896252,0.6104895946108505,1196.3000000000002,16.63632992366884,78,2588.7200000000003,5478.330178508363,1196.3000000000002,1624.0,286.0,268.0,1195.0,307.0,102.0,42.0,162.0,244.0,18637.509999999995,3390.0,3532.0,7899.449462963299,6974.0,2835.0,both,3727.501999999999,70.23500228856877,29.64406939857323,5.220568871916222,4.453911904711742,5.574886182579376,1.8592429906966765,4139.0,1.4611226398908514
179,1629639.0,Tyler Herro,33,2025-11-24 19:30:00,2026-04-12 18:00:00,1,1027.2,677.0,136.0,14.0,144.0,158.0,515.0,247.0,222.0,84.0,108.0,99.0,23.0,12.0,64.0,62.0,-38.0,0.4796116504854369,0.3783783783783784,0.9166666666666666,Miami,Heat,Miami Heat,2026-04-12 18:00:00,2025-26,31.12727272727273,20.515151515151516,4.787878787878788,4.121212121212121,0.696969696969697,0.36363636363636365,1.9393939393939394,1.878787878787879,10.215156738811212,0.6017563819953069,502.4999999999999,17.610981308411212,33,1027.2,2185.101524801604,502.49999999999994,677.0,136.0,158.0,515.0,108.0,23.0,12.0,64.0,-38.0,7848.07,1468.0,1552.0,3344.967510185573,3077.0,1248.0,both,1569.614,66.21519772126072,30.98254210689218,6.223967099759729,-1.7390496308152186,7.994439071816138,1.0506880314856801,1829.0,1.0025485046217995
180,1629640.0,Keldon Johnson,82,2025-10-22 21:30:00,2026-04-12 20:30:00,1,1895.68,1081.0,111.0,137.0,303.0,440.0,797.0,414.0,273.0,99.0,194.0,154.0,46.0,11.0,70.0,162.0,317.0,0.5194479297365119,0.3626373626373626,0.7938144329896907,San Antonio,Spurs,San Antonio Spurs,2026-04-12 20:30:00,2025-26,23.118048780487804,13.182926829268293,5.365853658536586,1.353658536585366,0.5609756097560976,0.13414634146341464,0.8536585365853658,1.975609756097561,7.350161703557478,0.6125617661725373,856.0999999999999,16.257807224848076,82,1895.6800000000003,3952.418582141932,856.1000000000001,1081.0,111.0,440.0,797.0,194.0,46.0,11.0,70.0,317.0,19547.659999999996,3856.0,3491.0,8152.389345903791,7469.0,3028.0,both,3909.5319999999992,48.200226611486976,27.350342012970053,2.808406996706453,8.02040556717068,12.351007365470538,1.1636775691094805,4441.0,0.510824426447377
181,1629645.0,Kevin Porter Jr.,39,2025-10-22 20:00:00,2026-04-10 20:00:00,1,1253.81,661.0,280.0,34.0,164.0,198.0,514.0,239.0,143.0,46.0,156.0,137.0,83.0,19.0,110.0,88.0,-107.0,0.4649805447470817,0.32167832167832167,0.8782051282051282,Milwaukee,Bucks,Milwaukee Bucks,2026-04-10 20:00:00,2025-26,32.14897435897436,16.94871794871795,5.076923076923077,7.17948717948718,2.128205128205128,0.48717948717948717,2.8205128205128207,2.2564102564102564,15.881265881265882,0.5672456405327475,609.3,17.494516713058598,39,1253.8099999999997,2538.004704136382,609.3,661.0,280.0,198.0,514.0,156.0,83.0,19.0,110.0,-107.0,9058.249999999998,1570.0,1685.0,3677.074092516457,3357.0,1549.0,both,1811.6499999999996,65.07704369580466,26.04408096339291,11.032288456505318,-4.215910231593104,8.78935015289986,3.261506740942604,1808.0,1.518440377799264
182,1629646.0,Charles Bassey,13,2025-11-03 20:00:00,2026-04-12 20:30:00,4,150.42,76.0,7.0,23.0,34.0,57.0,47.0,31.0,0.0,0.0,20.0,14.0,4.0,11.0,6.0,19.0,-44.0,0.6595744680851063,,0.7,Golden State,Warriors,Golden State Warriors,2026-04-12 20:30:00,2025-26,11.57076923076923,5.846153846153846,4.384615384615385,0.5384615384615384,0.3076923076923077,0.8461538461538461,0.46153846153846156,1.4615384615384615,9.708737864077671,0.6810035842293907,82.40000000000002,19.720781810929402,13,150.42000000000002,300.2930439021076,82.39999999999999,76.0,7.0,57.0,47.0,20.0,4.0,11.0,6.0,-44.0,3090.379999999999,562.0,560.0,1244.1811017736086,1139.0,481.0,both,618.0759999999998,23.09946491554674,25.30861155237922,2.3310563271928224,-14.652354056640599,20.87460636065717,1.3210300194124438,658.0,6.869151381198496
183,1629651.0,Nic Claxton,69,2025-10-22 19:00:00,2026-04-03 19:30:00,1,1907.02,810.0,253.0,168.0,310.0,478.0,583.0,333.0,19.0,3.0,229.0,141.0,45.0,77.0,96.0,158.0,-515.0,0.5711835334476844,0.15789473684210525,0.6157205240174672,Brooklyn,Nets,Brooklyn Nets,2026-04-03 19:30:00,2025-26,27.637971014492752,11.73913043478261,6.927536231884058,3.6666666666666665,0.6521739130434783,1.1159420289855073,1.391304347826087,2.289855072463768,12.311480455524777,0.5923130923130924,827.3000000000001,15.61745550649705,69,1907.0199999999998,3854.072359140328,827.2999999999998,810.0,253.0,478.0,583.0,229.0,45.0,77.0,96.0,-515.0,16482.3,2741.0,2970.0,6660.448021317056,5858.0,2270.0,both,3296.46,55.85612114696128,21.016730474169794,6.5644849505740215,-13.362489128638819,14.46799329987891,1.1678891746587676,3588.0,3.7096322059362516
184,1629652.0,Luguentz Dort,69,2025-10-21 19:30:00,2026-04-12 20:30:00,1,1836.02,576.0,85.0,56.0,189.0,245.0,524.0,202.0,372.0,128.0,58.0,44.0,62.0,27.0,54.0,179.0,294.0,0.38549618320610685,0.34408602150537637,0.7586206896551724,Oklahoma City,Thunder,Oklahoma City Thunder,2026-04-12 20:30:00,2025-26,26.608985507246377,8.347826086956522,3.550724637681159,1.2318840579710144,0.8985507246376812,0.391304347826087,0.782608695652174,2.5942028985507246,8.947507953340404,0.524093754549425,395.0999999999999,7.7469744338296955,69,1836.02,3785.2855258562677,395.0999999999999,576.0,85.0,245.0,524.0,58.0,62.0,27.0,54.0,294.0,16583.89,3024.0,3161.0,6854.765116994397,6123.0,2684.0,both,3316.778,54.85921051965605,15.216817755635576,2.2455373424114997,7.766917396105659,7.15591835374603,1.6339475364655853,3439.0,1.4183081050896595
185,1629655.0,Daniel Gafford,55,2025-11-01 22:00:00,2026-04-05 19:30:00,1,1184.31,524.0,58.0,138.0,240.0,378.0,316.0,207.0,0.0,0.0,161.0,110.0,42.0,69.0,63.0,144.0,-188.0,0.6550632911392406,,0.6832298136645962,Dallas,Mavericks,Dallas Mavericks,2026-04-05 19:30:00,2025-26,21.53290909090909,9.527272727272727,6.872727272727273,1.0545454545454545,0.7636363636363637,1.2545454545454546,1.1454545454545455,2.618181818181818,14.004979548283833,0.6772825974563126,544.0999999999999,16.53925070294095,55,1184.3100000000002,2503.1483808811868,544.0999999999999,524.0,58.0,378.0,316.0,161.0,42.0,69.0,63.0,-188.0,13260.32,2500.0,2572.0,5611.410360666412,5204.0,2049.0,both,2652.064,45.511788743294304,20.93363717477809,2.317081977360934,-7.510541581790613,16.68903244304134,1.6760843256178988,3155.0,4.897431058474658
186,1629656.0,Quentin Grimes,75,2025-10-22 19:30:00,2026-04-12 18:00:00,1,2188.66,1006.0,244.0,46.0,227.0,273.0,755.0,340.0,380.0,127.0,237.0,199.0,64.0,28.0,133.0,155.0,8.0,0.4503311258278146,0.33421052631578946,0.8396624472573839,Philadelphia,76ers,Philadelphia 76ers,2026-04-12 18:00:00,2025-26,29.182133333333333,13.413333333333334,3.64,3.2533333333333334,0.8533333333333334,0.37333333333333335,1.7733333333333334,2.066666666666667,13.40347482565405,0.5853738013220371,758.0,12.467902735006808,75,2188.66,4551.892509813969,758.0,1006.0,244.0,273.0,755.0,237.0,64.0,28.0,133.0,8.0,18048.129999999997,3300.0,3388.0,7494.69771726098,6732.0,2828.0,both,3609.6259999999993,60.69190013085292,22.100697629195864,5.3604077748745445,0.17575107458605063,6.7320958073929305,1.4083472761751805,3904.0,1.1828566824254918
187,1629660.0,Ty Jerome,15,2026-01-31 20:00:00,2026-03-23 19:30:00,1,334.81,295.0,85.0,11.0,31.0,42.0,215.0,102.0,100.0,42.0,56.0,49.0,16.0,4.0,27.0,31.0,-45.0,0.4744186046511628,0.42,0.875,Memphis,Grizzlies,Memphis Grizzlies,2026-03-23 19:30:00,2025-26,22.320666666666668,19.666666666666668,2.8,5.666666666666667,1.0666666666666667,0.26666666666666666,1.8,2.066666666666667,10.126012601260127,0.6155065932231681,238.40000000000003,25.63364296167976,15,334.81000000000006,706.7119847428006,238.4,295.0,85.0,42.0,215.0,56.0,16.0,4.0,27.0,-45.0,3568.81,564.0,705.0,1506.717357097362,1340.0,551.0,both,713.762,47.114132316186705,41.742606092545856,12.027530569038635,-6.367516183608688,7.055741646068199,2.2638267809557173,789.0,1.080781718735053
188,1629661.0,Cameron Johnson,54,2025-10-23 22:00:00,2026-04-08 21:00:00,1,1636.22,660.0,132.0,43.0,163.0,206.0,475.0,228.0,256.0,110.0,112.0,94.0,40.0,21.0,47.0,125.0,343.0,0.48,0.4296875,0.8392857142857143,Denver,Nuggets,Denver Nuggets,2026-04-08 21:00:00,2025-26,30.30037037037037,12.222222222222221,3.814814814814815,2.4444444444444446,0.7407407407407407,0.3888888888888889,0.8703703703703703,2.314814814814815,8.2271390561546,0.6294346532387274,540.6,11.894244050311084,54,1636.22,3405.610214448239,540.5999999999999,660.0,132.0,206.0,475.0,112.0,40.0,21.0,47.0,343.0,12992.069999999998,2437.0,2267.0,5406.030021372998,4931.0,2147.0,both,2598.4139999999998,63.06685582311553,19.379786835262653,3.8759573670525307,10.071616491659228,6.954510352257905,1.1750279274689381,2784.0,1.1978893793895853
189,1629673.0,Jordan Poole,39,2025-10-22 20:00:00,2026-04-10 19:30:00,1,925.95,524.0,119.0,9.0,68.0,77.0,444.0,165.0,288.0,96.0,114.0,98.0,22.0,15.0,69.0,89.0,-144.0,0.3716216216216216,0.3333333333333333,0.8596491228070176,New Orleans,Pelicans,New Orleans Pelicans,2026-04-10 19:30:00,2025-26,23.742307692307694,13.435897435897436,1.9743589743589745,3.051282051282051,0.5641025641025641,0.38461538461538464,1.7692307692307692,2.282051282051282,12.252290645642445,0.5301926501537964,310.70000000000005,12.079701927749879,39,925.95,1959.3279910845656,310.69999999999993,524.0,119.0,77.0,444.0,114.0,22.0,15.0,69.0,-144.0,9329.26,1741.0,1795.0,3937.6532529009787,3632.0,1587.0,both,1865.852,50.2391792585786,26.74386332376874,6.0735109456650385,-7.349458623325761,4.388015219296607,1.1258353149449185,2045.0,1.478044817778503
190,1629674.0,Neemias Queta,76,2025-10-22 19:30:00,2026-04-10 19:30:00,1,1911.34,776.0,126.0,230.0,406.0,636.0,499.0,326.0,8.0,1.0,175.0,123.0,60.0,100.0,75.0,216.0,480.0,0.6533066132264529,0.125,0.7028571428571428,Boston,Celtics,Boston Celtics,2026-04-10 19:30:00,2025-26,25.149210526315787,10.210526315789474,8.368421052631579,1.6578947368421053,0.7894736842105263,1.3157894736842106,0.9868421052631579,2.8421052631578947,11.52073732718894,0.6736111111111112,875.9,16.49753576025197,76,1911.34,3769.8813470288505,875.9,776.0,126.0,636.0,499.0,175.0,60.0,100.0,75.0,480.0,18128.92,3513.0,3106.0,7164.018311305652,6578.0,2961.0,both,3625.7839999999997,49.60370193459014,20.584202221950232,3.3422802576877957,12.732496219763032,18.22756745175039,1.588760898108201,3617.0,5.244637437256275
191,1629675.0,Naz Reid,77,2025-10-22 22:00:00,2026-04-08 19:00:00,1,1992.41,1046.0,170.0,90.0,387.0,477.0,871.0,397.0,448.0,162.0,123.0,90.0,76.0,78.0,126.0,195.0,169.0,0.45579793340987373,0.36160714285714285,0.7317073170731707,Minnesota,Timberwolves,Minnesota Timberwolves,2026-04-08 19:00:00,2025-26,25.875454545454545,13.584415584415584,6.194805194805195,2.207792207792208,0.987012987012987,1.0129870129870129,1.6363636363636365,2.5324675324675323,11.987213638785297,0.5653320650294016,806.6,14.574108742678465,77,1992.41,4174.782209406567,806.5999999999998,1046.0,170.0,477.0,871.0,123.0,76.0,78.0,126.0,169.0,18414.539999999997,3415.0,3360.0,7714.913803403593,6876.0,2633.0,both,3682.9079999999994,54.217950771513856,25.05519923034945,4.072068708565398,4.048115363220896,13.01431268194162,1.8209359558831315,4243.0,3.398081010860679
192,1629680.0,Matisse Thybulle,30,2025-10-22 22:00:00,2026-04-12 20:30:00,1,474.2,174.0,27.0,17.0,42.0,59.0,134.0,58.0,93.0,37.0,25.0,21.0,60.0,16.0,28.0,43.0,88.0,0.43283582089552236,0.3978494623655914,0.84,Portland,Trail Blazers,Portland Trail Blazers,2026-04-12 20:30:00,2025-26,15.806666666666667,5.8,1.9666666666666666,0.9,2.0,0.5333333333333333,0.9333333333333333,1.4333333333333333,16.184971098265898,0.6,171.2,12.997047659215522,30,474.2,984.3023142002484,171.20000000000002,174.0,27.0,59.0,134.0,25.0,60.0,16.0,28.0,88.0,7159.860000000001,1351.0,1285.0,2990.956713228816,2607.0,979.0,both,1431.9720000000002,32.81007714000828,17.677495774392856,2.7430596891299257,8.940342690497536,6.75895542304618,6.057788398035345,1628.0,2.9678268429850045
193,1629684.0,Grant Williams,36,2026-01-10 21:30:00,2026-04-12 18:00:00,1,703.67,252.0,56.0,46.0,96.0,142.0,183.0,78.0,134.0,52.0,54.0,44.0,17.0,18.0,31.0,56.0,203.0,0.4262295081967213,0.3880597014925373,0.8148148148148148,Charlotte,Hornets,Charlotte Hornets,2026-04-12 18:00:00,2025-26,19.546388888888888,7.0,3.9444444444444446,1.5555555555555556,0.4722222222222222,0.5,0.8611111111111112,1.5555555555555556,13.03835800807537,0.6094022054556008,227.5,11.638978498443873,36,703.67,1405.171974473059,227.49999999999997,252.0,56.0,142.0,183.0,54.0,17.0,18.0,31.0,203.0,8558.890000000001,1724.0,1370.0,3423.8796454070894,3110.0,1330.0,both,1711.7780000000002,39.03255484647386,17.933747938183885,3.985277319596419,14.446630283537019,11.164684105308847,1.2078384085717015,1780.0,2.459976211397612
194,1629723.0,John Konchar,56,2025-10-22 20:00:00,2026-04-12 20:30:00,2,1102.81,248.0,118.0,74.0,166.0,240.0,199.0,94.0,99.0,28.0,44.0,32.0,83.0,38.0,35.0,79.0,-146.0,0.4723618090452261,0.2828282828282828,0.7272727272727273,Utah,Jazz,Utah Jazz,2026-04-12 20:30:00,2025-26,19.693035714285713,4.428571428571429,4.285714285714286,2.107142857142857,1.4821428571428572,0.6785714285714286,0.625,1.4107142857142858,13.814335333122829,0.5678695731819015,368.70000000000005,12.035799457748842,56,1102.81,2365.9694500471805,368.7,248.0,118.0,240.0,199.0,44.0,83.0,38.0,35.0,-146.0,13354.689999999999,2526.0,2551.0,5691.53788535664,5070.0,2229.0,both,2670.9379999999996,42.249454465128224,10.481961210236868,4.987384769386897,-6.170832002800736,11.448990360697591,3.5319258126886224,2841.0,3.239481277613434
195,1629726.0,Garrison Mathews,15,2025-11-21 19:00:00,2025-12-23 19:30:00,1,193.27,78.0,10.0,2.0,15.0,17.0,52.0,21.0,46.0,17.0,23.0,19.0,6.0,3.0,3.0,19.0,-2.0,0.40384615384615385,0.3695652173913043,0.8260869565217391,Indiana,Pacers,Indiana Pacers,2025-12-23 19:30:00,2025-26,12.884666666666668,5.2,1.1333333333333333,0.6666666666666666,0.4,0.2,0.2,1.2666666666666666,4.606879606879606,0.6278171281390856,58.800000000000004,10.952553422672946,15,193.26999999999998,395.6864445909238,58.800000000000004,78.0,10.0,17.0,52.0,23.0,6.0,3.0,3.0,-2.0,3564.42,617.0,713.0,1468.4641488978602,1296.0,479.0,both,712.884,26.379096306061587,19.712578246302943,2.52725362132089,-0.505450724264178,4.714674355988798,1.5071008789144131,817.0,1.3544208136219529
196,1629731.0,Dean Wade,59,2025-10-22 19:00:00,2026-04-10 19:00:00,1,1304.99,342.0,88.0,53.0,194.0,247.0,278.0,122.0,196.0,71.0,38.0,27.0,44.0,23.0,16.0,90.0,151.0,0.43884892086330934,0.3622448979591837,0.7105263157894737,Cleveland,Cavaliers,Cleveland Cavaliers,2026-04-10 19:00:00,2025-26,22.118474576271186,5.796610169491525,4.186440677966102,1.4915254237288136,0.7457627118644068,0.3898305084745763,0.2711864406779661,1.5254237288135593,5.1493305870236865,0.5802117263843648,356.80000000000007,9.842834044705326,59,1304.9899999999998,2720.8179016055597,356.79999999999995,342.0,88.0,247.0,278.0,38.0,44.0,23.0,16.0,151.0,14083.310000000001,2648.0,2581.0,5871.898254231297,5250.0,2232.0,both,2816.6620000000003,46.11555765433152,12.56974969909545,3.2343215600011685,5.549801767729278,10.195437399211386,1.6173414080679527,3018.0,1.6448873153668486
197,1629750.0,Javonte Green,82,2025-10-22 20:00:00,2026-04-12 18:00:00,1,1431.25,569.0,56.0,62.0,168.0,230.0,414.0,185.0,247.0,94.0,125.0,105.0,102.0,25.0,45.0,107.0,215.0,0.4468599033816425,0.3805668016194332,0.84,Detroit,Pistons,Detroit Pistons,2026-04-12 18:00:00,2025-26,17.454268292682926,6.939024390243903,2.8048780487804876,0.6829268292682927,1.2439024390243902,0.3048780487804878,0.5487804878048781,1.3048780487804879,8.754863813229573,0.6066098081023454,509.9000000000001,12.825432314410481,82,1431.25,2963.293559759495,509.9,569.0,56.0,230.0,414.0,125.0,102.0,25.0,45.0,215.0,19626.84,3736.0,3324.0,8113.123606277259,6988.0,3015.0,both,3925.368,36.13772633853043,19.201607553393423,1.889789144094959,7.255440463936003,8.934865371055334,3.448077012252388,3973.0,1.7257835366892464
198,1630162.0,Anthony Edwards,61,2025-10-22 22:00:00,2026-04-10 21:30:00,1,2126.77,1757.0,226.0,36.0,266.0,302.0,1231.0,602.0,514.0,205.0,437.0,348.0,83.0,49.0,174.0,118.0,162.0,0.4890333062550772,0.39883268482490275,0.7963386727688787,Minnesota,Timberwolves,Minnesota Timberwolves,2026-04-10 21:30:00,2025-26,34.865081967213115,28.80327868852459,4.950819672131147,3.7049180327868854,1.360655737704918,0.8032786885245902,2.8524590163934427,1.9344262295081966,10.893518982269859,0.6172362430442359,1259.8,21.32473187039501,61,2126.77,4455.910606173509,1259.8,1757.0,226.0,302.0,1231.0,437.0,83.0,49.0,174.0,162.0,14583.510000000002,2689.0,2641.0,6117.71884952113,5464.0,2093.0,both,2916.702,73.04771485530343,39.430773085208166,5.07191503543372,3.6356205121250555,7.770541206242684,1.860630397763496,3371.0,1.9934661309006914
199,1630163.0,LaMelo Ball,72,2025-10-22 19:00:00,2026-04-12 18:00:00,1,2003.28,1445.0,514.0,65.0,282.0,347.0,1244.0,506.0,740.0,272.0,179.0,161.0,87.0,17.0,202.0,195.0,416.0,0.4067524115755627,0.3675675675675676,0.8994413407821229,Charlotte,Hornets,Charlotte Hornets,2026-04-12 18:00:00,2025-26,27.823333333333334,20.069444444444443,4.819444444444445,7.138888888888889,1.2083333333333333,0.2361111111111111,2.8055555555555554,2.7083333333333335,13.247986568377975,0.5462064168859052,1078.2000000000003,19.37582364921529,72,2003.2800000000002,4044.9755651614637,1078.2,1445.0,514.0,347.0,1244.0,179.0,87.0,17.0,202.0,416.0,17170.2,3322.0,2825.0,6935.153744835563,6300.0,2602.0,both,3434.04,56.180216182798105,35.723330752489225,12.707122496041151,10.28436373220451,9.676759689511833,2.150437642627102,3698.0,0.7880353667254496
200,1630164.0,James Wiseman,4,2025-10-25 20:00:00,2025-12-23 19:30:00,1,57.480000000000004,13.0,3.0,5.0,3.0,8.0,10.0,6.0,0.0,0.0,2.0,1.0,0.0,1.0,5.0,10.0,-9.0,0.6,,0.5,Indiana,Pacers,Indiana Pacers,2025-12-23 19:30:00,2025-26,14.370000000000001,3.25,2.0,0.75,0.0,0.25,1.25,2.5,31.48614609571788,0.5974264705882353,6.199999999999999,3.8830897703549057,4,57.480000000000004,121.51154425294442,6.2,13.0,3.0,8.0,10.0,2.0,0.0,1.0,5.0,-9.0,949.2,162.0,195.0,400.1969201669807,353.0,133.0,both,189.84,30.377886063236105,10.698571958676254,2.468901221232982,-7.406703663698947,7.401039747840681,0.0,220.0,1.5012336306699563
201,1630165.0,Killian Hayes,23,2026-02-23 20:00:00,2026-04-12 20:30:00,1,400.92,127.0,81.0,4.0,50.0,54.0,138.0,42.0,63.0,17.0,28.0,26.0,21.0,4.0,28.0,36.0,-18.0,0.30434782608695654,0.2698412698412698,0.9285714285714286,Sacramento,Kings,Sacramento Kings,2026-04-12 20:30:00,2025-26,17.43130434782609,5.521739130434782,2.347826086956522,3.5217391304347827,0.9130434782608695,0.17391304347826086,1.2173913043478262,1.565217391304348,15.702108568864963,0.42243214475784996,102.30000000000001,9.185872493265489,23,400.91999999999996,824.7534644013842,102.29999999999998,127.0,81.0,54.0,138.0,28.0,21.0,4.0,28.0,-18.0,5475.209999999999,1034.0,944.0,2254.6846675171346,2023.0,854.0,both,1095.042,35.85884627832105,15.398540955772535,9.821116672579333,-2.182470371684296,7.45659452420202,2.5439380915438554,1169.0,0.9345844164921964
202,1630166.0,Deni Avdija,66,2025-10-22 22:00:00,2026-04-12 20:30:00,1,2185.62,1598.0,442.0,74.0,380.0,454.0,1064.0,492.0,393.0,125.0,610.0,489.0,51.0,41.0,253.0,168.0,16.0,0.462406015037594,0.31806615776081426,0.8016393442622951,Portland,Trail Blazers,Portland Trail Blazers,2026-04-12 20:30:00,2025-26,33.11545454545455,24.21212121212121,6.878787878787879,6.696969696969697,0.7727272727272727,0.6212121212121212,3.8333333333333335,2.5454545454545454,15.958117825154535,0.5996697688381867,1236.3000000000002,20.36346665934609,66,2185.62,4578.022438115387,1236.3,1598.0,442.0,454.0,1064.0,610.0,51.0,41.0,253.0,16.0,15773.89,3037.0,2866.0,6611.6372369023775,5932.0,2284.0,both,3154.778,69.36397633508162,34.9059014367313,9.654823801649083,0.3494958842225912,11.101386347023947,1.1134104846261017,3648.0,1.622270140095941
203,1630167.0,Obi Toppin,24,2025-10-23 19:30:00,2026-04-12 18:00:00,1,418.23,279.0,55.0,13.0,93.0,106.0,199.0,100.0,105.0,37.0,46.0,42.0,12.0,1.0,28.0,28.0,-33.0,0.5025125628140703,0.3523809523809524,0.9130434782608695,Indiana,Pacers,Indiana Pacers,2026-04-12 18:00:00,2025-26,17.42625,11.625,4.416666666666667,2.2916666666666665,0.5,0.041666666666666664,1.1666666666666667,1.1666666666666667,11.325028312570781,0.6362889983579638,227.10000000000002,19.548095545513235,24,418.23,880.3626584312581,227.10000000000002,279.0,55.0,106.0,199.0,46.0,12.0,1.0,28.0,-33.0,5758.05,996.0,1120.0,2426.3250833329093,2229.0,869.0,both,1151.6100000000001,36.681777434635755,31.691485017908143,6.247425361953218,-3.748455217171931,13.793689555050323,1.3618287660074917,1360.0,0.20246564302501718
204,1630168.0,Onyeka Okongwu,74,2025-10-22 19:30:00,2026-04-10 19:00:00,1,2280.59,1123.0,231.0,140.0,422.0,562.0,860.0,413.0,383.0,144.0,202.0,153.0,82.0,79.0,127.0,243.0,109.0,0.48023255813953486,0.37597911227154046,0.7574257425742574,Atlanta,Hawks,Atlanta Hawks,2026-04-10 19:00:00,2025-26,30.818783783783786,15.175675675675675,7.594594594594595,3.1216216216216215,1.1081081081081081,1.0675675675675675,1.7162162162162162,3.2837837837837838,11.804290441313157,0.5917502740072507,966.0,15.24868564713517,74,2280.5899999999997,4833.831803543814,966.0,1123.0,231.0,562.0,860.0,202.0,82.0,79.0,127.0,109.0,17685.5,3211.0,3323.0,7499.401019697202,6590.0,2724.0,both,3537.1,65.32205139924073,23.232086792442757,4.77881749693168,2.2549398578595374,13.340045411889662,1.6958498505040918,3866.0,3.169314693928857
205,1630169.0,Tyrese Haliburton,1,2026-03-08 21:00:00,2026-03-08 21:00:00,1,0.0,0.0,0.0,0.0,0.0,0.0,0.0,0.0,0.0,0.0,0.0,0.0,0.0,0.0,0.0,0.0,0.0,,,,Indiana,Pacers,Indiana Pacers,2026-03-08 21:00:00,2025-26,0.0,0.0,0.0,0.0,0.0,0.0,0.0,0.0,,,0.0,,1,0.0,,0.0,0.0,0.0,0.0,0.0,0.0,0.0,0.0,0.0,0.0,,,,,,,both,,,,,,,,,
206,1630170.0,Devin Vassell,67,2025-10-22 21:30:00,2026-04-12 20:30:00,1,2030.94,932.0,167.0,39.0,230.0,269.0,755.0,330.0,433.0,166.0,130.0,106.0,57.0,25.0,60.0,106.0,492.0,0.4370860927152318,0.3833718244803695,0.8153846153846154,San Antonio,Spurs,San Antonio Spurs,2026-04-12 20:30:00,2025-26,30.312537313432838,13.91044776119403,4.014925373134329,2.4925373134328357,0.8507462686567164,0.373134328358209,0.8955223880597015,1.5820895522388059,6.87915615684476,0.573750307805959,711.1999999999999,12.606576265177699,67,2030.9399999999998,4231.313019507924,711.1999999999998,932.0,167.0,269.0,755.0,130.0,57.0,25.0,60.0,492.0,15979.24,3151.0,2836.0,6668.158563588567,6128.0,2453.0,both,3195.848,63.15392566429737,22.02625983242398,3.94676544207597,11.627596392223817,7.070205612838998,1.3451104891028693,3675.0,1.0704630656264595
207,1630171.0,Isaac Okoro,63,2025-10-22 20:00:00,2026-04-07 19:00:00,1,1681.34,584.0,100.0,69.0,104.0,173.0,459.0,211.0,221.0,73.0,112.0,89.0,46.0,29.0,46.0,162.0,-335.0,0.4596949891067538,0.33031674208144796,0.7946428571428571,Chicago,Bulls,Chicago Bulls,2026-04-07 19:00:00,2025-26,26.687936507936506,9.26984126984127,2.746031746031746,1.5873015873015872,0.7301587301587301,0.4603174603174603,0.7301587301587301,2.5714285714285716,8.29905462942917,0.5744865035020068,442.90000000000003,9.483150344368184,63,1681.34,3598.78023969699,442.8999999999999,584.0,100.0,173.0,459.0,112.0,46.0,29.0,46.0,-335.0,15034.119999999999,2852.0,2860.0,6431.382363827471,5925.0,2366.0,both,3006.8239999999996,57.12349586820619,16.227720535921684,2.7787192698496033,-9.30870955399617,5.416395482741373,1.279104315426536,3559.0,1.4572111067847904
208,1630172.0,Patrick Williams,72,2025-10-22 20:00:00,2026-04-12 20:30:00,1,1459.88,505.0,105.0,49.0,166.0,215.0,478.0,178.0,274.0,95.0,75.0,54.0,49.0,26.0,75.0,93.0,-345.0,0.3723849372384937,0.3467153284671533,0.72,Chicago,Bulls,Chicago Bulls,2026-04-12 20:30:00,2025-26,20.276111111111113,7.013888888888889,2.986111111111111,1.4583333333333333,0.6805555555555556,0.3611111111111111,1.0416666666666667,1.2916666666666667,12.79863481228669,0.49412915851272016,345.80000000000007,8.527276214483383,72,1459.8799999999999,3135.038258280706,345.79999999999995,505.0,105.0,215.0,478.0,75.0,49.0,26.0,75.0,-345.0,17176.11,3207.0,3290.0,7368.624707591561,6738.0,2721.0,both,3435.222,43.54219803167647,16.108256371867956,3.3492414238537336,-11.004650392662267,7.78687570868088,1.5647583998994001,4017.0,1.5230324822548258
209,1630173.0,Precious Achiuwa,73,2025-11-05 22:00:00,2026-04-12 20:30:00,1,1730.72,736.0,101.0,177.0,315.0,492.0,598.0,316.0,97.0,27.0,139.0,77.0,65.0,50.0,65.0,123.0,-271.0,0.5284280936454849,0.27835051546391754,0.5539568345323741,Sacramento,Kings,Sacramento Kings,2026-04-12 20:30:00,2025-26,23.70849315068493,10.082191780821917,6.739726027397261,1.3835616438356164,0.8904109589041096,0.684931506849315,0.8904109589041096,1.6849315068493151,8.97591692443659,0.5582863037805692,693.8999999999999,14.43353055375797,73,1730.72,3566.486191458543,693.9,736.0,101.0,492.0,598.0,139.0,65.0,50.0,65.0,-271.0,17443.010000000002,3113.0,3187.0,7203.487736178669,6487.0,2649.0,both,3488.6020000000003,48.855975225459495,20.636558239385945,2.83191899752443,-7.598515329991293,15.741610648142036,1.8188427302862604,3838.0,2.625969315279353
210,1630174.0,Aaron Nesmith,45,2025-10-23 19:30:00,2026-03-27 19:00:00,1,1326.98,621.0,86.0,48.0,139.0,187.0,512.0,212.0,277.0,105.0,111.0,92.0,26.0,23.0,63.0,124.0,-201.0,0.4140625,0.37906137184115524,0.8288288288288288,Indiana,Pacers,Indiana Pacers,2026-03-27 19:00:00,2025-26,29.488444444444443,13.8,4.155555555555556,1.9111111111111112,0.5777777777777777,0.5111111111111111,1.4,2.7555555555555555,10.098743267504489,0.5536338349618429,404.79999999999995,10.981928891166406,45,1326.9799999999998,2802.2010423078395,404.8,621.0,86.0,187.0,512.0,111.0,26.0,23.0,63.0,-201.0,10770.240000000002,1908.0,2114.0,4550.407352136598,4098.0,1514.0,both,2154.0480000000002,62.27113427350754,22.16115084621324,3.0690160592179367,-7.172932882590759,7.547281343588276,0.9275003261020398,2584.0,1.4448618565296458
211,1630175.0,Cole Anthony,35,2025-10-22 20:00:00,2026-02-03 20:00:00,1,519.17,234.0,121.0,16.0,71.0,87.0,231.0,98.0,72.0,22.0,26.0,16.0,20.0,11.0,65.0,73.0,-111.0,0.42424242424242425,0.3055555555555556,0.6153846153846154,Milwaukee,Bucks,Milwaukee Bucks,2026-02-03 20:00:00,2025-26,14.83342857142857,6.685714285714286,2.4857142857142858,3.4571428571428573,0.5714285714285714,0.3142857142857143,1.8571428571428572,2.085714285714286,21.14233671610721,0.4825936314139581,158.2,10.969817208236224,35,519.1700000000001,1071.8817141432032,158.20000000000002,234.0,121.0,87.0,231.0,26.0,20.0,11.0,65.0,-111.0,8368.009999999998,1413.0,1586.0,3443.9402892909,3078.0,1337.0,both,1673.6019999999996,30.62519183266295,21.830767043828647,11.288559026937035,-10.355620264380255,9.351588409804569,1.8720479988330554,1741.0,2.0367443076778633
212,1630178.0,Tyrese Maxey,71,2025-10-22 19:30:00,2026-04-12 18:00:00,1,2646.31,1980.0,461.0,24.0,266.0,290.0,1501.0,694.0,599.0,220.0,417.0,372.0,130.0,55.0,171.0,151.0,113.0,0.46235842771485675,0.3672787979966611,0.8920863309352518,Philadelphia,76ers,Philadelphia 76ers,2026-04-12 18:00:00,2025-26,37.27197183098591,27.887323943661972,4.084507042253521,6.492957746478873,1.8309859154929577,0.7746478873239436,2.408450704225352,2.1267605633802815,9.215944122275637,0.5877184650455927,1545.2999999999997,21.022026897831317,71,2646.31,5467.4078475416645,1545.3,1980.0,461.0,290.0,1501.0,417.0,130.0,55.0,171.0,113.0,16857.7,3024.0,3166.0,6972.698138845012,6243.0,2626.0,both,3371.54,77.00574433157274,36.21460215173588,8.431783632298101,2.0667929510839165,5.968908857506336,2.3753635432878197,3617.0,1.9373218618382853
213,1630180.0,Saddiq Bey,72,2025-10-22 20:00:00,2026-04-05 19:00:00,1,2231.78,1271.0,182.0,121.0,279.0,400.0,967.0,436.0,412.0,151.0,295.0,248.0,68.0,7.0,68.0,95.0,-187.0,0.45087900723888313,0.36650485436893204,0.8406779661016949,New Orleans,Pelicans,New Orleans Pelicans,2026-04-05 19:00:00,2025-26,30.99694444444445,17.65277777777778,5.555555555555555,2.5277777777777777,0.9444444444444444,0.09722222222222222,0.9444444444444444,1.3194444444444444,5.8379120879120885,0.5794128373450037,1012.4000000000003,16.330641909148753,72,2231.7799999999997,4642.2214199620485,1012.4,1271.0,182.0,400.0,967.0,295.0,68.0,7.0,68.0,-187.0,17258.300000000003,3174.0,3324.0,7176.726764503621,6601.0,2925.0,both,3451.6600000000008,64.4752974994729,27.379133501357007,3.920536819234441,-4.028243874707915,9.520437639264772,1.4654099267937817,3676.0,0.29450940319613533
214,1630182.0,Josh Green,58,2025-12-12 19:00:00,2026-04-12 18:00:00,1,896.78,249.0,47.0,45.0,57.0,102.0,181.0,83.0,138.0,58.0,28.0,25.0,35.0,6.0,35.0,64.0,207.0,0.4585635359116022,0.42028985507246375,0.8928571428571429,Charlotte,Hornets,Charlotte Hornets,2026-04-12 18:00:00,2025-26,15.461724137931034,4.293103448275862,1.7586206896551724,0.8103448275862069,0.603448275862069,0.10344827586206896,0.603448275862069,1.103448275862069,15.329362298528382,0.644009931719429,214.4,8.606793193425368,58,896.7800000000001,1799.2421053446126,214.4,249.0,47.0,102.0,181.0,28.0,35.0,6.0,35.0,207.0,13814.78,2707.0,2253.0,5526.041951169959,5045.0,2096.0,both,2762.956,31.021415609389873,13.839160347590271,2.6122109893041876,11.504844144382274,6.335874264123468,1.9513803237772551,2949.0,0.6268513025363016
215,1630183.0,Jaden McDaniels,73,2025-10-22 22:00:00,2026-04-10 21:30:00,1,2301.86,1084.0,199.0,76.0,234.0,310.0,809.0,417.0,250.0,103.0,176.0,147.0,81.0,73.0,131.0,244.0,120.0,0.515451174289246,0.412,0.8352272727272727,Minnesota,Timberwolves,Minnesota Timberwolves,2026-04-10 21:30:00,2025-26,31.53232876712329,14.849315068493151,4.2465753424657535,2.7260273972602738,1.1095890410958904,1.0,1.7945205479452055,3.3424657534246576,12.875452115112438,0.6114345020531564,839.1,13.123126515079111,73,2301.8599999999997,4825.487687051265,839.0999999999999,1084.0,199.0,310.0,809.0,176.0,81.0,73.0,131.0,120.0,17464.14,3226.0,3151.0,7323.014135811774,6554.0,2528.0,both,3492.828,66.10257105549678,22.4640506887793,4.123935504674429,2.4867952792006607,7.376384907432844,1.6783921520113914,4026.0,2.751359773162384
216,1630188.0,Jalen Smith,53,2025-10-22 20:00:00,2026-03-25 19:00:00,1,1085.24,541.0,65.0,98.0,257.0,355.0,404.0,195.0,220.0,82.0,93.0,69.0,24.0,42.0,53.0,111.0,86.0,0.48267326732673266,0.37272727272727274,0.7419354838709677,Chicago,Bulls,Chicago Bulls,2026-03-25 19:00:00,2025-26,20.476226415094338,10.20754716981132,6.69811320754717,1.2264150943396226,0.4528301886792453,0.7924528301886793,1.0,2.0943396226415096,10.644280205655527,0.6079744673199676,473.80000000000007,15.717076407062034,53,1085.2400000000002,2302.6450779274387,473.8,541.0,65.0,355.0,404.0,93.0,24.0,42.0,53.0,86.0,12680.28,2422.0,2378.0,5416.294239006167,4969.0,1946.0,both,2536.056,43.44613354580073,23.49471940708042,2.8228405941963537,3.734835247705945,17.28304107847112,1.0354807722834982,3023.0,3.246715166278976
217,1630191.0,Isaiah Stewart,58,2025-10-22 20:00:00,2026-04-12 18:00:00,1,1305.8799999999999,581.0,66.0,96.0,194.0,290.0,402.0,221.0,120.0,40.0,131.0,99.0,16.0,93.0,67.0,166.0,39.0,0.5497512437810945,0.3333333333333333,0.7557251908396947,Detroit,Pistons,Detroit Pistons,2026-04-12 18:00:00,2025-26,22.515172413793103,10.017241379310345,5.0,1.1379310344827587,0.27586206896551724,1.603448275862069,1.1551724137931034,2.8620689655172415,12.72216314750114,0.6320163606300583,494.5,13.632186724660766,58,1305.88,2702.406831480614,494.4999999999999,581.0,66.0,290.0,402.0,131.0,16.0,93.0,67.0,39.0,13814.76,2620.0,2357.0,5712.4935888574555,4921.0,2168.0,both,2762.952,46.59322123242438,21.499353584807125,2.4422673607526164,1.4431579858992734,12.328221442982992,0.5926036560687602,2753.0,7.14737891619243
218,1630192.0,Zeke Nnaji,52,2025-10-25 21:00:00,2026-04-12 20:30:00,1,615.22,190.0,29.0,33.0,103.0,136.0,151.0,71.0,54.0,14.0,44.0,34.0,17.0,24.0,27.0,71.0,-109.0,0.47019867549668876,0.25925925925925924,0.7727272727272727,Denver,Nuggets,Denver Nuggets,2026-04-12 20:30:00,2025-26,11.831153846153846,3.6538461538461537,2.6153846153846154,0.5576923076923077,0.3269230769230769,0.46153846153846156,0.5192307692307693,1.3653846153846154,13.680583704904741,0.5576426391171636,161.4,9.444426384057737,52,615.22,1238.8074706645923,161.4,190.0,29.0,136.0,151.0,44.0,17.0,24.0,27.0,-109.0,12436.67,2229.0,2230.0,5071.171653413487,4695.0,2002.0,both,2487.334,23.8232205897037,15.3373308201047,2.340961019910717,-8.798784523112696,12.331193054783554,1.3553275650378727,2693.0,3.60311853157073
219,1630193.0,Immanuel Quickley,70,2025-10-22 19:30:00,2026-04-12 18:00:00,1,2216.4,1150.0,415.0,38.0,244.0,282.0,905.0,401.0,476.0,178.0,207.0,170.0,92.0,5.0,102.0,141.0,119.0,0.4430939226519337,0.3739495798319328,0.821256038647343,Toronto,Raptors,Toronto Raptors,2026-04-12 18:00:00,2025-26,31.662857142857145,16.428571428571427,4.0285714285714285,5.928571428571429,1.3142857142857143,0.07142857142857142,1.457142857142857,2.0142857142857142,9.288940696488417,0.5772628704521725,989.5,16.072008662696263,70,2216.4000000000005,4550.110868700011,989.4999999999999,1150.0,415.0,282.0,905.0,207.0,92.0,5.0,102.0,119.0,16715.9,2978.0,3019.0,6866.441405295054,6049.0,2538.0,both,3343.1800000000003,65.00158383857159,25.27410942688877,9.12065688013812,2.6153208885215333,7.09294640101137,2.021006580242218,3511.0,0.21480816909199849
220,1630194.0,Paul Reed,65,2025-10-22 20:00:00,2026-04-12 18:00:00,1,888.39,504.0,80.0,130.0,164.0,294.0,339.0,209.0,40.0,13.0,110.0,73.0,57.0,60.0,58.0,120.0,138.0,0.616519174041298,0.325,0.6636363636363637,Detroit,Pistons,Detroit Pistons,2026-04-12 18:00:00,2025-26,13.667538461538461,7.753846153846154,4.523076923076923,1.2307692307692308,0.8769230769230769,0.9230769230769231,0.8923076923076924,1.8461538461538463,13.022002694207455,0.6504904491481673,524.7,21.262283456590012,65,888.3900000000001,1832.5050690673565,524.6999999999999,504.0,80.0,294.0,339.0,110.0,57.0,60.0,58.0,138.0,15579.16,2960.0,2616.0,6454.75193391449,5539.0,2370.0,both,3115.832,28.192385677959333,27.50333456138858,4.3656086605378706,7.5306749394278265,18.49247061362257,3.0971744739507785,3169.0,6.64047862530248
221,1630198.0,Isaiah Joe,71,2025-10-30 20:00:00,2026-04-08 22:00:00,1,1494.89,785.0,94.0,33.0,148.0,181.0,543.0,247.0,428.0,181.0,123.0,110.0,50.0,11.0,45.0,121.0,356.0,0.4548802946593002,0.42289719626168226,0.8943089430894309,Oklahoma City,Thunder,Oklahoma City Thunder,2026-04-08 22:00:00,2025-26,21.054788732394368,11.056338028169014,2.5492957746478875,1.323943661971831,0.704225352112676,0.15492957746478872,0.6338028169014085,1.704225352112676,7.008035881143711,0.6573218113612004,596.1,14.355303734722957,71,1494.89,3100.148842771673,596.1,785.0,94.0,181.0,543.0,123.0,50.0,11.0,45.0,356.0,16958.72,3108.0,3206.0,7029.610864225927,6249.0,2770.0,both,3391.744,43.66406820805173,25.3213648702807,3.0321124812820197,11.483319609961692,6.504109227360419,1.6138105432312901,3479.0,0.7173846588244392
222,1630200.0,Tre Jones,65,2025-10-22 20:00:00,2026-04-12 20:30:00,1,1739.84,914.0,350.0,38.0,166.0,204.0,617.0,341.0,130.0,41.0,227.0,191.0,76.0,11.0,92.0,94.0,-137.0,0.5526742301458671,0.3153846153846154,0.8414096916299559,Chicago,Bulls,Chicago Bulls,2026-04-12 20:30:00,2025-26,26.766769230769228,14.061538461538461,3.1384615384615384,5.384615384615385,1.1692307692307693,0.16923076923076924,1.4153846153846155,1.4461538461538461,11.373751359905054,0.6374846557303873,879.6000000000001,18.20029427993379,65,1739.8400000000001,3734.4579153586033,879.6,914.0,350.0,204.0,617.0,227.0,76.0,11.0,92.0,-137.0,15485.130000000001,2953.0,2963.0,6652.501892622853,6109.0,2462.0,both,3097.0260000000003,57.45319869782467,24.474770387450803,9.372176844209825,-3.6685377933049894,6.138150634541106,2.0335934084484393,3647.0,0.5368988353218024
223,1630202.0,Payton Pritchard,79,2025-10-22 19:30:00,2026-04-10 19:30:00,1,2538.93,1345.0,408.0,69.0,243.0,312.0,1091.0,506.0,562.0,212.0,136.0,121.0,58.0,10.0,109.0,118.0,426.0,0.46379468377635197,0.37722419928825623,0.8897058823529411,Boston,Celtics,Boston Celtics,2026-04-10 19:30:00,2025-26,32.13835443037974,17.025316455696203,3.949367088607595,5.1645569620253164,0.7341772151898734,0.12658227848101267,1.379746835443038,1.4936708860759493,8.651892303784608,0.5843557749122381,1093.3,15.502120972220581,79,2538.9300000000003,5004.715890087103,1093.3,1345.0,408.0,312.0,1091.0,136.0,58.0,10.0,109.0,426.0,18843.74,3664.0,3238.0,7433.188517054455,6837.0,3072.0,both,3768.7480000000005,63.350834051735475,26.87465241861295,8.152310919549503,8.511971695411981,6.71005393208496,1.1582417567877008,3765.0,0.3942587959210201
224,1630208.0,Nick Richards,48,2025-10-22 22:00:00,2026-03-25 19:00:00,2,690.83,276.0,16.0,77.0,166.0,243.0,201.0,103.0,18.0,5.0,101.0,65.0,10.0,32.0,59.0,88.0,-135.0,0.5124378109452736,0.2777777777777778,0.6435643564356436,Chicago,Bulls,Chicago Bulls,2026-03-25 19:00:00,2025-26,14.392291666666667,5.75,5.0625,0.3333333333333333,0.20833333333333334,0.6666666666666666,1.2291666666666667,1.8333333333333333,19.37984496124031,0.5622555410691004,215.2,11.21433637798011,48,690.8299999999999,1460.3791840434556,215.2,276.0,16.0,243.0,201.0,101.0,10.0,32.0,59.0,-135.0,11462.91,2122.0,2114.0,4825.513628449802,4296.0,1764.0,both,2292.582,30.42456633423866,18.89920118114935,1.0956058655738754,-9.244174490779573,19.03724115742204,0.687717606103083,2532.0,4.194111444897692
225,1630209.0,Omer Yurtseven,9,2026-03-15 20:00:00,2026-04-01 22:00:00,1,101.97,34.0,8.0,13.0,17.0,30.0,26.0,11.0,4.0,0.0,18.0,12.0,2.0,1.0,9.0,15.0,-14.0,0.4230769230769231,0.0,0.6666666666666666,Golden State,Warriors,Golden State Warriors,2026-04-01 22:00:00,2025-26,11.33,3.7777777777777777,3.3333333333333335,0.8888888888888888,0.2222222222222222,0.1111111111111111,1.0,1.6666666666666667,20.969245107176143,0.5011792452830188,25.300000000000004,8.932038834951458,9,101.96999999999998,212.20254183260982,25.299999999999994,34.0,8.0,30.0,26.0,18.0,2.0,1.0,9.0,-14.0,2140.45,348.0,358.0,884.4119432536271,784.0,328.0,both,428.09,23.578060203623313,16.022428245378876,3.769983116559735,-6.597470453979537,17.839357851459393,0.94937558899658,456.0,0.9206569183574806
226,1630214.0,Xavier Tillman,30,2025-10-22 19:30:00,2026-04-10 19:00:00,2,177.53,44.0,13.0,19.0,24.0,43.0,46.0,20.0,18.0,3.0,4.0,1.0,9.0,5.0,8.0,15.0,-23.0,0.43478260869565216,0.16666666666666666,0.25,Charlotte,Hornets,Charlotte Hornets,2026-04-10 19:00:00,2025-26,5.917666666666666,1.4666666666666666,1.4333333333333333,0.43333333333333335,0.3,0.16666666666666666,0.26666666666666666,0.5,14.347202295552368,0.46063651591289784,46.70000000000001,9.46994874105785,30,177.53000000000003,353.48873426663545,46.7,44.0,13.0,43.0,46.0,4.0,9.0,5.0,8.0,-23.0,7130.099999999999,1383.0,1217.0,2836.7132649106165,2544.0,1090.0,both,1426.02,11.782957808887849,12.44735566786435,3.6776278109599216,-6.506572280929092,13.284614951319169,2.548478261519122,1454.0,2.7622276057571606
227,1630217.0,Desmond Bane,82,2025-10-22 19:00:00,2026-04-12 18:00:00,1,2740.04,1647.0,338.0,98.0,240.0,338.0,1205.0,583.0,427.0,167.0,346.0,314.0,86.0,37.0,164.0,252.0,135.0,0.4838174273858921,0.3911007025761124,0.9075144508670521,Orlando,Magic,Orlando Magic,2026-04-12 18:00:00,2025-26,33.41512195121951,20.085365853658537,4.121951219512195,4.121951219512195,1.048780487804878,0.45121951219512196,2.0,3.073170731707317,10.78067891982856,0.6067460434411011,1248.2,16.399468620896048,82,2740.0400000000004,5715.733084611125,1248.2,1647.0,338.0,338.0,1205.0,346.0,86.0,37.0,164.0,135.0,19648.120000000003,3557.0,3552.0,8209.518869002766,7191.0,2813.0,both,3929.6240000000007,69.70406200745275,28.81520140319945,5.913502170176935,2.3619017543606105,6.818710949898725,1.5023628660219652,4378.0,1.2120486761974958
228,1630224.0,Jalen Green,32,2025-11-06 21:00:00,2026-04-08 22:00:00,1,821.4,568.0,91.0,16.0,100.0,116.0,512.0,216.0,227.0,71.0,87.0,65.0,34.0,8.0,72.0,42.0,33.0,0.421875,0.31277533039647576,0.7471264367816092,Phoenix,Suns,Phoenix Suns,2026-04-08 22:00:00,2025-26,25.66875,17.75,3.625,2.84375,1.0625,0.25,2.25,1.3125,11.570354181397443,0.5161008940902814,342.9,15.028487947406866,32,821.4000000000001,1637.8176610826977,342.9,568.0,91.0,116.0,512.0,87.0,34.0,8.0,72.0,33.0,7660.09,1368.0,1401.0,3060.9868133950695,2718.0,1090.0,both,1532.018,51.1818019088343,34.68029521824287,5.5561740578522905,2.014876306693688,7.81347456794735,2.071698863455168,1628.0,0.9165259289437521
229,1630228.0,Jonathan Kuminga,36,2025-10-21 22:00:00,2026-04-10 19:00:00,2,823.5,438.0,83.0,49.0,153.0,202.0,339.0,157.0,105.0,35.0,123.0,89.0,22.0,11.0,67.0,55.0,71.0,0.4631268436578171,0.3333333333333333,0.7235772357723578,Atlanta,Hawks,Atlanta Hawks,2026-04-10 19:00:00,2025-26,22.875,12.166666666666666,5.611111111111111,2.3055555555555554,0.6111111111111112,0.3055555555555556,1.8611111111111112,1.5277777777777777,14.561418760323393,0.5570818070818071,328.8999999999999,14.37814207650273,36,823.5000000000001,1732.54688269833,328.9,438.0,83.0,202.0,339.0,123.0,22.0,11.0,67.0,71.0,8605.67,1610.0,1557.0,3622.7795855748923,3140.0,1255.0,both,1721.134,48.12630229717583,25.280701167396018,4.790635152725729,4.098013202934057,13.33074394048062,1.2692052194574848,1885.0,1.2196421111288267
230,1630230.0,Naji Marshall,74,2025-10-22 21:30:00,2026-04-07 22:30:00,1,2170.27,1128.0,241.0,65.0,283.0,348.0,821.0,419.0,213.0,62.0,300.0,228.0,82.0,6.0,119.0,143.0,-218.0,0.510353227771011,0.29107981220657275,0.76,Dallas,Mavericks,Dallas Mavericks,2026-04-07 22:30:00,2025-26,29.327972972972972,15.243243243243244,4.702702702702703,3.2567567567567566,1.1081081081081081,0.08108108108108109,1.6081081081081081,1.9324324324324325,11.100746268656716,0.5918153200419727,901.2,14.948923405843512,74,2170.27,4608.0461423997795,901.1999999999999,1128.0,241.0,348.0,821.0,300.0,82.0,6.0,119.0,-218.0,17774.76,3287.0,3449.0,7557.10895589446,6947.0,2675.0,both,3554.9519999999998,62.27089381621324,24.478921545966983,5.229982351576279,-4.730855405160286,8.462469948707739,1.777371215978502,4272.0,0.23005939870889572
231,1630241.0,Sam Merrill,52,2025-10-22 19:00:00,2026-04-08 19:00:00,1,1366.25,663.0,125.0,28.0,105.0,133.0,484.0,223.0,375.0,158.0,69.0,59.0,33.0,7.0,42.0,127.0,242.0,0.4607438016528926,0.42133333333333334,0.855072463768116,Cleveland,Cavaliers,Cleveland Cavaliers,2026-04-08 19:00:00,2025-26,26.27403846153846,12.75,2.5576923076923075,2.4038461538461537,0.6346153846153846,0.1346153846153846,0.8076923076923077,2.4423076923076925,7.549068948163059,0.6444902402986236,493.10000000000014,12.99293687099726,52,1366.25,2849.0669284954392,493.1000000000001,663.0,125.0,133.0,484.0,69.0,33.0,7.0,42.0,242.0,12417.710000000001,2273.0,2240.0,5188.653284730444,4642.0,1990.0,both,2483.5420000000004,54.78974862491229,23.270776595975686,4.387401318999941,8.494008953583885,5.3570739486152545,1.1561138993052662,2652.0,0.4798061985016401
232,1630245.0,Ayo Dosunmu,69,2025-10-22 20:00:00,2026-04-10 21:30:00,2,1867.45,1022.0,249.0,47.0,190.0,237.0,747.0,386.0,280.0,123.0,145.0,127.0,58.0,18.0,96.0,130.0,-67.0,0.5167336010709505,0.4392857142857143,0.8758620689655172,Minnesota,Timberwolves,Minnesota Timberwolves,2026-04-10 21:30:00,2025-26,27.06449275362319,14.81159420289855,3.4347826086956523,3.608695652173913,0.8405797101449275,0.2608695652173913,1.391304347826087,1.8840579710144927,10.586678429642701,0.6302417365564874,833.1,16.060189027818684,69,1867.45,3947.080132071163,833.0999999999999,1022.0,249.0,237.0,747.0,145.0,58.0,18.0,96.0,-67.0,16463.33,3074.0,3120.0,6960.013154781085,6345.0,2486.0,both,3292.666,57.20405988508932,25.892557683234134,6.308460727128473,-1.6974573040867782,6.7464583187462,1.4693208103263526,3859.0,0.8224252264405213
233,1630249.0,Vit Krejci,65,2025-10-24 19:00:00,2026-04-12 20:30:00,2,1381.28,550.0,100.0,31.0,117.0,148.0,429.0,192.0,328.0,128.0,51.0,38.0,47.0,18.0,41.0,138.0,-38.0,0.44755244755244755,0.3902439024390244,0.7450980392156863,Portland,Trail Blazers,Portland Trail Blazers,2026-04-12 20:30:00,2025-26,21.250461538461536,8.461538461538462,2.276923076923077,1.5384615384615385,0.7230769230769231,0.27692307692307694,0.6307692307692307,2.123076923076923,8.325887417756478,0.6091617933723197,411.50000000000006,10.724834935711804,65,1381.28,2921.243732324652,411.5,550.0,100.0,148.0,429.0,51.0,47.0,18.0,41.0,-38.0,15516.130000000001,2820.0,2958.0,6565.769313062752,5813.0,2362.0,both,3103.226,44.94221126653311,18.827597092089402,3.423199471288982,-1.300815799089813,5.754609516952126,1.608214301353101,3451.0,1.1718154710367712
234,1630256.0,Jae'Sean Tate,46,2025-10-27 20:00:00,2026-04-12 20:30:00,1,396.03000000000003,129.0,25.0,33.0,40.0,73.0,109.0,56.0,32.0,10.0,11.0,7.0,10.0,3.0,16.0,48.0,-37.0,0.5137614678899083,0.3125,0.6363636363636364,Houston,Rockets,Houston Rockets,2026-04-12 20:30:00,2025-26,8.609347826086957,2.8043478260869565,1.5869565217391304,0.5434782608695652,0.21739130434782608,0.06521739130434782,0.34782608695652173,1.0434782608695652,12.322858903265557,0.5665846802529866,103.00000000000001,9.362927050980987,46,396.03,794.5820969193018,102.99999999999999,129.0,25.0,73.0,109.0,11.0,10.0,3.0,16.0,-37.0,10965.53,2219.0,1802.0,4411.763258170969,4059.0,1607.0,both,2193.106,17.27352384607178,16.234949226788494,3.1463079896876933,-4.6565358247377855,10.053570420569892,1.255218518269751,2452.0,0.6775359224973442
235,1630264.0,Anthony Gill,55,2025-10-22 20:00:00,2026-04-12 18:00:00,1,939.77,321.0,69.0,58.0,100.0,158.0,215.0,135.0,48.0,17.0,46.0,34.0,31.0,21.0,36.0,88.0,-293.0,0.627906976744186,0.3541666666666667,0.7391304347826086,Washington,Wizards,Washington Wizards,2026-04-12 18:00:00,2025-26,17.086727272727273,5.836363636363636,2.8727272727272726,1.2545454545454546,0.5636363636363636,0.38181818181818183,0.6545454545454545,1.6,13.272378705205721,0.6822819248427138,313.09999999999997,11.993998531555592,55,939.7699999999999,1996.4303668734683,313.1,321.0,69.0,158.0,215.0,46.0,31.0,21.0,36.0,-293.0,13109.44,2208.0,2662.0,5565.827464967978,5040.0,2041.0,both,2621.888,36.29873394315397,16.07869752565954,3.456168627010929,-14.676194314698582,9.051502684293041,1.5539051753346853,2999.0,1.9535988357356446
236,1630286.0,Trevon Scott,6,2026-04-03 19:30:00,2026-04-12 18:00:00,1,181.34,48.0,10.0,10.0,21.0,31.0,50.0,19.0,19.0,6.0,6.0,4.0,8.0,5.0,4.0,12.0,-65.0,0.38,0.3157894736842105,0.6666666666666666,Brooklyn,Nets,Brooklyn Nets,2026-04-12 18:00:00,2025-26,30.223333333333333,8.0,5.166666666666667,1.6666666666666667,1.3333333333333333,0.8333333333333334,0.6666666666666666,2.0,7.062146892655367,0.45592705167173253,42.8,8.496746443145472,6,181.33999999999997,367.51796722564774,42.8,48.0,10.0,31.0,50.0,6.0,8.0,5.0,4.0,-65.0,1430.4000000000003,218.0,279.0,586.1705513502985,509.0,215.0,both,286.08000000000004,61.252994537607954,13.060585952394835,2.720955406748924,-17.686210143868006,9.840092723540984,2.153078561304918,294.0,2.682974590520007
237,1630311.0,Pat Spencer,66,2025-10-24 22:00:00,2026-04-12 20:30:00,1,1218.18,476.0,232.0,51.0,107.0,158.0,436.0,186.0,168.0,60.0,57.0,44.0,48.0,5.0,85.0,75.0,-95.0,0.42660550458715596,0.35714285714285715,0.7719298245614035,Golden State,Warriors,Golden State Warriors,2026-04-12 20:30:00,2025-26,18.457272727272727,7.212121212121212,2.393939393939394,3.515151515151515,0.7272727272727273,0.07575757575757576,1.2878787878787878,1.1363636363636365,15.565484910635806,0.5161794048755097,406.70000000000005,12.018913461064868,66,1218.18,2494.1097691784803,406.7,476.0,232.0,158.0,436.0,57.0,48.0,5.0,85.0,-95.0,15768.4,2800.0,2908.0,6497.839779605569,5816.0,2376.0,both,3153.68,37.7895419572497,19.08496594184733,9.301916173337354,-3.8089742951165886,7.1660408810261975,1.9123985148065898,3440.0,0.376285705667662
238,1630314.0,Brandon Williams,66,2025-10-22 21:30:00,2026-04-05 19:30:00,1,1449.6,859.0,256.0,30.0,161.0,191.0,617.0,291.0,155.0,36.0,304.0,241.0,62.0,20.0,125.0,103.0,-143.0,0.47163695299837927,0.23225806451612904,0.7927631578947368,Dallas,Mavericks,Dallas Mavericks,2026-04-05 19:30:00,2025-26,21.96363636363636,13.015151515151516,2.893939393939394,3.878787878787879,0.9393939393939394,0.30303030303030304,1.893939393939394,1.5606060606060606,14.273316890472275,0.5720869518887527,676.5999999999999,16.80298013245033,66,1449.5999999999997,3081.200511632574,676.5999999999999,859.0,256.0,191.0,617.0,304.0,62.0,20.0,125.0,-143.0,15797.300000000001,2958.0,3078.0,6722.335593967008,6159.0,2391.0,both,3159.46,46.68485623685718,27.87874391027083,8.308449873142413,-4.641048171325645,6.8968188203377245,2.0101857080907677,3768.0,1.1568679316470054
239,1630322.0,Lindy Waters III,40,2025-11-05 22:00:00,2026-04-06 20:00:00,1,276.01,95.0,19.0,3.0,26.0,29.0,88.0,33.0,79.0,27.0,3.0,2.0,6.0,1.0,7.0,24.0,-5.0,0.375,0.34177215189873417,0.6666666666666666,San Antonio,Spurs,San Antonio Spurs,2026-04-06 20:00:00,2025-26,6.90025,2.375,0.725,0.475,0.15,0.025,0.175,0.6,7.267441860465117,0.5317957904164801,59.5,7.760588384478823,40,276.01,575.2400365168837,59.49999999999999,95.0,19.0,29.0,88.0,3.0,6.0,1.0,7.0,-5.0,9507.23,1847.0,1709.0,3948.8992039839704,3593.0,1481.0,both,1901.446,14.381000912922094,16.514844928950225,3.3029689857900455,-0.8692023646815908,5.618177093647142,1.046729299850776,2112.0,0.32618596109275794
240,1630526.0,Jeremiah Robinson-Earl,22,2025-11-01 19:00:00,2026-01-24 20:30:00,2,356.77,101.0,15.0,36.0,67.0,103.0,100.0,37.0,41.0,10.0,18.0,17.0,9.0,1.0,12.0,26.0,-86.0,0.37,0.24390243902439024,0.9444444444444444,Dallas,Mavericks,Dallas Mavericks,2026-01-24 20:30:00,2025-26,16.21681818181818,4.590909090909091,4.681818181818182,0.6818181818181818,0.4090909090909091,0.045454545454545456,0.5454545454545454,1.1818181818181819,10.00667111407605,0.467939214232765,88.49999999999999,8.930123048462594,22,356.77,754.4188052137022,88.49999999999999,101.0,15.0,103.0,100.0,18.0,9.0,1.0,12.0,-86.0,5230.81,966.0,1005.0,2215.075056965031,1985.0,787.0,both,1046.162,34.2917638733501,13.387789289185337,1.9882855379978221,-11.399503751187513,15.323614332307628,1.1914194215750562,1198.0,0.2447675239394001
241,1630529.0,Herbert Jones,56,2025-10-22 20:00:00,2026-04-05 19:00:00,1,1577.85,496.0,155.0,47.0,143.0,190.0,478.0,183.0,259.0,80.0,62.0,50.0,88.0,27.0,73.0,177.0,-49.0,0.38284518828451886,0.3088803088803089,0.8064516129032258,New Orleans,Pelicans,New Orleans Pelicans,2026-04-05 19:00:00,2025-26,28.175892857142856,8.857142857142858,3.392857142857143,2.767857142857143,1.5714285714285714,0.48214285714285715,1.3035714285714286,3.1607142857142856,12.623642526111919,0.49081697276757447,377.2,8.606141268181386,56,1577.85,3268.3743803046164,377.19999999999993,496.0,155.0,190.0,478.0,62.0,88.0,27.0,73.0,-49.0,13399.060000000001,2448.0,2595.0,5568.204105609672,5100.0,2237.0,both,2679.8120000000004,58.36382821972529,15.175740055635004,4.742418767385939,-1.4992162554962,6.398869396794062,2.6841460271355166,2863.0,1.6016994612513122
242,1630530.0,Trey Murphy III,66,2025-10-22 20:00:00,2026-04-03 22:00:00,1,2326.38,1420.0,250.0,63.0,314.0,377.0,1050.0,494.0,565.0,214.0,246.0,218.0,99.0,24.0,120.0,138.0,-169.0,0.4704761904761905,0.3787610619469027,0.8861788617886179,New Orleans,Pelicans,New Orleans Pelicans,2026-04-03 22:00:00,2025-26,35.24818181818182,21.515151515151516,5.712121212121212,3.787878787878788,1.5,0.36363636363636365,1.8181818181818181,2.090909090909091,9.38790837401427,0.6129990330156099,1125.2999999999997,17.413664147731662,66,2326.3799999999997,4829.857967989656,1125.3000000000002,1420.0,250.0,377.0,1050.0,246.0,99.0,24.0,120.0,-169.0,15829.5,2877.0,3008.0,6582.287082002016,6018.0,2673.0,both,3165.9,73.17966618166145,29.400450477243545,5.176135647402033,-3.4990676976437736,8.717890711333977,2.04679766135253,3345.0,0.9764087371141147
243,1630532.0,Franz Wagner,35,2025-10-22 19:00:00,2026-04-12 18:00:00,1,1012.2,699.0,113.0,43.0,134.0,177.0,507.0,244.0,139.0,48.0,198.0,163.0,32.0,11.0,58.0,72.0,80.0,0.4812623274161736,0.34532374100719426,0.8232323232323232,Orlando,Magic,Orlando Magic,2026-04-12 18:00:00,2025-26,28.92,19.97142857142857,5.057142857142857,3.2285714285714286,0.9142857142857143,0.3142857142857143,1.6571428571428573,2.057142857142857,8.894068576335643,0.588264996970309,530.0000000000001,18.850029638411385,35,1012.2,2141.2845862551158,530.0,699.0,113.0,177.0,507.0,198.0,32.0,11.0,58.0,80.0,8105.419999999999,1532.0,1440.0,3432.143099383847,2966.0,1151.0,both,1621.0839999999998,61.17955960728902,32.643956085373894,5.277206062442417,3.7360750884548084,9.538139010930708,1.4932199296398985,1815.0,0.9706334237454569
244,1630533.0,Ziaire Williams,57,2025-10-22 19:00:00,2026-04-10 20:00:00,1,1269.16,573.0,60.0,30.0,104.0,134.0,433.0,184.0,251.0,86.0,140.0,119.0,76.0,21.0,59.0,116.0,-282.0,0.42494226327944573,0.3426294820717131,0.85,Brooklyn,Nets,Brooklyn Nets,2026-04-10 20:00:00,2025-26,22.265964912280705,10.052631578947368,2.3508771929824563,1.0526315789473684,1.3333333333333333,0.3684210526315789,1.0350877192982457,2.0350877192982457,10.657514450867051,0.5792559644156894,414.60000000000014,11.760219357685402,57,1269.16,2585.54186096061,414.6,573.0,60.0,134.0,433.0,140.0,76.0,21.0,59.0,-282.0,13389.090000000002,2190.0,2445.0,5458.930313475967,4746.0,1840.0,both,2677.818,45.360383525624734,22.161698816476036,2.3205967347095324,-10.906804653134804,6.09985821470889,2.937451619835794,2906.0,1.524713920064226
245,1630534.0,Ochai Agbaji,62,2025-10-22 19:30:00,2026-04-05 15:30:00,2,960.73,314.0,47.0,46.0,95.0,141.0,280.0,122.0,128.0,34.0,43.0,36.0,24.0,17.0,31.0,93.0,-62.0,0.4357142857142857,0.265625,0.8372093023255814,Brooklyn,Nets,Brooklyn Nets,2026-04-05 15:30:00,2025-26,15.495645161290323,5.064516129032258,2.274193548387097,0.7580645161290323,0.3870967741935484,0.27419354838709675,0.5,1.5,9.396217264791463,0.5252241402381908,225.29999999999995,8.44233031132576,62,960.7300000000001,1958.0217488432868,225.29999999999998,314.0,47.0,141.0,280.0,43.0,24.0,17.0,31.0,-62.0,14841.300000000001,2585.0,2742.0,6080.528223425877,5288.0,2198.0,both,2968.26,31.58099594908527,16.036594087144202,2.4003819175024756,-3.1664612528756066,8.177809756394744,1.2194683141348626,3090.0,1.6997734024865194
246,1630536.0,Sharife Cooper,41,2025-10-22 20:00:00,2026-04-12 18:00:00,1,692.0,333.0,124.0,18.0,68.0,86.0,247.0,127.0,76.0,29.0,60.0,50.0,16.0,5.0,61.0,61.0,-184.0,0.5141700404858299,0.3815789473684211,0.8333333333333334,Washington,Wizards,Washington Wizards,2026-04-12 18:00:00,2025-26,16.878048780487806,8.121951219512194,2.097560975609756,3.024390243902439,0.3902439024390244,0.12195121951219512,1.4878048780487805,1.4878048780487805,18.241626794258373,0.6089978054133138,260.80000000000007,13.567630057803472,41,691.9999999999999,1478.77342645377,260.79999999999995,333.0,124.0,86.0,247.0,60.0,16.0,5.0,61.0,-184.0,9783.04,1614.0,1961.0,4169.917834762724,3705.0,1474.0,both,1956.6080000000002,36.067644547652925,22.518662699975856,8.385327852243261,-12.442744554941614,6.801741703383324,1.0849012647764555,2231.0,0.6336773214012744
247,1630538.0,Bones Hyland,71,2025-10-22 22:00:00,2026-04-08 19:00:00,1,1161.75,604.0,188.0,23.0,104.0,127.0,468.0,212.0,299.0,116.0,82.0,64.0,44.0,17.0,70.0,120.0,124.0,0.452991452991453,0.3879598662207358,0.7804878048780488,Minnesota,Timberwolves,Minnesota Timberwolves,2026-04-08 19:00:00,2025-26,16.362676056338028,8.507042253521126,1.7887323943661972,2.647887323943662,0.6197183098591549,0.23943661971830985,0.9859154929577465,1.6901408450704225,12.193422519509477,0.5991112521821933,470.79999999999995,14.589025177533893,71,1161.7499999999998,2436.9036279056745,470.8,604.0,188.0,127.0,468.0,82.0,44.0,17.0,70.0,124.0,16933.71,3163.0,3103.0,7111.368495839819,6355.0,2461.0,both,3386.7419999999997,34.322586308530624,24.78555134817088,7.714708035523386,5.0884244489622334,5.9085751399593285,1.8037191887296231,3894.0,1.2726893404728203
248,1630540.0,Miles McBride,41,2025-10-22 19:00:00,2026-04-12 18:00:00,1,1072.04,491.0,106.0,24.0,76.0,100.0,404.0,171.0,271.0,112.0,47.0,37.0,35.0,9.0,33.0,70.0,224.0,0.42326732673267325,0.4132841328413284,0.7872340425531915,New York,Knicks,New York Knicks,2026-04-12 18:00:00,2025-26,26.14731707317073,11.975609756097562,2.4390243902439024,2.5853658536585367,0.8536585365853658,0.21951219512195122,0.8048780487804879,1.7073170731707317,7.210277923439958,0.5780823208062541,366.70000000000005,12.314092757732922,41,1072.04,2166.300442227815,366.69999999999993,491.0,106.0,100.0,404.0,47.0,35.0,9.0,33.0,224.0,9746.9,1867.0,1702.0,3940.4654713353007,3509.0,1596.0,both,1949.3799999999999,52.83659615189793,22.665369513337563,4.893134762553527,10.340209309547076,5.094938757078742,1.6151246076642398,1913.0,0.855486292818224
249,1630541.0,Moses Moody,60,2025-10-24 22:00:00,2026-03-23 21:30:00,1,1529.16,728.0,98.0,51.0,149.0,200.0,557.0,245.0,377.0,151.0,113.0,87.0,58.0,34.0,57.0,122.0,80.0,0.4398563734290844,0.4005305039787798,0.7699115044247787,Golden State,Warriors,Golden State Warriors,2026-03-23 21:30:00,2025-26,25.486,12.133333333333333,3.3333333333333335,1.6333333333333333,0.9666666666666667,0.5666666666666667,0.95,2.033333333333333,8.587958777797866,0.5999472573839663,550.7,12.964764969002589,60,1529.16,3190.1088159395226,550.7,728.0,98.0,200.0,557.0,113.0,58.0,34.0,57.0,80.0,14312.99,2577.0,2687.0,5967.389102162558,5326.0,2147.0,both,2862.598,53.16848026565871,22.820538169811485,3.0719955228592384,2.5077514472320312,7.112488044969123,1.8194958572406983,3179.0,2.002146367311094
250,1630543.0,Isaiah Jackson,55,2025-10-23 19:30:00,2026-03-27 19:00:00,2,896.6,370.0,52.0,113.0,177.0,290.0,237.0,151.0,3.0,0.0,105.0,68.0,36.0,49.0,58.0,147.0,-50.0,0.6371308016877637,0.0,0.6476190476190476,LA,Clippers,LA Clippers,2026-03-27 19:00:00,2025-26,16.30181818181818,6.7272727272727275,5.2727272727272725,0.9454545454545454,0.6545454545454545,0.8909090909090909,1.0545454545454545,2.672727272727273,16.998827667057444,0.6532485875706215,371.79999999999995,14.928396163283514,55,896.6,1867.746063335238,371.80000000000007,370.0,52.0,290.0,237.0,105.0,36.0,49.0,58.0,-50.0,13151.420000000002,2347.0,2535.0,5481.042858616424,4863.0,1860.0,both,2630.2840000000006,33.95901933336796,19.809973489612943,2.784104382323981,-2.6770234445422894,17.426257673510648,1.9268291653785365,3003.0,4.786793101314628
251,1630544.0,Tre Mann,53,2025-10-22 19:00:00,2026-04-12 18:00:00,1,658.28,291.0,86.0,20.0,72.0,92.0,303.0,109.0,155.0,50.0,27.0,23.0,25.0,5.0,54.0,69.0,-153.0,0.35973597359735976,0.3225806451612903,0.8518518518518519,Charlotte,Hornets,Charlotte Hornets,2026-04-12 18:00:00,2025-26,12.420377358490565,5.490566037735849,1.7358490566037736,1.6226415094339623,0.4716981132075472,0.09433962264150944,1.0188679245283019,1.3018867924528301,14.638906961613532,0.46208079268292684,163.60000000000002,8.946952664519658,53,658.2800000000001,1346.320249423293,163.59999999999997,291.0,86.0,92.0,303.0,27.0,25.0,5.0,54.0,-153.0,12652.93,2470.0,2046.0,5113.069570591444,4650.0,1857.0,both,2530.5860000000002,25.402268857043264,21.61447100900786,6.387781810222254,-11.364309499581452,7.831488863292603,1.8796143296386867,2793.0,0.6881918247993701
252,1630545.0,Terrence Shannon Jr.,43,2025-10-22 22:00:00,2026-04-12 20:30:00,1,529.82,241.0,38.0,10.0,39.0,49.0,171.0,77.0,76.0,31.0,70.0,56.0,14.0,1.0,24.0,50.0,-82.0,0.4502923976608187,0.40789473684210525,0.8,Minnesota,Timberwolves,Minnesota Timberwolves,2026-04-12 20:30:00,2025-26,12.32139534883721,5.604651162790698,1.1395348837209303,0.8837209302325582,0.32558139534883723,0.023255813953488372,0.5581395348837209,1.1627906976744187,10.628875110717448,0.5971258671952427,162.5,11.041485787625986,43,529.8199999999999,1112.692462695145,162.49999999999997,241.0,38.0,49.0,171.0,70.0,14.0,1.0,24.0,-82.0,10331.68,1835.0,1929.0,4298.01176074793,3849.0,1398.0,both,2066.3360000000002,25.876568899887094,21.65917430736017,3.415139517343098,-7.369511590056158,5.077139064854341,1.2703781923831554,2451.0,0.15912165330362235
253,1630548.0,Johnny Juzang,21,2025-10-24 22:00:00,2026-02-06 20:00:00,1,83.01,43.0,6.0,5.0,12.0,17.0,38.0,16.0,24.0,6.0,8.0,5.0,2.0,1.0,5.0,3.0,-5.0,0.42105263157894735,0.25,0.625,Minnesota,Timberwolves,Minnesota Timberwolves,2026-02-06 20:00:00,2025-26,3.9528571428571433,2.0476190476190474,0.8095238095238095,0.2857142857142857,0.09523809523809523,0.047619047619047616,0.23809523809523808,0.14285714285714285,10.748065348237317,0.5178227360308285,29.400000000000006,12.75027105168052,21,83.00999999999999,175.84937413701508,29.400000000000002,43.0,6.0,17.0,38.0,8.0,2.0,1.0,5.0,-5.0,5009.43,960.0,859.0,2123.392532340952,1885.0,740.0,both,1001.8860000000001,8.373779720810242,24.452745544886646,3.4120110062632527,-2.8433425052193773,11.27987057071156,1.1368092641218144,1145.0,1.0541014419791588
254,1630549.0,Day'Ron Sharpe,63,2025-10-22 19:00:00,2026-04-10 20:00:00,1,1147.58,540.0,145.0,171.0,242.0,413.0,356.0,214.0,39.0,9.0,152.0,103.0,67.0,26.0,106.0,147.0,-114.0,0.601123595505618,0.23076923076923078,0.6776315789473685,Brooklyn,Nets,Brooklyn Nets,2026-04-10 20:00:00,2025-26,18.215555555555554,8.571428571428571,6.555555555555555,2.3015873015873014,1.0634920634920635,0.4126984126984127,1.6825396825396826,2.3333333333333335,20.04235365300257,0.6384790011350738,571.0000000000001,17.912476690078257,63,1147.5800000000002,2310.248806971311,571.0000000000001,540.0,145.0,413.0,356.0,152.0,67.0,26.0,106.0,-114.0,14818.31,2513.0,2653.0,5982.236711695556,5304.0,2034.0,both,2963.662,36.6706159836716,23.374105783347595,6.276380256639633,-4.9345334431511585,20.646258031098405,2.8923903901260783,3270.0,2.053389307524575
255,1630551.0,Justin Champagnie,69,2025-10-22 20:00:00,2026-04-12 18:00:00,1,1364.08,597.0,84.0,145.0,239.0,384.0,462.0,232.0,166.0,53.0,102.0,80.0,59.0,43.0,45.0,114.0,-294.0,0.5021645021645021,0.3192771084337349,0.7843137254901961,Washington,Wizards,Washington Wizards,2026-04-12 18:00:00,2025-26,19.76927536231884,8.652173913043478,5.565217391304348,1.2173913043478262,0.855072463768116,0.6231884057971014,0.6521739130434783,1.6521739130434783,8.153946510110893,0.5888967803030303,588.0999999999999,15.520790569468065,69,1364.08,2885.040437264222,588.0999999999999,597.0,84.0,384.0,462.0,102.0,59.0,43.0,45.0,-294.0,16482.679999999997,2913.0,3332.0,6999.646995650313,6378.0,2609.0,both,3296.535999999999,41.81218025020612,20.692950860893763,2.9115709754021375,-10.19049841390748,14.859929982576167,2.0370132538515886,3769.0,2.757149399895454
256,1630552.0,Jalen Johnson,72,2025-10-22 19:30:00,2026-04-10 19:00:00,1,2516.55,1621.0,566.0,101.0,639.0,740.0,1228.0,600.0,341.0,120.0,382.0,301.0,89.0,31.0,244.0,151.0,187.0,0.48859934853420195,0.3519061583577713,0.7879581151832461,Atlanta,Hawks,Atlanta Hawks,2026-04-10 19:00:00,2025-26,34.952083333333334,22.51388888888889,10.277777777777779,7.861111111111111,1.2361111111111112,0.4305555555555556,3.388888888888889,2.0972222222222223,14.877323057411834,0.5805541229728955,1433.9,20.51236812302557,72,2516.55,5325.684276610884,1433.9,1621.0,566.0,740.0,1228.0,382.0,89.0,31.0,244.0,187.0,17211.52,3131.0,3258.0,7291.951457070988,6427.0,2614.0,both,3442.304,73.96783717515116,30.437403267013774,10.62774228817384,3.5112858796616755,15.843184855962402,1.6695133481809903,3813.0,1.112086443031683
257,1630557.0,Corey Kispert,58,2025-10-22 20:00:00,2026-04-12 18:00:00,2,1067.35,532.0,92.0,27.0,105.0,132.0,394.0,184.0,237.0,87.0,97.0,77.0,16.0,9.0,45.0,60.0,-151.0,0.467005076142132,0.3670886075949367,0.7938144329896907,Atlanta,Hawks,Atlanta Hawks,2026-04-12 18:00:00,2025-26,18.40258620689655,9.172413793103448,2.2758620689655173,1.5862068965517242,0.27586206896551724,0.15517241379310345,0.7758620689655172,1.0344827586206897,9.342301943198803,0.6091417055967756,389.90000000000003,13.150700332599431,58,1067.35,2261.8620739073285,389.9,532.0,92.0,132.0,394.0,97.0,16.0,9.0,45.0,-151.0,13866.310000000001,2569.0,2693.0,5861.074917296572,5276.0,2139.0,both,2773.262,38.99762196391946,23.52044389165512,4.067445184271186,-6.6759154654885755,6.517891607957753,0.7092947681673938,3137.0,0.7454388741648149
258,1630558.0,Davion Mitchell,70,2025-10-22 19:00:00,2026-04-12 18:00:00,1,1987.38,654.0,453.0,32.0,154.0,186.0,533.0,261.0,228.0,90.0,65.0,42.0,68.0,11.0,108.0,181.0,202.0,0.4896810506566604,0.39473684210526316,0.6461538461538462,Miami,Heat,Miami Heat,2026-04-12 18:00:00,2025-26,28.39114285714286,9.342857142857143,2.657142857142857,6.4714285714285715,0.9714285714285714,0.15714285714285714,1.542857142857143,2.585714285714286,16.129032258064516,0.5822649572649572,657.1,11.902907345349153,70,1987.3799999999999,4283.9951204779845,657.0999999999998,654.0,453.0,186.0,533.0,65.0,68.0,11.0,108.0,202.0,16675.09,3212.0,3277.0,7205.047017995077,6525.0,2752.0,both,3335.018,61.19993029254264,15.266123830856051,10.574241736051668,4.715224791793459,4.8100815265918335,1.583759966004118,3773.0,0.48924134026230304
259,1630559.0,Austin Reaves,52,2025-10-21 22:00:00,2026-04-05 19:30:00,1,1751.41,1187.0,280.0,33.0,207.0,240.0,762.0,373.0,328.0,118.0,371.0,323.0,56.0,20.0,151.0,110.0,182.0,0.489501312335958,0.3597560975609756,0.8706199460916442,Los Angeles,Lakers,Los Angeles Lakers,2026-04-05 19:30:00,2025-26,33.68096153846154,22.826923076923077,4.615384615384615,5.384615384615385,1.0769230769230769,0.38461538461538464,2.9038461538461537,2.1153846153846154,14.030327807923882,0.6414551900047555,939.8000000000002,19.317464214547137,52,1751.4099999999999,3601.8456015602264,939.8,1187.0,280.0,240.0,762.0,371.0,56.0,20.0,151.0,182.0,12151.900000000001,2073.0,2080.0,4996.47353170797,4511.0,1839.0,both,2430.38,69.2662615684659,32.95532711024099,7.773792410166366,5.052965066608139,8.019285367561436,1.5552879008293068,2672.0,1.0386755280527271
260,1630560.0,Cam Thomas,42,2025-10-22 19:00:00,2026-03-21 22:00:00,2,872.33,567.0,108.0,11.0,60.0,71.0,461.0,189.0,168.0,52.0,169.0,137.0,9.0,4.0,74.0,43.0,-213.0,0.40997830802603036,0.30952380952380953,0.8106508875739645,Milwaukee,Bucks,Milwaukee Bucks,2026-03-21 22:00:00,2025-26,20.769761904761907,13.5,1.6904761904761905,2.5714285714285716,0.21428571428571427,0.09523809523809523,1.7619047619047619,1.0238095238095237,12.143888670080084,0.5295502092050209,329.0,13.577430559535955,42,872.3299999999999,1753.9917496896376,329.0,567.0,108.0,71.0,461.0,169.0,9.0,4.0,74.0,-213.0,10060.65,1711.0,1861.0,4043.089407249993,3675.0,1583.0,both,2012.1299999999999,41.76170832594375,32.326263798009805,6.1573835805732955,-12.143728728352889,4.584818272988603,0.5134573700899303,2092.0,0.44103549056406127
261,1630567.0,Scottie Barnes,80,2025-10-22 19:30:00,2026-04-12 18:00:00,1,2664.07,1448.0,474.0,149.0,451.0,600.0,1123.0,569.0,224.0,68.0,297.0,242.0,114.0,116.0,210.0,211.0,266.0,0.5066785396260017,0.30357142857142855,0.8148148148148148,Toronto,Raptors,Toronto Raptors,2026-04-12 18:00:00,2025-26,33.300875000000005,18.1,7.5,5.925,1.425,1.45,2.625,2.6375,14.34739833843463,0.5774998404696573,1339.6999999999998,18.10357835942749,80,2664.0699999999997,5465.202093733698,1339.6999999999998,1448.0,474.0,600.0,1123.0,297.0,114.0,116.0,210.0,266.0,19119.71,3376.0,3431.0,7850.866658999808,6875.0,2885.0,both,3823.942,68.31502617167124,26.49490311914084,8.673055302812678,4.867157617190236,12.65205771113893,2.0842648984223064,3990.0,4.1730228042639235
262,1630568.0,Luka Garza,69,2025-10-22 19:30:00,2026-04-12 18:00:00,1,1105.55,557.0,66.0,156.0,125.0,281.0,357.0,206.0,127.0,55.0,117.0,90.0,27.0,28.0,46.0,161.0,124.0,0.5770308123249299,0.4330708661417323,0.7692307692307693,Boston,Celtics,Boston Celtics,2026-04-12 18:00:00,2025-26,16.02246376811594,8.072463768115941,4.072463768115942,0.9565217391304348,0.391304347826087,0.4057971014492754,0.6666666666666666,2.3333333333333335,10.121457489878543,0.6817959263611437,507.80000000000007,16.535480077789337,69,1105.5500000000002,2194.394875223721,507.79999999999995,557.0,66.0,281.0,357.0,117.0,27.0,28.0,46.0,124.0,16461.690000000002,3250.0,2854.0,6526.463134254925,5974.0,2718.0,both,3292.3380000000006,31.802824278604653,25.382851841704795,3.0076628753187014,5.650760553629075,13.709380195585327,1.2320033839237408,3256.0,2.560941517207629
263,1630570.0,Trendon Watford,53,2025-10-28 19:00:00,2026-04-12 18:00:00,1,853.8199999999999,346.0,132.0,38.0,137.0,175.0,268.0,138.0,50.0,10.0,77.0,60.0,16.0,22.0,64.0,107.0,-156.0,0.5149253731343284,0.2,0.7792207792207793,Philadelphia,76ers,Philadelphia 76ers,2026-04-12 18:00:00,2025-26,16.109811320754716,6.528301886792453,3.30188679245283,2.490566037735849,0.3018867924528302,0.41509433962264153,1.2075471698113207,2.018867924528302,17.492073904012244,0.5730753941963694,291.49999999999994,12.29064674053079,53,853.8199999999999,1781.0994826192891,291.5,346.0,132.0,175.0,268.0,77.0,16.0,22.0,64.0,-156.0,12710.449999999999,2280.0,2356.0,5290.389805923019,4771.0,2054.0,both,2542.0899999999997,33.60565061545829,19.426202936804607,7.411152565486151,-8.758634850119996,11.238781296718807,0.9004444144924045,2717.0,2.4107803396917706
264,1630572.0,Sandro Mamukelashvili,80,2025-10-22 19:30:00,2026-04-12 18:00:00,1,1734.85,893.0,151.0,108.0,287.0,395.0,631.0,330.0,296.0,115.0,158.0,118.0,64.0,41.0,67.0,147.0,184.0,0.5229793977812995,0.3885135135135135,0.7468354430379747,Toronto,Raptors,Toronto Raptors,2026-04-12 18:00:00,2025-26,21.685624999999998,11.1625,4.9375,1.8875,0.8,0.5125,0.8375,1.8375,8.729414217219096,0.6373836578541655,801.6000000000001,16.634060581606484,80,1734.85,3558.3102526066205,801.5999999999999,893.0,151.0,395.0,631.0,158.0,64.0,41.0,67.0,184.0,19118.91,3353.0,3435.0,7843.10534510268,6880.0,2862.0,both,3823.782,44.478878157582756,25.096181518905997,4.243587244518259,5.170993728419601,12.825858846470675,1.798552501143251,4018.0,2.249081112111675
265,1630573.0,Sam Hauser,78,2025-10-22 19:30:00,2026-04-10 19:30:00,1,1920.52,719.0,114.0,56.0,244.0,300.0,601.0,252.0,504.0,198.0,20.0,17.0,38.0,23.0,35.0,113.0,369.0,0.4193011647254576,0.39285714285714285,0.85,Boston,Celtics,Boston Celtics,2026-04-10 19:30:00,2025-26,24.62205128205128,9.217948717948717,3.8461538461538463,1.4615384615384615,0.48717948717948717,0.2948717948717949,0.44871794871794873,1.4487179487179487,5.428039702233251,0.5895375532961628,563.9999999999999,10.572136712973569,78,1920.52,3789.5295511354616,564.0,719.0,114.0,300.0,601.0,20.0,38.0,23.0,35.0,369.0,18603.730000000003,3603.0,3192.0,7359.387147933871,6764.0,3056.0,both,3720.7460000000005,48.58371219404438,18.973331393723136,3.008288983149426,9.737356445457355,8.553482732716478,1.000352670686163,3708.0,1.2017089615988803
266,1630574.0,Ariel Hukporti,54,2025-10-22 19:00:00,2026-04-12 18:00:00,1,487.2,117.0,29.0,56.0,103.0,159.0,80.0,45.0,4.0,1.0,33.0,26.0,9.0,26.0,32.0,67.0,35.0,0.5625,0.25,0.7878787878787878,New York,Knicks,New York Knicks,2026-04-12 18:00:00,2025-26,9.022222222222222,2.1666666666666665,2.9444444444444446,0.5370370370370371,0.16666666666666666,0.48148148148148145,0.5925925925925926,1.2407407407407407,25.29244388239014,0.6189166314007618,135.0,9.975369458128078,54,487.19999999999993,993.9129323136733,135.0,117.0,29.0,159.0,80.0,33.0,9.0,26.0,32.0,35.0,12904.29,2521.0,2191.0,5248.972728139821,4614.0,2069.0,both,2580.858,18.405795042845803,11.771654859912363,2.9177606063030646,3.5214352145036987,17.87510794157251,0.9082910265521213,2545.0,5.411808143079738
267,1630577.0,Julian Champagnie,82,2025-10-22 21:30:00,2026-04-12 20:30:00,1,2249.18,911.0,127.0,74.0,399.0,473.0,689.0,301.0,512.0,195.0,135.0,114.0,62.0,38.0,69.0,131.0,592.0,0.43686502177068215,0.380859375,0.8444444444444444,San Antonio,Spurs,San Antonio Spurs,2026-04-12 20:30:00,2025-26,27.4290243902439,11.109756097560975,5.7682926829268295,1.548780487804878,0.7560975609756098,0.4634146341463415,0.8414634146341463,1.5975609756097562,8.441399559579153,0.6086317477284875,768.3000000000001,12.297281675988584,82,2249.18,4684.148393519476,768.3,911.0,127.0,473.0,689.0,135.0,62.0,38.0,69.0,592.0,19547.659999999996,3856.0,3491.0,8152.389345903791,7469.0,3028.0,both,3909.5319999999992,57.12376089657897,19.448572578536783,2.7112719181933826,12.638369886381751,11.190555876260833,1.3219265827216116,4441.0,1.4873164543868118
268,1630578.0,Alperen Sengun,72,2025-10-21 19:30:00,2026-04-10 21:30:00,1,2382.63,1466.0,445.0,215.0,425.0,640.0,1123.0,583.0,131.0,40.0,376.0,260.0,85.0,77.0,227.0,238.0,205.0,0.5191451469278717,0.3053435114503817,0.6914893617021277,Houston,Rockets,Houston Rockets,2026-04-10 21:30:00,2025-26,33.092083333333335,20.36111111111111,8.88888888888889,6.180555555555555,1.1805555555555556,1.0694444444444444,3.1527777777777777,3.3055555555555554,14.97914797022647,0.5689050324423334,1272.9000000000003,19.232696641946088,72,2382.63,4768.918360956622,1272.9,1466.0,445.0,640.0,1123.0,376.0,85.0,77.0,227.0,205.0,17359.18,3444.0,2863.0,6951.89108468867,6328.0,2527.0,both,3471.8360000000002,66.23497723550864,30.74072334729437,9.331256404874484,4.298668680897234,14.786307694124801,1.7816342899354476,3801.0,2.9518579330550656
269,1630579.0,Jericho Sims,67,2025-10-22 20:00:00,2026-04-12 18:00:00,1,1303.51,334.0,104.0,147.0,223.0,370.0,185.0,145.0,0.0,0.0,71.0,44.0,19.0,17.0,75.0,146.0,-272.0,0.7837837837837838,,0.6197183098591549,Milwaukee,Bucks,Milwaukee Bucks,2026-04-12 18:00:00,2025-26,19.455373134328358,4.985074626865671,5.522388059701493,1.5522388059701493,0.2835820895522388,0.2537313432835821,1.1194029850746268,2.1791044776119404,25.751957148743305,0.7722900480947096,391.79999999999995,10.82063045162676,67,1303.51,2640.552785879783,391.79999999999995,334.0,104.0,370.0,185.0,71.0,19.0,17.0,75.0,-272.0,16001.46,2712.0,2959.0,6510.734267654824,5864.0,2686.0,both,3200.292,39.411235610146015,12.648866623157371,3.938569247929241,-10.300873417661093,16.018332910971772,0.7164714171806442,3178.0,1.3133191204293502
270,1630581.0,Josh Giddey,54,2025-10-22 20:00:00,2026-04-03 19:30:00,1,1720.02,919.0,494.0,67.0,381.0,448.0,717.0,321.0,283.0,103.0,228.0,174.0,55.0,27.0,196.0,90.0,-187.0,0.4476987447698745,0.36395759717314485,0.7631578947368421,Chicago,Bulls,Chicago Bulls,2026-04-03 19:30:00,2025-26,31.85222222222222,17.01851851851852,8.296296296296296,9.148148148148149,1.0185185185185186,0.5,3.6296296296296298,1.6666666666666667,19.342359767891683,0.5622032985856212,872.8000000000002,18.267694561691147,54,1720.02,3696.382529429396,872.8000000000001,919.0,494.0,448.0,717.0,228.0,55.0,27.0,196.0,-187.0,12918.319999999998,2456.0,2473.0,5546.496143415877,5103.0,2096.0,both,2583.6639999999998,68.45152832276659,24.86214542686588,13.364417672330516,-5.05900021199556,13.652800146612304,1.4895205910357718,3007.0,1.3487543959270674
271,1630583.0,Santi Aldama,43,2025-10-22 20:00:00,2026-02-04 22:00:00,1,1190.06,602.0,126.0,67.0,220.0,287.0,476.0,228.0,200.0,70.0,114.0,76.0,37.0,31.0,55.0,69.0,-48.0,0.4789915966386555,0.35,0.6666666666666666,Memphis,Grizzlies,Memphis Grizzlies,2026-02-04 22:00:00,2025-26,27.675813953488372,14.0,6.674418604651163,2.9302325581395348,0.8604651162790697,0.7209302325581395,1.2790697674418605,1.6046511627906976,9.463830958772112,0.5720693325224266,522.0000000000001,15.790800463842164,43,1190.0600000000002,2523.806676961719,522.0,602.0,126.0,287.0,476.0,114.0,37.0,31.0,55.0,-48.0,10278.089999999998,1993.0,1944.0,4358.3496198094745,3932.0,1719.0,both,2055.6179999999995,58.69317853399346,23.852857094613793,4.992458461663352,-1.901888937776515,12.591864331670777,1.466402567106617,2213.0,2.4196571511820766
272,1630587.0,Isaiah Livers,36,2025-10-25 21:00:00,2026-03-22 21:00:00,1,340.44,65.0,21.0,19.0,42.0,61.0,64.0,22.0,40.0,12.0,12.0,9.0,13.0,8.0,12.0,28.0,11.0,0.34375,0.3,0.75,Phoenix,Suns,Phoenix Suns,2026-03-22 21:00:00,2025-26,9.456666666666667,1.8055555555555556,1.6944444444444444,0.5833333333333334,0.3611111111111111,0.2222222222222222,0.3333333333333333,0.7777777777777778,14.763779527559056,0.4691108545034642,63.8,6.746563271060979,36,340.43999999999994,689.9740362653794,63.8,65.0,21.0,61.0,64.0,12.0,13.0,8.0,12.0,11.0,8633.880000000001,1609.0,1599.0,3498.387912492157,3104.0,1303.0,both,1726.7760000000003,19.165945451816093,9.420644340738578,3.043592787007848,1.5942628884326824,9.644748280866397,1.8848240322395335,1801.0,2.2530544950451494
273,1630590.0,Scotty Pippen Jr.,10,2026-02-06 22:00:00,2026-03-07 20:00:00,1,209.92000000000002,114.0,47.0,8.0,14.0,22.0,96.0,43.0,32.0,10.0,23.0,18.0,19.0,4.0,27.0,31.0,-50.0,0.4479166666666667,0.3125,0.782608695652174,Memphis,Grizzlies,Memphis Grizzlies,2026-03-07 20:00:00,2025-26,20.992,11.4,2.2,4.7,1.9,0.4,2.7,3.1,20.282451923076923,0.5371277798718431,87.09999999999998,14.937118902439021,10,209.92000000000002,442.2064759730772,87.1,114.0,47.0,22.0,96.0,23.0,19.0,4.0,27.0,-50.0,2379.21,359.0,455.0,1001.6614654569668,869.0,330.0,both,475.842,44.22064759730772,25.779812416618846,10.62851915422005,-11.306935270446864,6.1264265408701375,4.29973399871869,539.0,1.6822098850626723
274,1630591.0,Jalen Suggs,57,2025-10-22 19:00:00,2026-04-12 18:00:00,1,1562.15,786.0,312.0,36.0,184.0,220.0,649.0,282.0,360.0,122.0,117.0,100.0,105.0,40.0,152.0,145.0,181.0,0.4345146379044684,0.3388888888888889,0.8547008547008547,Orlando,Magic,Orlando Magic,2026-04-12 18:00:00,2025-26,27.406140350877195,13.789473684210526,3.8596491228070176,5.473684210526316,1.8421052631578947,0.7017543859649122,2.6666666666666665,2.543859649122807,17.83033033033033,0.5610438556418456,659.5,15.198284415709118,57,1562.1499999999999,3310.6845985833243,659.5,786.0,312.0,220.0,649.0,117.0,105.0,40.0,152.0,181.0,13578.23,2458.0,2437.0,5753.807983681517,4973.0,1965.0,both,2715.6459999999997,58.082185940058324,23.741313211664362,9.424032725240815,5.467147189963422,7.813046481962522,3.172373825343714,3008.0,2.3117059072296025
275,1630592.0,Jalen Wilson,54,2025-10-22 19:00:00,2026-04-12 18:00:00,1,848.34,343.0,50.0,17.0,97.0,114.0,278.0,110.0,152.0,54.0,96.0,69.0,22.0,2.0,38.0,85.0,-193.0,0.39568345323741005,0.35526315789473684,0.71875,Brooklyn,Nets,Brooklyn Nets,2026-04-12 18:00:00,2025-26,15.71,6.351851851851852,2.111111111111111,0.9259259259259259,0.4074074074074074,0.037037037037037035,0.7037037037037037,1.5740740740740742,10.60741402411791,0.5355358481139145,209.0,8.869085508168894,54,848.34,1722.208227354716,209.0,343.0,50.0,114.0,278.0,96.0,22.0,2.0,38.0,-193.0,12841.26,2100.0,2384.0,5194.216246358379,4572.0,1811.0,both,2568.252,31.89274495101326,19.916290873075347,2.903249398407485,-11.206542677852891,7.6967421520712636,1.2822430230794575,2761.0,0.21929628732208356
276,1630595.0,Cade Cunningham,64,2025-10-22 20:00:00,2026-04-12 18:00:00,1,2159.01,1531.0,634.0,56.0,299.0,355.0,1189.0,548.0,366.0,125.0,382.0,310.0,92.0,54.0,236.0,196.0,518.0,0.4608915054667788,0.34153005464480873,0.8115183246073299,Detroit,Pistons,Detroit Pistons,2026-04-12 18:00:00,2025-26,33.73453125,23.921875,5.546875,9.90625,1.4375,0.84375,3.6875,3.0625,14.814070856454165,0.5640787573319186,1277.2,21.296427529284255,64,2159.01,4471.816136524019,1277.2,1531.0,634.0,355.0,1189.0,382.0,92.0,54.0,236.0,518.0,15293.2,2957.0,2591.0,6334.641463938997,5465.0,2405.0,both,3058.6400000000003,69.8721271331878,34.23664912104502,14.177684874423607,11.583660512541686,9.064954124428182,2.057498361833447,3060.0,2.5000347381438717
277,1630596.0,Evan Mobley,65,2025-10-22 19:00:00,2026-04-10 19:00:00,1,2062.21,1180.0,234.0,156.0,430.0,586.0,859.0,469.0,209.0,62.0,297.0,180.0,48.0,113.0,122.0,159.0,224.0,0.5459837019790454,0.2966507177033493,0.6060606060606061,Cleveland,Cavaliers,Cleveland Cavaliers,2026-04-10 19:00:00,2025-26,31.726307692307692,18.153846153846153,9.015384615384615,3.6,0.7384615384615385,1.7384615384615385,1.876923076923077,2.4461538461538463,10.974381116868162,0.5961522916498262,1063.0,18.556791015463993,65,2062.21,4287.584586768132,1063.0,1180.0,234.0,586.0,859.0,297.0,48.0,113.0,122.0,224.0,15513.74,2900.0,2819.0,6448.238120288478,5749.0,2434.0,both,3102.748,65.9628397964328,27.521322929501736,5.4576182758503435,5.224386725600329,15.416689845906633,1.1199890754802344,3315.0,5.128714532066789
278,1630598.0,Aaron Wiggins,65,2025-10-21 19:30:00,2026-04-12 20:30:00,1,1400.4,611.0,109.0,41.0,158.0,199.0,536.0,231.0,270.0,96.0,72.0,53.0,60.0,28.0,81.0,83.0,178.0,0.43097014925373134,0.35555555555555557,0.7361111111111112,Oklahoma City,Thunder,Oklahoma City Thunder,2026-04-12 20:30:00,2025-26,21.544615384615387,9.4,3.0615384615384613,1.676923076923077,0.9230769230769231,0.4307692307692308,1.2461538461538462,1.2769230769230768,12.486896466670778,0.5381552987598648,438.39999999999986,11.269922879177374,65,1400.3999999999999,2897.1042013199567,438.40000000000003,611.0,109.0,199.0,536.0,72.0,60.0,28.0,81.0,178.0,15629.49,2894.0,2965.0,6474.0935312848815,5791.0,2538.0,both,3125.898,44.57083386646087,21.09002498845643,3.7623776165986103,6.144066199583052,7.581450066274679,2.0686879348682927,3253.0,1.9213065732481864
279,1630604.0,E.J. Liddell,26,2025-10-27 20:00:00,2026-04-12 18:00:00,1,344.31,147.0,24.0,14.0,55.0,69.0,111.0,54.0,52.0,18.0,26.0,21.0,6.0,10.0,15.0,45.0,-47.0,0.4864864864864865,0.34615384615384615,0.8076923076923077,Brooklyn,Nets,Brooklyn Nets,2026-04-12 18:00:00,2025-26,13.242692307692307,5.653846153846154,2.6538461538461537,0.9230769230769231,0.23076923076923078,0.38461538461538464,0.5769230769230769,1.7307692307692308,10.913853317811409,0.6002940215615812,112.0,11.710377276291714,26,344.31,699.5356028639602,112.0,147.0,24.0,69.0,111.0,26.0,6.0,10.0,15.0,-47.0,6185.610000000001,955.0,1178.0,2518.012211172224,2181.0,855.0,both,1237.122,26.9052154947677,21.01394116299,3.430847536814694,-6.718743092928777,11.623077378385464,0.856162717770025,1326.0,2.709688509420967
280,1630610.0,DeJon Jarreau,11,2026-03-13 19:30:00,2026-04-01 20:00:00,1,228.84,88.0,36.0,12.0,39.0,51.0,83.0,33.0,30.0,4.0,23.0,18.0,10.0,8.0,26.0,28.0,-112.0,0.39759036144578314,0.13333333333333333,0.782608695652174,Memphis,Grizzlies,Memphis Grizzlies,2026-04-01 20:00:00,2025-26,20.803636363636365,8.0,4.636363636363637,3.272727272727273,0.9090909090909091,0.7272727272727273,2.3636363636363638,2.5454545454545454,21.82672934855608,0.4725085910652921,64.8,10.194022024121656,11,228.84,477.032177717286,64.8,88.0,36.0,51.0,83.0,23.0,10.0,8.0,26.0,-112.0,2617.6000000000004,383.0,560.0,1097.8395004872882,1001.0,447.0,both,523.5200000000001,43.366561610662366,18.44739288261459,7.546660724705968,-23.47850003241857,12.372567217612627,2.0838309584022703,554.0,3.303555145808369
281,1630611.0,Gui Santos,68,2025-10-21 22:00:00,2026-04-12 20:30:00,1,1380.84,625.0,159.0,75.0,191.0,266.0,460.0,230.0,222.0,78.0,120.0,87.0,61.0,22.0,102.0,142.0,35.0,0.5,0.35135135135135137,0.725,Golden State,Warriors,Golden State Warriors,2026-04-12 20:30:00,2025-26,20.306470588235292,9.191176470588236,3.911764705882353,2.338235294117647,0.8970588235294118,0.3235294117647059,1.5,2.088235294117647,16.590761223162005,0.609399375975039,520.5,13.570000869036239,68,1380.84,2839.2597799146306,520.5,625.0,159.0,266.0,460.0,120.0,61.0,22.0,102.0,35.0,16240.81,2898.0,2987.0,6713.902680726498,5976.0,2434.0,both,3248.162,41.753820292862216,22.012779683681927,5.600051151528683,1.232715662286188,10.632355560504132,2.137219437630386,3542.0,1.4610613289489287
282,1630619.0,Moussa Cisse,39,2025-10-22 21:30:00,2026-04-12 20:30:00,1,522.15,170.0,9.0,89.0,127.0,216.0,115.0,66.0,0.0,0.0,81.0,38.0,19.0,45.0,30.0,73.0,-3.0,0.5739130434782609,,0.4691358024691358,Dallas,Mavericks,Dallas Mavericks,2026-04-12 20:30:00,2025-26,13.388461538461538,4.358974358974359,5.538461538461538,0.23076923076923078,0.48717948717948717,1.1538461538461537,0.7692307692307693,1.8717948717948718,16.607617360496015,0.5642591609134361,196.7,13.561620224073542,39,522.15,1117.6106133070177,196.7,170.0,9.0,216.0,115.0,81.0,19.0,45.0,30.0,-3.0,9138.1,1724.0,1815.0,3882.124517971905,3559.0,1353.0,both,1827.6200000000001,28.656682392487635,15.211022334242944,0.8052894176952147,-0.26842980589840487,21.36307711364783,1.7130686188241564,2206.0,7.1399903582275295
283,1630621.0,Hunter Dickinson,5,2025-10-22 20:00:00,2026-04-12 20:30:00,1,41.48,12.0,2.0,2.0,3.0,5.0,14.0,5.0,4.0,0.0,2.0,2.0,1.0,2.0,3.0,6.0,-37.0,0.35714285714285715,0.0,1.0,New Orleans,Pelicans,New Orleans Pelicans,2026-04-12 20:30:00,2025-26,8.296,2.4,1.0,0.4,0.2,0.4,0.6,1.2,16.778523489932883,0.4032258064516129,4.900000000000002,4.252651880424303,5,41.48,93.75566043338368,4.9,12.0,2.0,5.0,14.0,2.0,1.0,2.0,3.0,-37.0,1191.19,238.0,228.0,539.1425949963091,462.0,198.0,both,238.238,18.751132086676737,12.799227208821568,2.1332045348035944,-39.4642838938665,6.162492084711181,1.0652919424758378,264.0,4.351092896174864
284,1630623.0,Tyson Etienne,24,2025-10-27 20:00:00,2026-04-12 18:00:00,1,375.61,189.0,40.0,5.0,22.0,27.0,145.0,58.0,108.0,43.0,36.0,30.0,11.0,0.0,16.0,47.0,-104.0,0.4,0.39814814814814814,0.8333333333333334,Brooklyn,Nets,Brooklyn Nets,2026-04-12 18:00:00,2025-26,15.650416666666667,7.875,1.125,1.6666666666666667,0.4583333333333333,0.0,0.6666666666666666,1.9583333333333333,9.047726758651889,0.5875404128326287,122.59999999999997,11.750485876307868,24,375.61,767.0716846814454,122.6,189.0,40.0,27.0,145.0,36.0,11.0,0.0,16.0,-104.0,5712.400000000001,883.0,1069.0,2315.874385150764,2022.0,794.0,both,1142.48,31.961320195060225,24.63915743135391,5.214636493408236,-13.558054882861411,4.207221826266432,1.4447381665211587,1228.0,0.0
285,1630625.0,Dalano Banton,6,2026-02-08 15:00:00,2026-04-12 18:00:00,2,60.19,12.0,11.0,2.0,3.0,5.0,12.0,4.0,1.0,0.0,4.0,4.0,2.0,5.0,8.0,3.0,-9.0,0.3333333333333333,0.0,1.0,Boston,Celtics,Boston Celtics,2026-04-12 18:00:00,2025-26,10.031666666666666,2.0,0.8333333333333334,1.8333333333333333,0.3333333333333333,0.8333333333333334,1.3333333333333333,0.5,36.76470588235294,0.436046511627907,11.500000000000004,6.878218973251373,6,60.190000000000005,125.34567573147491,11.5,12.0,11.0,5.0,12.0,4.0,2.0,5.0,8.0,-9.0,1424.81,276.0,248.0,556.4731636290433,513.0,217.0,both,284.962,20.89094595524582,9.573525317065837,8.775731540643685,-7.1801439877993785,4.51753290153699,1.701564348561038,296.0,7.997254190558725
286,1630631.0,Jose Alvarado,69,2025-10-24 20:00:00,2026-04-12 18:00:00,2,1356.55,510.0,234.0,26.0,145.0,171.0,449.0,187.0,287.0,101.0,46.0,35.0,66.0,8.0,77.0,129.0,24.0,0.41648106904231624,0.3519163763066202,0.7608695652173914,New York,Knicks,New York Knicks,2026-04-12 18:00:00,2025-26,19.66014492753623,7.391304347826087,2.4782608695652173,3.391304347826087,0.9565217391304348,0.11594202898550725,1.1159420289855073,1.8695652173913044,14.096367896895137,0.5434319324865741,434.6,11.533375105967345,69,1356.55,2780.0032281933672,434.6,510.0,234.0,171.0,449.0,46.0,66.0,8.0,77.0,24.0,16557.7,3035.0,2976.0,6763.476511885438,6081.0,2767.0,both,3311.54,40.28990185787489,18.345302438063435,8.417256412758517,0.8633083500265145,6.944541570339012,2.3821447569159067,3314.0,0.5892935429605085
287,1630639.0,A.J. Lawson,24,2025-12-07 15:30:00,2026-04-12 18:00:00,1,220.87,101.0,7.0,9.0,34.0,43.0,78.0,34.0,45.0,19.0,18.0,14.0,12.0,4.0,6.0,27.0,-9.0,0.4358974358974359,0.4222222222222222,0.7777777777777778,Toronto,Raptors,Toronto Raptors,2026-04-12 18:00:00,2025-26,9.202916666666667,4.208333333333333,1.7916666666666667,0.2916666666666667,0.5,0.16666666666666666,0.25,1.125,6.527415143603133,0.587756052141527,77.80000000000001,12.680762439444017,24,220.87,446.8198114181805,77.80000000000001,101.0,7.0,43.0,78.0,18.0,12.0,4.0,6.0,-9.0,5754.46,968.0,983.0,2331.7677821385305,2051.0,847.0,both,1150.892,18.617492142424187,22.604190194573466,1.5666270431882598,-2.014234769813477,11.484418926997536,2.681598714238423,1204.0,1.7311366241653552
288,1630643.0,Jay Huff,82,2025-10-23 19:30:00,2026-04-12 18:00:00,1,1701.94,783.0,121.0,73.0,251.0,324.0,611.0,291.0,373.0,119.0,99.0,82.0,41.0,153.0,76.0,196.0,-252.0,0.4762684124386252,0.3190348525469169,0.8282828282828283,Indiana,Pacers,Indiana Pacers,2026-04-12 18:00:00,2025-26,20.75536585365854,9.548780487804878,3.951219512195122,1.475609756097561,0.5,1.8658536585365855,0.926829268292683,2.3902439024390243,10.402978537012704,0.5981117086286972,669.7,14.165716770273923,82,1701.94,3581.6619052723076,669.6999999999999,783.0,121.0,324.0,611.0,99.0,41.0,153.0,76.0,-252.0,19572.27,3439.0,3826.0,8254.773341851149,7424.0,2794.0,both,3914.454,43.67880372283302,21.861359913603287,3.378319986648784,-7.035839972194162,10.257377522809263,1.1423670084393327,4630.0,7.6004164324127546
289,1630644.0,Mac McClung,11,2025-10-29 20:30:00,2026-04-12 20:30:00,2,133.5,67.0,10.0,2.0,8.0,10.0,59.0,23.0,30.0,7.0,18.0,14.0,11.0,3.0,9.0,19.0,-26.0,0.3898305084745763,0.23333333333333334,0.7777777777777778,Chicago,Bulls,Chicago Bulls,2026-04-12 20:30:00,2025-26,12.136363636363637,6.090909090909091,0.9090909090909091,0.9090909090909091,1.0,0.2727272727272727,0.8181818181818182,1.7272727272727273,11.854583772391992,0.5005977286312014,40.6,10.948314606741574,11,133.5,291.6158185030341,40.6,67.0,10.0,10.0,59.0,18.0,11.0,3.0,9.0,-26.0,2617.62,499.0,518.0,1135.7622439535644,1006.0,416.0,both,523.524,26.510528954821282,22.975434029585365,3.42916925814707,-8.91584007118238,3.855976489565035,3.7980492148256064,590.0,1.9939973338411732
290,1630649.0,Stanley Umude,2,2026-02-01 21:00:00,2026-02-21 20:00:00,1,6.34,2.0,1.0,0.0,0.0,0.0,2.0,1.0,1.0,0.0,0.0,0.0,1.0,0.0,0.0,2.0,-17.0,0.5,0.0,,San Antonio,Spurs,San Antonio Spurs,2026-02-21 20:00:00,2025-26,3.17,1.0,0.0,0.5,0.5,0.0,0.0,1.0,0.0,0.5,1.9000000000000001,10.788643533123029,2,6.34,14.060297407870738,1.9000000000000004,2.0,1.0,0.0,2.0,0.0,1.0,0.0,0.0,-17.0,474.0,96.0,69.0,208.3475532053793,187.0,62.0,both,94.8,7.030148703935369,14.224450180409631,7.112225090204816,-120.90782653348187,0.0,7.17679721118345,125.0,0.0
291,1630658.0,Colin Castleton,5,2026-02-01 21:00:00,2026-04-10 20:00:00,1,20.83,5.0,1.0,2.0,6.0,8.0,5.0,2.0,0.0,0.0,1.0,1.0,1.0,0.0,2.0,2.0,6.0,0.4,,1.0,Orlando,Magic,Orlando Magic,2026-04-10 20:00:00,2025-26,4.1659999999999995,1.0,1.6,0.2,0.2,0.0,0.4,0.4,26.881720430107524,0.45955882352941174,4.4,7.604416706673069,5,20.83,44.38750683674264,4.4,5.0,1.0,8.0,5.0,1.0,1.0,0.0,2.0,6.0,949.2,161.0,151.0,406.3675327665429,342.0,159.0,both,189.84,8.877501367348527,11.264430819216797,2.252886163843359,13.517316983060153,23.368662062853137,2.242742706944692,183.0,0.0
292,1630679.0,Ethan Thompson,33,2025-12-01 19:00:00,2026-04-12 18:00:00,1,646.33,223.0,57.0,17.0,52.0,69.0,196.0,74.0,116.0,38.0,47.0,37.0,20.0,9.0,25.0,69.0,1.0,0.37755102040816324,0.3275862068965517,0.7872340425531915,Indiana,Pacers,Indiana Pacers,2026-04-12 18:00:00,2025-26,19.585757575757576,6.757575757575758,2.090909090909091,1.7272727272727273,0.6060606060606061,0.2727272727272727,0.7575757575757576,2.090909090909091,10.34425686858656,0.5145837179250508,152.50000000000003,8.494112914455465,33,646.33,1359.5103650897868,152.5,223.0,57.0,69.0,196.0,47.0,20.0,9.0,25.0,1.0,7607.2,1332.0,1493.0,3221.4975730082615,2900.0,1119.0,both,1521.44,41.1972837905996,16.40296431173383,4.192685945151696,0.07355589377459117,5.749514241676866,1.4614121128485313,1781.0,1.1895401508241936
293,1630692.0,Jordan Goodwin,70,2025-10-24 22:30:00,2026-04-08 22:00:00,1,1558.26,609.0,151.0,138.0,203.0,341.0,555.0,229.0,302.0,112.0,56.0,39.0,106.0,14.0,68.0,133.0,93.0,0.4126126126126126,0.3708609271523179,0.6964285714285714,Phoenix,Suns,Phoenix Suns,2026-04-08 22:00:00,2025-26,22.260857142857144,8.7,4.871428571428571,2.157142857142857,1.5142857142857142,0.2,0.9714285714285714,1.9,10.499660305107776,0.5253260644537989,563.0999999999999,13.009125563128103,70,1558.2599999999998,3169.233268823936,563.1000000000001,609.0,151.0,341.0,555.0,56.0,106.0,14.0,68.0,93.0,16692.570000000003,2997.0,3052.0,6789.633824693726,5954.0,2458.0,both,3338.5140000000006,45.27476098319909,19.216004261686688,4.764559348956798,2.9344637049866376,12.077695432241947,3.3448203104341343,3496.0,0.857965630913622
294,1630695.0,Micah Potter,47,2025-12-26 19:00:00,2026-04-12 18:00:00,1,898.19,458.0,69.0,58.0,175.0,233.0,293.0,151.0,168.0,71.0,101.0,85.0,22.0,15.0,47.0,82.0,-120.0,0.515358361774744,0.4226190476190476,0.8415841584158416,Indiana,Pacers,Indiana Pacers,2026-04-12 18:00:00,2025-26,19.110425531914895,9.74468085106383,4.957446808510638,1.4680851063829787,0.46808510638297873,0.3191489361702128,1.0,1.7446808510638299,12.225574862137135,0.6786391654812708,401.0,16.072323227824846,47,898.19,1919.1541273489868,400.9999999999999,458.0,69.0,233.0,293.0,101.0,22.0,15.0,47.0,-120.0,11202.640000000003,1920.0,2172.0,4754.221091750928,4307.0,1590.0,both,2240.5280000000007,40.833066539340145,23.864680458606827,3.595333955554304,-6.2527547053118315,14.203731568898577,1.1543179963066754,2717.0,1.3771580364277614
295,1630696.0,Dru Smith,70,2025-10-22 19:00:00,2026-04-04 15:00:00,1,1128.0,395.0,180.0,62.0,111.0,173.0,325.0,135.0,129.0,38.0,105.0,87.0,100.0,21.0,55.0,109.0,-83.0,0.4153846153846154,0.29457364341085274,0.8285714285714286,Miami,Heat,Miami Heat,2026-04-04 15:00:00,2025-26,16.114285714285714,5.642857142857143,2.4714285714285715,2.5714285714285716,1.4285714285714286,0.3,0.7857142857142857,1.5571428571428572,12.904739558892539,0.5320581896551724,433.1,13.822340425531916,70,1128.0,2446.3085016817954,433.1,395.0,180.0,173.0,325.0,105.0,100.0,21.0,55.0,-83.0,16673.51,3298.0,3260.0,7219.0786641047125,6532.0,2767.0,both,3334.7019999999998,34.947264309739936,16.14677787893245,7.358025362551496,-3.3928672505098567,7.798707306759758,4.095115508285447,3765.0,1.648930095221949
296,1630699.0,MarJon Beauchamp,14,2026-02-09 22:00:00,2026-04-12 18:00:00,1,193.67,95.0,15.0,7.0,25.0,32.0,76.0,33.0,47.0,16.0,19.0,13.0,9.0,4.0,13.0,13.0,-26.0,0.4342105263157895,0.3404255319148936,0.6842105263157895,Philadelphia,76ers,Philadelphia 76ers,2026-04-12 18:00:00,2025-26,13.833571428571428,6.785714285714286,2.2857142857142856,1.0714285714285714,0.6428571428571429,0.2857142857142857,0.9285714285714286,0.9285714285714286,13.352506162695152,0.5630630630630631,69.1,12.844529354055869,14,193.67000000000002,409.44863542072994,69.10000000000001,95.0,15.0,32.0,76.0,19.0,9.0,4.0,13.0,-26.0,3328.4,601.0,625.0,1403.5616543963188,1274.0,581.0,both,665.6800000000001,29.24633110148071,23.20193347387335,3.6634631800852664,-6.350002845481127,8.971450486191383,2.204013098448737,693.0,1.983946301600043
297,1630700.0,Dyson Daniels,76,2025-10-22 19:30:00,2026-04-10 19:00:00,1,2505.34,901.0,449.0,184.0,336.0,520.0,777.0,402.0,117.0,22.0,122.0,75.0,149.0,31.0,135.0,166.0,306.0,0.5173745173745173,0.18803418803418803,0.6147540983606558,Atlanta,Hawks,Atlanta Hawks,2026-04-10 19:00:00,2025-26,32.965,11.855263157894736,6.842105263157895,5.907894736842105,1.9605263157894737,0.40789473684210525,1.7763157894736843,2.1842105263157894,13.979786264601112,0.5423267684306833,1012.3,14.546049637973287,76,2505.3399999999997,5292.7126415643725,1012.3000000000001,901.0,449.0,520.0,777.0,122.0,149.0,31.0,135.0,306.0,18161.92,3301.0,3440.0,7683.309260955852,6792.0,2736.0,both,3632.3839999999996,69.64095581005753,17.023406729553532,8.483362510066078,5.781534360980445,11.184178714722258,2.8116615102698876,4056.0,1.1081251944859585
298,1630702.0,Jaden Hardy,57,2025-10-22 21:30:00,2026-04-12 18:00:00,2,887.66,523.0,58.0,15.0,71.0,86.0,429.0,182.0,262.0,104.0,75.0,55.0,16.0,6.0,62.0,89.0,-84.0,0.42424242424242425,0.3969465648854962,0.7333333333333333,Washington,Wizards,Washington Wizards,2026-04-12 18:00:00,2025-26,15.57298245614035,9.175438596491228,1.5087719298245614,1.0175438596491229,0.2807017543859649,0.10526315789473684,1.087719298245614,1.5614035087719298,11.83206106870229,0.566017316017316,282.49999999999994,11.457089426131626,57,887.66,1879.3705279408894,282.49999999999994,523.0,58.0,86.0,429.0,75.0,16.0,6.0,62.0,-84.0,13588.31,2387.0,2677.0,5758.914640042863,5166.0,1962.0,both,2717.662,32.9714127708928,27.828466618183,3.0861397014428564,-4.469581636572413,5.199403785923612,0.8506053954128883,3204.0,0.5733337856440461
299,1630703.0,Scoot Henderson,30,2026-02-06 22:00:00,2026-04-12 20:30:00,1,742.3,427.0,112.0,18.0,62.0,80.0,342.0,143.0,162.0,57.0,100.0,84.0,27.0,9.0,73.0,85.0,53.0,0.41812865497076024,0.35185185185185186,0.84,Portland,Trail Blazers,Portland Trail Blazers,2026-04-12 20:30:00,2025-26,24.743333333333332,14.233333333333333,2.6666666666666665,3.7333333333333334,0.9,0.3,2.433333333333333,2.8333333333333335,15.904139433551197,0.5531088082901554,274.3,13.302977232924697,30,742.3,1540.2814666163906,274.29999999999995,427.0,112.0,80.0,342.0,100.0,27.0,9.0,73.0,53.0,7157.880000000001,1392.0,1258.0,2979.7766708394843,2620.0,988.0,both,1431.5760000000002,51.342715553879685,27.722205924999617,7.2713982754097355,3.4409295410421064,5.822091968105253,1.7474911978913992,1632.0,1.063548509798639
300,1630811.0,Keaton Wallace,53,2025-10-22 19:30:00,2026-04-12 18:00:00,1,526.8,186.0,94.0,3.0,53.0,56.0,171.0,68.0,102.0,38.0,18.0,12.0,24.0,5.0,28.0,48.0,-101.0,0.39766081871345027,0.37254901960784315,0.6666666666666666,Atlanta,Hawks,Atlanta Hawks,2026-04-12 18:00:00,2025-26,9.939622641509434,3.509433962264151,1.0566037735849056,1.7735849056603774,0.4528301886792453,0.09433962264150944,0.5283018867924528,0.9056603773584906,13.531799729364007,0.5197853789403085,155.2,10.605922551252847,53,526.8,1113.6838215851853,155.19999999999993,186.0,94.0,56.0,171.0,18.0,24.0,5.0,28.0,-101.0,12656.849999999999,2298.0,2416.0,5389.838718511096,4736.0,1883.0,both,2531.37,21.0129022940601,16.701329084160797,8.440456633930724,-9.069001276883014,5.7083200044842926,2.1396627913973525,2853.0,0.84212797622612
301,1630828.0,Alex Antetokounmpo,6,2026-03-31 20:00:00,2026-04-12 18:00:00,1,19.58,19.0,1.0,2.0,4.0,6.0,8.0,3.0,7.0,2.0,15.0,11.0,0.0,1.0,1.0,1.0,5.0,0.375,0.2857142857142857,0.7333333333333333,Milwaukee,Bucks,Milwaukee Bucks,2026-04-12 18:00:00,2025-26,3.263333333333333,3.1666666666666665,1.0,0.16666666666666666,0.0,0.16666666666666666,0.16666666666666666,0.16666666666666666,6.410256410256411,0.6506849315068494,15.600000000000001,28.68232890704801,6,19.580000000000002,39.38610750583972,15.600000000000001,19.0,1.0,6.0,8.0,15.0,0.0,1.0,1.0,5.0,1426.8000000000002,255.0,269.0,581.9231376540363,539.0,232.0,both,285.36,6.564351250973286,48.2403598710101,2.5389663090005317,12.694831545002657,16.687849417929186,0.0,307.0,4.747249237239355
302,1630846.0,Olivier Sarr,4,2026-03-27 19:30:00,2026-04-12 18:00:00,1,38.81,14.0,5.0,2.0,9.0,11.0,7.0,5.0,3.0,2.0,5.0,2.0,2.0,3.0,2.0,9.0,26.0,0.7142857142857143,0.6666666666666666,0.4,Cleveland,Cavaliers,Cleveland Cavaliers,2026-04-12 18:00:00,2025-26,9.7025,3.5,2.75,1.25,0.5,0.75,0.5,2.25,17.857142857142858,0.7608695652173914,16.0,14.84153568667869,4,38.809999999999995,82.0839995299387,16.0,14.0,5.0,11.0,7.0,5.0,2.0,3.0,2.0,26.0,950.0,187.0,152.0,409.1497228036176,368.0,190.0,both,190.0,20.520999882484674,17.055699137678772,6.091321120599561,31.674869827117718,15.885575213638187,2.3930826195636152,178.0,8.251087840791643
303,1631093.0,Jaden Ivey,37,2025-11-22 20:00:00,2026-02-11 19:30:00,2,662.94,316.0,68.0,24.0,67.0,91.0,256.0,114.0,134.0,50.0,47.0,38.0,23.0,14.0,41.0,53.0,26.0,0.4453125,0.373134328358209,0.8085106382978723,Chicago,Bulls,Chicago Bulls,2026-02-11 19:30:00,2025-26,17.9172972972973,8.54054054054054,2.4594594594594597,1.837837837837838,0.6216216216216216,0.3783783783783784,1.1081081081081081,1.4324324324324325,12.906069000251826,0.571056816538962,233.90000000000003,12.70160195492805,37,662.94,1374.5511671613338,233.89999999999995,316.0,68.0,91.0,256.0,47.0,23.0,14.0,41.0,26.0,8827.880000000001,1642.0,1514.0,3672.6273231031587,3129.0,1326.0,both,1765.5760000000002,37.15003154490091,22.98932244571078,4.947069387051687,1.8915265303432922,7.679210818895879,1.6678737281573568,1803.0,2.0679712738969576
304,1631094.0,Paolo Banchero,72,2025-10-22 19:00:00,2026-04-12 18:00:00,1,2488.61,1599.0,373.0,85.0,519.0,604.0,1152.0,529.0,275.0,84.0,590.0,457.0,51.0,40.0,222.0,144.0,-3.0,0.4592013888888889,0.3054545454545455,0.7745762711864407,Orlando,Magic,Orlando Magic,2026-04-12 18:00:00,2025-26,34.56402777777778,22.208333333333332,8.38888888888889,5.180555555555555,0.7083333333333334,0.5555555555555556,3.0833333333333335,2.0,13.589618021547503,0.5663785775007084,1226.6999999999998,17.745327713060703,72,2488.6099999999997,5185.358383045693,1226.6999999999998,1599.0,373.0,604.0,1152.0,590.0,51.0,40.0,222.0,-3.0,17246.32,3114.0,3124.0,7197.84999593939,6323.0,2484.0,both,3449.264,72.01886643119018,30.836827117449978,7.193331153726605,-0.057855210351688516,13.420267174566982,0.9820576390822998,3839.0,1.4441472347232538
305,1631095.0,Jabari Smith Jr.,77,2025-10-21 19:30:00,2026-04-10 21:30:00,1,2690.82,1215.0,143.0,108.0,421.0,529.0,974.0,438.0,488.0,177.0,209.0,162.0,56.0,71.0,105.0,192.0,265.0,0.44969199178644764,0.36270491803278687,0.7751196172248804,Houston,Rockets,Houston Rockets,2026-04-10 21:30:00,2025-26,34.94571428571429,15.779220779220779,6.87012987012987,1.8571428571428572,0.7272727272727273,0.922077922077922,1.3636363636363635,2.4935064935064934,8.96700143472023,0.5699088145896656,915.5000000000002,12.248310923807615,77,2690.8199999999997,5364.485398319931,915.4999999999998,1215.0,143.0,529.0,974.0,209.0,56.0,71.0,105.0,265.0,18550.0,3678.0,3043.0,7402.040800093651,6769.0,2702.0,both,3710.0,69.66864153662247,22.648957165220697,2.6656797322029293,4.939896007229205,10.852031338707315,1.0430996868614333,4067.0,2.406985305466648
306,1631096.0,Chet Holmgren,69,2025-10-21 19:30:00,2026-04-08 22:00:00,1,1984.36,1181.0,115.0,130.0,485.0,615.0,779.0,434.0,243.0,88.0,284.0,225.0,43.0,131.0,107.0,158.0,678.0,0.5571245186136072,0.36213991769547327,0.7922535211267606,Oklahoma City,Thunder,Oklahoma City Thunder,2026-04-08 22:00:00,2025-26,28.758840579710142,17.115942028985508,8.91304347826087,1.6666666666666667,0.6231884057971014,1.8985507246376812,1.5507246376811594,2.289855072463768,10.583999366938356,0.6532368688880039,1067.1999999999998,19.361003043802537,69,1984.36,4101.239224088871,1067.2,1181.0,115.0,615.0,779.0,284.0,43.0,131.0,107.0,678.0,16580.709999999995,3051.0,3057.0,6854.631183843956,6071.0,2673.0,both,3316.141999999999,59.43824962447639,28.7961744114639,2.8040305311755698,16.531588696843798,16.82630444139972,1.0483275959988472,3398.0,6.442591216342995
307,1631097.0,Bennedict Mathurin,54,2025-10-23 19:30:00,2026-04-12 20:30:00,2,1610.0,949.0,129.0,55.0,238.0,293.0,677.0,291.0,238.0,75.0,336.0,292.0,43.0,13.0,118.0,137.0,-146.0,0.4298375184638109,0.31512605042016806,0.8690476190476191,LA,Clippers,LA Clippers,2026-04-12 20:30:00,2025-26,29.814814814814813,17.574074074074073,5.425925925925926,2.388888888888889,0.7962962962962963,0.24074074074074073,2.185185185185185,2.537037037037037,12.515379067498197,0.575263081324863,653.4000000000001,14.610186335403728,54,1610.0000000000002,3337.4732298826643,653.4000000000001,949.0,129.0,293.0,677.0,336.0,43.0,13.0,118.0,-146.0,12886.019999999999,2220.0,2470.0,5337.264794256978,4773.0,1836.0,both,2577.2039999999997,61.80505981264193,28.43468500370156,3.865199542125923,-4.374566923646394,10.00040752757949,1.289652269001233,2937.0,0.7085366611893235
308,1631099.0,Keegan Murray,23,2025-11-20 20:00:00,2026-02-25 20:00:00,1,787.85,321.0,38.0,33.0,99.0,132.0,300.0,126.0,112.0,31.0,49.0,38.0,24.0,36.0,27.0,42.0,-164.0,0.42,0.2767857142857143,0.7755102040816326,Sacramento,Kings,Sacramento Kings,2026-02-25 20:00:00,2025-26,34.254347826086956,13.956521739130435,5.739130434782608,1.6521739130434783,1.0434782608695652,1.565217391304348,1.173913043478261,1.826086956521739,7.746155611659399,0.49912924493096156,241.79999999999995,11.048803706289267,23,787.8500000000001,1638.528019807814,241.8,321.0,38.0,132.0,300.0,49.0,24.0,36.0,27.0,-164.0,5547.39,950.0,1049.0,2304.9020367284065,2078.0,838.0,both,1109.478,71.24034868729626,19.59075439171621,2.319154725499115,-10.008983552154078,9.299000963323573,1.4663374470801411,1240.0,4.088424397144536
309,1631101.0,Shaedon Sharpe,50,2025-10-22 22:00:00,2026-04-12 20:30:00,1,1461.19,1042.0,132.0,51.0,166.0,217.0,868.0,392.0,306.0,103.0,197.0,155.0,70.0,6.0,147.0,98.0,-50.0,0.45161290322580644,0.3366013071895425,0.7868020304568528,Portland,Trail Blazers,Portland Trail Blazers,2026-04-12 20:30:00,2025-26,29.2238,20.84,4.34,2.64,1.4,0.12,2.94,1.96,13.343257570256336,0.545732601499979,640.3000000000001,15.775361178217755,50,1461.19,3069.7770400943728,640.3,1042.0,132.0,217.0,868.0,197.0,70.0,6.0,147.0,-50.0,11945.27,2260.0,2189.0,5024.72927413632,4523.0,1780.0,both,2389.054,61.395540801887456,33.94383326184387,4.299986555243178,-1.6287827860769613,7.974741291322037,2.2777426160158125,2743.0,0.35763887302669123
310,1631102.0,TyTy Washington Jr.,16,2026-01-16 19:30:00,2026-04-10 22:00:00,1,84.88,21.0,17.0,1.0,5.0,6.0,19.0,9.0,8.0,3.0,0.0,0.0,6.0,3.0,3.0,7.0,-39.0,0.47368421052631576,0.375,,LA,Clippers,LA Clippers,2026-04-10 22:00:00,2025-26,5.305,1.3125,0.375,1.0625,0.375,0.1875,0.1875,0.4375,13.636363636363637,0.5526315789473685,27.7,11.748350612629595,16,84.88,173.3015898190644,27.699999999999996,21.0,17.0,6.0,19.0,0.0,6.0,3.0,3.0,-39.0,3826.21,640.0,687.0,1554.5126541080886,1399.0,591.0,both,765.242,10.831349363691524,12.117603780741458,9.809488774885942,-22.50412130709128,4.07637148273337,3.479769008822143,808.0,3.3473669291999886
311,1631103.0,Malaki Branham,28,2025-11-03 19:30:00,2026-01-30 19:00:00,1,270.5,128.0,23.0,12.0,32.0,44.0,91.0,43.0,37.0,14.0,34.0,28.0,10.0,3.0,15.0,21.0,-42.0,0.4725274725274725,0.3783783783783784,0.8235294117647058,Washington,Wizards,Washington Wizards,2026-01-30 19:00:00,2025-26,9.660714285714286,4.571428571428571,1.5714285714285714,0.8214285714285714,0.35714285714285715,0.10714285714285714,0.5357142857142857,0.75,12.40079365079365,0.604001510003775,101.89999999999998,13.561552680221808,28,270.50000000000006,571.9989213209027,101.9,128.0,23.0,44.0,91.0,34.0,10.0,3.0,15.0,-42.0,6679.830000000001,1189.0,1351.0,2821.620762491409,2652.0,1062.0,both,1335.9660000000001,20.428532904317954,22.377664577480815,4.020986603766084,-7.342671189485893,8.555533497314684,1.7503685190164031,1590.0,0.9318634255222681
312,1631104.0,Blake Wesley,31,2025-10-22 22:00:00,2026-04-12 20:30:00,1,354.11,148.0,62.0,8.0,31.0,39.0,124.0,56.0,36.0,10.0,47.0,26.0,16.0,5.0,31.0,34.0,-78.0,0.45161290322580644,0.2777777777777778,0.5531914893617021,Portland,Trail Blazers,Portland Trail Blazers,2026-04-12 20:30:00,2025-26,11.422903225806452,4.774193548387097,1.2580645161290323,2.0,0.5161290322580645,0.16129032258064516,1.0,1.096774193548387,17.645719489981783,0.5114735969035111,108.4,11.020304425178617,31,354.11,759.2534354077653,108.39999999999998,148.0,62.0,39.0,124.0,47.0,16.0,5.0,31.0,-78.0,7368.87,1414.0,1292.0,3112.1749835904666,2666.0,1049.0,both,1473.774,24.4920463034763,19.49283244540276,8.165916294695753,-10.273249532036592,5.998318384913151,2.139679247014644,1617.0,1.2869233583539468
313,1631105.0,Jalen Duren,70,2025-10-22 20:00:00,2026-04-10 19:00:00,1,1961.91,1365.0,138.0,265.0,472.0,737.0,803.0,522.0,0.0,0.0,430.0,321.0,57.0,59.0,130.0,195.0,480.0,0.6500622665006227,,0.7465116279069768,Detroit,Pistons,Detroit Pistons,2026-04-10 19:00:00,2025-26,28.027285714285714,19.5,10.528571428571428,1.9714285714285715,0.8142857142857143,0.8428571428571429,1.8571428571428572,2.7857142857142856,11.584387809659598,0.6878653497278774,1282.0999999999997,23.52584980962429,70,1961.9100000000003,4055.332086668113,1282.1000000000001,1365.0,138.0,737.0,803.0,430.0,57.0,59.0,130.0,480.0,16747.79,3199.0,2859.0,6933.982572479324,5994.0,2589.0,both,3349.558,57.93331552383018,33.65938894344638,3.4029272338429304,11.836268639453671,20.77048513064694,1.4034615901077687,3405.0,2.9583075158313723
314,1631106.0,Tari Eason,60,2025-10-21 19:30:00,2026-04-12 20:30:00,1,1536.69,627.0,90.0,124.0,252.0,376.0,580.0,241.0,260.0,93.0,67.0,52.0,72.0,28.0,81.0,138.0,167.0,0.41551724137931034,0.3576923076923077,0.7761194029850746,Houston,Rockets,Houston Rockets,2026-04-12 20:30:00,2025-26,25.6115,10.45,6.266666666666667,1.5,1.2,0.4666666666666667,1.35,2.3,11.73096976016684,0.5143729080527663,492.19999999999993,11.530757667454072,60,1536.69,3077.3129364459846,492.20000000000005,627.0,90.0,376.0,580.0,67.0,72.0,28.0,81.0,167.0,14426.960000000001,2878.0,2370.0,5785.271530891674,5292.0,2152.0,both,2885.3920000000003,51.28854894076641,20.37491840930964,2.9246294367430106,5.426812399289808,13.452796627023334,2.3368310110983423,3140.0,1.6743526795308619
315,1631107.0,Nikola Jovic,47,2025-10-22 19:00:00,2026-04-04 15:00:00,1,798.41,344.0,102.0,25.0,128.0,153.0,314.0,115.0,167.0,45.0,101.0,69.0,26.0,17.0,65.0,65.0,-3.0,0.3662420382165605,0.2694610778443114,0.6831683168316832,Miami,Heat,Miami Heat,2026-04-04 15:00:00,2025-26,16.987446808510636,7.319148936170213,3.25531914893617,2.1702127659574466,0.5531914893617021,0.3617021276595745,1.3829787234042554,1.3829787234042554,15.350462875495937,0.4798571587992412,231.59999999999997,10.442754975513832,47,798.41,1755.8702075483639,231.60000000000002,344.0,102.0,153.0,314.0,101.0,26.0,17.0,65.0,-3.0,11201.869999999999,2189.0,2227.0,4886.119473649775,4418.0,1840.0,both,2240.374,37.358940586135404,19.591425295626518,5.809085407424142,-0.17085545315953357,9.722029224660098,1.4931513186217062,2578.0,1.8503784611714071
316,1631108.0,Max Christie,77,2025-10-22 21:30:00,2026-04-12 20:30:00,1,2229.12,945.0,151.0,15.0,234.0,249.0,725.0,320.0,446.0,180.0,139.0,125.0,47.0,27.0,96.0,98.0,-339.0,0.4413793103448276,0.40358744394618834,0.8992805755395683,Dallas,Mavericks,Dallas Mavericks,2026-04-12 20:30:00,2025-26,28.94961038961039,12.272727272727273,3.2337662337662336,1.9610389610389611,0.6103896103896104,0.35064935064935066,1.2467532467532467,1.2727272727272727,10.882379613675525,0.6010226925816627,676.9999999999999,10.93346253229974,77,2229.12,4733.909760428777,677.0,945.0,151.0,249.0,725.0,139.0,47.0,27.0,96.0,-339.0,18489.559999999998,3435.0,3618.0,7851.019712774235,7231.0,2805.0,both,3697.9119999999994,61.479347538036066,19.962357709041033,3.1897523958361864,-7.1610997495924975,5.856640774360926,0.993104417312469,4426.0,1.0119882687572028
317,1631109.0,Mark Williams,60,2025-10-22 22:00:00,2026-04-10 22:30:00,1,1404.44,700.0,58.0,185.0,292.0,477.0,438.0,282.0,1.0,1.0,175.0,135.0,55.0,55.0,65.0,132.0,-42.0,0.6438356164383562,1.0,0.7714285714285715,Phoenix,Suns,Phoenix Suns,2026-04-10 22:30:00,2025-26,23.407333333333334,11.666666666666666,7.95,0.9666666666666667,0.9166666666666666,0.9166666666666666,1.0833333333333333,2.2,11.206896551724139,0.6796116504854369,723.6000000000001,18.54803337985247,60,1404.4400000000003,2853.8743111597637,723.5999999999999,700.0,58.0,477.0,438.0,175.0,55.0,55.0,65.0,-42.0,14341.13,2598.0,2674.0,5821.541071850009,5172.0,2148.0,both,2868.2259999999997,47.56457185266273,24.528059882060205,2.0323249616564167,-1.4716835929236123,18.477923109795857,1.929456100404308,3024.0,3.71442061337144
318,1631110.0,Jeremy Sochan,45,2025-11-05 22:00:00,2026-04-12 18:00:00,2,459.14,158.0,40.0,37.0,70.0,107.0,129.0,64.0,45.0,11.0,26.0,19.0,17.0,7.0,21.0,62.0,-58.0,0.49612403100775193,0.24444444444444444,0.7307692307692307,New York,Knicks,New York Knicks,2026-04-12 18:00:00,2025-26,10.203111111111111,3.511111111111111,2.3777777777777778,0.8888888888888888,0.37777777777777777,0.15555555555555556,0.4666666666666667,1.3777777777777778,13.00792864222002,0.5625178011962404,141.5,11.094655224985843,45,459.14,954.8800718992841,141.49999999999997,158.0,40.0,107.0,129.0,26.0,17.0,7.0,21.0,-58.0,10456.809999999998,1993.0,1833.0,4312.438305783665,3850.0,1630.0,both,2091.3619999999996,21.219557153317425,16.546580523534587,4.189007727477111,-6.074061204841811,12.738635023031422,1.7956021182552826,2220.0,1.4362470454947696
319,1631111.0,Wendell Moore Jr.,6,2025-11-12 19:00:00,2026-04-08 19:00:00,1,58.53,10.0,4.0,1.0,5.0,6.0,7.0,4.0,1.0,0.0,2.0,2.0,2.0,2.0,1.0,3.0,42.0,0.5714285714285714,0.0,1.0,Detroit,Pistons,Detroit Pistons,2026-04-08 19:00:00,2025-26,9.755,1.6666666666666667,1.0,0.6666666666666666,0.3333333333333333,0.3333333333333333,0.16666666666666666,0.5,11.261261261261263,0.6345177664974619,12.899999999999999,7.934392619169656,6,58.53,120.94239981022453,12.900000000000002,10.0,4.0,6.0,7.0,2.0,2.0,2.0,1.0,42.0,1425.23,270.0,239.0,585.3643807422428,519.0,227.0,both,285.046,20.15706663503742,8.268398854075489,3.307359541630195,34.72727518711705,5.740766661396754,1.6639494571146636,292.0,3.335673779281904
320,1631113.0,Kennedy Chandler,11,2026-03-21 21:30:00,2026-04-10 21:30:00,1,352.74,165.0,74.0,6.0,31.0,37.0,137.0,61.0,38.0,15.0,43.0,28.0,11.0,2.0,23.0,23.0,-69.0,0.44525547445255476,0.39473684210526316,0.6511627906976745,Utah,Jazz,Utah Jazz,2026-04-10 21:30:00,2025-26,32.06727272727273,15.0,3.3636363636363638,6.7272727272727275,1.0,0.18181818181818182,2.090909090909091,2.090909090909091,12.854907221104403,0.5291174961518726,133.00000000000003,13.573737030107162,11,352.74,793.3406587878841,132.99999999999997,165.0,74.0,37.0,137.0,43.0,11.0,2.0,23.0,-69.0,2623.2000000000003,480.0,546.0,1171.478200780444,1053.0,431.0,both,524.6400000000001,72.12187807162583,20.798127282685524,9.327644963143811,-8.69739868185031,5.36365767473815,1.396577890588253,622.0,0.4782404427115096
321,1631114.0,Jalen Williams,34,2025-11-28 21:30:00,2026-04-08 22:00:00,1,929.99,563.0,181.0,27.0,125.0,152.0,446.0,216.0,77.0,23.0,129.0,108.0,39.0,9.0,63.0,65.0,229.0,0.484304932735426,0.2987012987012987,0.8372093023255814,Oklahoma City,Thunder,Oklahoma City Thunder,2026-04-08 22:00:00,2025-26,27.35264705882353,16.558823529411764,4.470588235294118,5.323529411764706,1.1470588235294117,0.2647058823529412,1.8529411764705883,1.911764705882353,11.135463800904978,0.5599093006603548,468.19999999999993,18.124065850170428,34,929.99,1947.7127032564529,468.2,563.0,181.0,152.0,446.0,129.0,39.0,9.0,63.0,229.0,7869.849999999999,1434.0,1488.0,3292.4715926301888,2926.0,1280.0,both,1573.9699999999998,57.28566774283685,28.90570046900138,9.29295166054929,11.757380830197722,8.804030695493925,2.004752400507544,1646.0,0.9254028875027946
322,1631115.0,Orlando Robinson,5,2025-10-30 19:00:00,2026-02-01 21:00:00,1,24.09,7.0,3.0,2.0,2.0,4.0,5.0,3.0,2.0,1.0,0.0,0.0,1.0,0.0,0.0,3.0,-11.0,0.6,0.5,,Orlando,Magic,Orlando Magic,2026-02-01 21:00:00,2025-26,4.818,1.4,0.8,0.6,0.2,0.0,0.0,0.6,0.0,0.7,8.599999999999998,12.851805728518054,5,24.09,49.1818337515018,8.6,7.0,3.0,4.0,5.0,0.0,1.0,0.0,0.0,-11.0,949.6199999999999,171.0,169.0,387.1509916190837,340.0,127.0,both,189.92399999999998,9.83636675030036,14.232897527506791,6.099813226074339,-22.365981828939244,9.275217932752177,2.0363980497294767,213.0,0.0
323,1631116.0,Patrick Baldwin Jr.,9,2026-01-20 20:00:00,2026-03-24 19:00:00,3,100.68,33.0,5.0,12.0,11.0,23.0,27.0,11.0,14.0,6.0,7.0,5.0,3.0,5.0,5.0,15.0,-39.0,0.4074074074074074,0.42857142857142855,0.7142857142857143,Sacramento,Kings,Sacramento Kings,2026-03-24 19:00:00,2025-26,11.186666666666667,3.6666666666666665,2.5555555555555554,0.5555555555555556,0.3333333333333333,0.5555555555555556,0.5555555555555556,1.6666666666666667,14.253135689851769,0.5485372340425532,28.4,10.154946364719903,9,100.68,205.63393157914487,28.4,33.0,5.0,23.0,27.0,7.0,3.0,5.0,5.0,-39.0,2141.2000000000003,394.0,386.0,890.3249381739074,815.0,367.0,both,428.24000000000007,22.848214619904986,16.047935156702913,2.4315053267731686,-18.965741548830714,12.542302089381948,1.4332328046895915,448.0,4.747183438333618
324,1631117.0,Walker Kessler,6,2025-10-22 21:00:00,2026-03-21 21:30:00,1,152.79,72.0,15.0,23.0,31.0,54.0,37.0,26.0,8.0,6.0,20.0,14.0,7.0,9.0,16.0,22.0,14.0,0.7027027027027027,0.75,0.7,Utah,Jazz,Utah Jazz,2026-03-21 21:30:00,2025-26,25.465,12.0,9.0,2.5,1.1666666666666667,1.5,2.6666666666666665,3.6666666666666665,25.889967637540455,0.7860262008733625,78.5,18.49597486746515,6,152.79,318.18833292335756,78.5,72.0,15.0,54.0,37.0,20.0,7.0,9.0,16.0,14.0,1213.8,254.0,202.0,504.86244367132383,464.0,235.0,both,242.76,53.03138882055959,22.62810812027565,4.714189191724094,4.399909912275821,18.81529860386289,2.20296284721415,229.0,6.244378575954497
325,1631119.0,Jaylin Williams,65,2025-10-21 19:30:00,2026-04-08 22:00:00,1,1263.63,469.0,158.0,32.0,326.0,358.0,352.0,149.0,256.0,98.0,92.0,73.0,31.0,42.0,67.0,127.0,304.0,0.42329545454545453,0.3828125,0.7934782608695652,Oklahoma City,Thunder,Oklahoma City Thunder,2026-04-08 22:00:00,2025-26,19.44046153846154,7.2153846153846155,5.507692307692308,2.4307692307692306,0.47692307692307695,0.6461538461538462,1.0307692307692307,1.9538461538461538,14.581701053364673,0.5974826742763962,448.0,12.763229742883595,65,1263.6299999999999,2612.665801151844,447.99999999999994,469.0,158.0,358.0,352.0,92.0,31.0,42.0,67.0,304.0,15605.72,2899.0,2899.0,6454.364741211232,5749.0,2509.0,both,3121.144,40.19485847925914,17.95101385692852,6.04746309039383,11.635625186580532,15.251013087819565,1.1863205892735607,3240.0,3.2018291805413033
326,1631120.0,JD Davison,28,2025-10-27 20:00:00,2026-04-12 20:30:00,1,212.25,69.0,35.0,3.0,31.0,34.0,64.0,24.0,32.0,8.0,19.0,13.0,6.0,6.0,7.0,17.0,16.0,0.375,0.25,0.6842105263157895,Houston,Rockets,Houston Rockets,2026-04-12 20:30:00,2025-26,7.580357142857143,2.4642857142857144,1.2142857142857142,1.25,0.21428571428571427,0.21428571428571427,0.25,0.6071428571428571,8.820564516129032,0.4767827529021559,63.7,10.804240282685514,28,212.25,427.69137673064586,63.7,69.0,35.0,34.0,64.0,19.0,6.0,6.0,7.0,16.0,6654.869999999999,1336.0,1099.0,2654.987622137048,2474.0,1010.0,both,1330.9739999999997,15.274692026094495,16.133128642304907,8.183471050444517,3.7410153373460644,8.755920795814859,1.4171330367068187,1464.0,2.5699936279904994
327,1631121.0,Bryce McGowens,42,2025-10-27 20:00:00,2026-03-08 19:00:00,1,871.96,340.0,62.0,12.0,76.0,88.0,237.0,114.0,93.0,38.0,95.0,74.0,27.0,8.0,17.0,88.0,-70.0,0.4810126582278481,0.40860215053763443,0.7789473684210526,New Orleans,Pelicans,New Orleans Pelicans,2026-03-08 19:00:00,2025-26,20.760952380952382,8.095238095238095,2.0952380952380953,1.4761904761904763,0.6428571428571429,0.19047619047619047,0.40476190476190477,2.0952380952380953,5.747126436781609,0.6097560975609756,266.30000000000007,10.994541033992387,42,871.96,1841.823780441171,266.3,340.0,62.0,88.0,237.0,95.0,27.0,8.0,17.0,-70.0,10068.67,1814.0,1906.0,4217.215116478559,3913.0,1778.0,both,2013.734,43.852947153361214,18.459963630101463,3.366228661959678,-3.800580747373831,5.463177012657678,1.4785756498169609,2135.0,0.8653616558265514
328,1631123.0,Jamaree Bouyea,46,2025-11-18 23:00:00,2026-04-12 20:30:00,1,636.45,263.0,82.0,18.0,64.0,82.0,236.0,108.0,78.0,23.0,35.0,24.0,29.0,16.0,30.0,38.0,25.0,0.4576271186440678,0.2948717948717949,0.6857142857142857,Phoenix,Suns,Phoenix Suns,2026-04-12 20:30:00,2025-26,13.835869565217392,5.717391304347826,1.7826086956521738,1.7826086956521738,0.6304347826086957,0.34782608695652173,0.6521739130434783,0.8260869565217391,10.660980810234543,0.5230708035003978,220.8,12.489276455338203,46,636.45,1276.6554067087814,220.79999999999998,263.0,82.0,82.0,236.0,35.0,29.0,16.0,30.0,25.0,10986.94,1994.0,2020.0,4407.8546785356,3935.0,1623.0,both,2197.388,27.75337840671264,20.600703887512935,6.423033151239775,1.9582418144023703,7.053082143991042,2.2715023352584343,2312.0,2.3893216073913446
329,1631124.0,Julian Strawther,57,2025-10-25 21:00:00,2026-04-12 20:30:00,1,848.4,413.0,61.0,12.0,102.0,114.0,319.0,149.0,150.0,58.0,70.0,57.0,25.0,6.0,36.0,73.0,20.0,0.4670846394984326,0.38666666666666666,0.8142857142857143,Denver,Nuggets,Denver Nuggets,2026-04-12 20:30:00,2025-26,14.884210526315789,7.245614035087719,2.0,1.0701754385964912,0.43859649122807015,0.10526315789473684,0.631578947368421,1.280701754385965,9.331259720062208,0.5903373356203545,289.80000000000007,12.2970297029703,57,848.4,1746.6339970168524,289.79999999999995,413.0,61.0,114.0,319.0,70.0,25.0,6.0,36.0,20.0,13726.68,2564.0,2425.0,5666.170042299474,5209.0,2263.0,both,2745.3360000000002,30.642701702050044,23.64548043295731,3.492431734649869,1.1450595851311047,7.394114860330634,1.4277272553982019,2946.0,0.6590423953655187
330,1631126.0,Caleb Love,50,2025-10-27 22:30:00,2026-04-12 20:30:00,1,1003.5699999999999,509.0,123.0,25.0,89.0,114.0,490.0,190.0,292.0,93.0,49.0,36.0,27.0,4.0,62.0,48.0,-127.0,0.3877551020408163,0.3184931506849315,0.7346938775510204,Portland,Trail Blazers,Portland Trail Blazers,2026-04-12 20:30:00,2025-26,20.071399999999997,10.18,2.28,2.46,0.54,0.08,1.24,0.96,10.809679893995398,0.4974978497145985,315.70000000000005,11.324770569068427,50,1003.57,2100.1978653285187,315.7,509.0,123.0,114.0,490.0,49.0,27.0,4.0,62.0,-127.0,11708.51,2277.0,2098.0,4900.559120040402,4436.0,1778.0,both,2341.702,42.00395730657037,24.235811701502747,5.856591039852333,-6.047049285050783,6.080100395872451,1.285588822478259,2658.0,0.3511470071408653
331,1631127.0,Harrison Ingram,7,2025-10-22 21:30:00,2026-04-10 20:00:00,1,25.270000000000003,11.0,1.0,3.0,0.0,3.0,6.0,5.0,1.0,1.0,0.0,0.0,0.0,0.0,1.0,2.0,-6.0,0.8333333333333334,1.0,,San Antonio,Spurs,San Antonio Spurs,2026-04-10 20:00:00,2025-26,3.6100000000000003,1.5714285714285714,0.42857142857142855,0.14285714285714285,0.0,0.0,0.14285714285714285,0.2857142857142857,14.285714285714286,0.9166666666666666,9.799999999999999,13.961218836565093,7,25.27,53.38038641611485,9.8,11.0,1.0,3.0,6.0,0.0,0.0,0.0,1.0,-6.0,1662.4,327.0,238.0,701.7350461172405,619.0,215.0,both,332.48,7.625769488016408,20.606819730100796,1.8733472481909814,-11.240083489145889,6.986072540456872,0.0,404.0,0.0
332,1631128.0,Christian Braun,44,2025-10-23 22:00:00,2026-04-08 21:00:00,1,1390.7,526.0,120.0,61.0,150.0,211.0,389.0,202.0,143.0,43.0,101.0,79.0,30.0,12.0,43.0,103.0,291.0,0.519280205655527,0.3006993006993007,0.7821782178217822,Denver,Nuggets,Denver Nuggets,2026-04-08 21:00:00,2025-26,31.606818181818184,11.954545454545455,4.795454545454546,2.727272727272727,0.6818181818181818,0.2727272727272727,0.9772727272727273,2.340909090909091,9.025270758122744,0.6067737172388336,451.59999999999997,11.690227942762636,44,1390.6999999999998,2882.6601879111718,451.5999999999999,526.0,120.0,211.0,389.0,101.0,30.0,12.0,43.0,291.0,10635.879999999997,2016.0,1842.0,4406.825300828896,4016.0,1776.0,both,2127.1759999999995,65.51500427070845,18.24703453448494,4.162821566802648,10.094842299496422,8.365467219237559,1.0412748771445883,2240.0,0.8194136560211198
333,1631131.0,Oscar Tshiebwe,27,2026-01-01 22:30:00,2026-04-12 20:30:00,1,443.05,211.0,32.0,77.0,102.0,179.0,145.0,92.0,0.0,0.0,49.0,27.0,16.0,5.0,21.0,39.0,-79.0,0.6344827586206897,,0.5510204081632653,Utah,Jazz,Utah Jazz,2026-04-12 20:30:00,2025-26,16.409259259259258,7.814814814814815,6.62962962962963,1.1851851851851851,0.5925925925925926,0.18518518518518517,0.7777777777777778,1.4444444444444444,11.196417146513115,0.6334053794428434,227.29999999999998,18.469247263288565,27,443.04999999999995,962.6603638170077,227.29999999999998,211.0,32.0,179.0,145.0,49.0,16.0,5.0,21.0,-79.0,6434.4,1155.0,1287.0,2771.9310887253328,2474.0,1083.0,both,1286.8799999999999,35.654087548778065,21.918426054581907,3.324121486950811,-8.206424920909813,21.290834390935963,1.6765745283391982,1391.0,1.0440665568090481
334,1631132.0,Christian Koloko,27,2025-10-24 22:00:00,2026-04-12 18:00:00,3,352.01,73.0,18.0,31.0,50.0,81.0,74.0,31.0,9.0,1.0,15.0,10.0,14.0,23.0,16.0,48.0,-13.0,0.4189189189189189,0.1111111111111111,0.6666666666666666,Atlanta,Hawks,Atlanta Hawks,2026-04-12 18:00:00,2025-26,13.037407407407407,2.7037037037037037,3.0,0.6666666666666666,0.5185185185185185,0.8518518518518519,0.5925925925925926,1.7777777777777777,16.563146997929607,0.4528535980148884,75.8,7.752052498508564,27,352.01,748.9665733691935,75.79999999999998,73.0,18.0,81.0,74.0,15.0,14.0,23.0,16.0,-13.0,6449.41,1218.0,1202.0,2733.4998151420095,2465.0,1021.0,both,1289.882,27.739502717377537,9.746763419842983,2.403311528180461,-1.7357249925747775,12.264917577238252,1.8767393840853601,1444.0,5.836542118507242
335,1631133.0,Jabari Walker,64,2025-10-22 19:30:00,2026-04-12 18:00:00,1,749.39,276.0,34.0,72.0,120.0,192.0,213.0,97.0,95.0,32.0,68.0,50.0,23.0,13.0,27.0,103.0,4.0,0.45539906103286387,0.3368421052631579,0.7352941176470589,Philadelphia,76ers,Philadelphia 76ers,2026-04-12 18:00:00,2025-26,11.70921875,4.3125,3.0,0.53125,0.359375,0.203125,0.421875,1.609375,10.002963841138115,0.5680882595093034,232.60000000000008,11.173888095651133,64,749.3900000000001,1559.9272896823081,232.59999999999997,276.0,34.0,192.0,213.0,68.0,23.0,13.0,27.0,4.0,15326.88,2817.0,2821.0,6371.430881792419,5703.0,2357.0,both,3065.3759999999997,24.373863901286065,17.693132354663124,2.179588768328066,0.25642220803859594,13.930028869974938,1.476613107333907,3346.0,1.5892538603244282
336,1631157.0,Ryan Rollins,75,2025-10-22 20:00:00,2026-04-10 20:00:00,1,2360.09,1281.0,414.0,54.0,284.0,338.0,1030.0,486.0,453.0,184.0,157.0,125.0,110.0,31.0,201.0,193.0,-175.0,0.47184466019417476,0.40618101545253865,0.7961783439490446,Milwaukee,Bucks,Milwaukee Bucks,2026-04-10 20:00:00,2025-26,31.46786666666667,17.08,4.506666666666667,5.52,1.4666666666666666,0.41333333333333333,2.68,2.5733333333333333,15.46058704079749,0.5827601266513812,1007.9000000000001,15.374159460020593,75,2360.09,4821.148939001873,1007.9,1281.0,414.0,338.0,1030.0,157.0,110.0,31.0,201.0,-175.0,17668.650000000005,3010.0,3326.0,7219.81012706848,6530.0,2928.0,both,3533.730000000001,64.28198585335831,26.570429916342857,8.587164703642422,-3.629840152505855,7.987416488482657,2.2812438325961444,3602.0,1.288613818261559
337,1631159.0,Leonard Miller,46,2025-10-24 22:00:00,2026-04-12 20:30:00,2,708.41,361.0,40.0,54.0,127.0,181.0,262.0,145.0,99.0,32.0,53.0,39.0,17.0,15.0,36.0,65.0,-28.0,0.5534351145038168,0.32323232323232326,0.7358490566037735,Chicago,Bulls,Chicago Bulls,2026-04-12 20:30:00,2025-26,15.400217391304347,7.8478260869565215,3.9347826086956523,0.8695652173913043,0.3695652173913043,0.32608695652173914,0.782608695652174,1.4130434782608696,11.203784389393752,0.6326230197672789,299.40000000000003,15.214917914766875,46,708.4100000000001,1542.4987803244876,299.4,361.0,40.0,181.0,262.0,53.0,17.0,15.0,36.0,-28.0,10957.480000000001,2073.0,2052.0,4715.331192403581,4304.0,1775.0,both,2191.496,33.53258218096712,23.403584145723492,2.5931949191937385,-1.815236443435617,13.57408677477903,1.1153026105074486,2529.0,1.8348409700282304
338,1631165.0,Keon Ellis,72,2025-10-22 22:00:00,2026-04-10 19:00:00,2,1464.79,480.0,72.0,38.0,97.0,135.0,384.0,169.0,251.0,91.0,70.0,51.0,83.0,45.0,41.0,134.0,-144.0,0.4401041666666667,0.36254980079681276,0.7285714285714285,Cleveland,Cavaliers,Cleveland Cavaliers,2026-04-10 19:00:00,2025-26,20.344305555555554,6.666666666666667,1.875,1.0,1.1527777777777777,0.625,0.5694444444444444,1.8611111111111112,8.995173321632295,0.5785920925747348,397.20000000000005,9.761945398316483,72,1464.79,3022.663606667619,397.2,480.0,72.0,135.0,384.0,70.0,83.0,45.0,41.0,-144.0,17198.23,3028.0,3153.0,7089.261980093023,6382.0,2696.0,both,3439.6459999999997,41.98143898149471,15.880033720629044,2.382005058094357,-4.764010116188714,5.1287721645665565,2.7492576901369348,3686.0,2.866787913653996
339,1631166.0,Drew Timme,28,2025-11-25 23:00:00,2026-04-12 20:30:00,1,229.45000000000002,92.0,23.0,10.0,23.0,33.0,66.0,38.0,25.0,11.0,9.0,5.0,6.0,0.0,13.0,20.0,-25.0,0.5757575757575758,0.44,0.5555555555555556,Los Angeles,Lakers,Los Angeles Lakers,2026-04-12 20:30:00,2025-26,8.194642857142858,3.2857142857142856,1.1785714285714286,0.8214285714285714,0.21428571428571427,0.0,0.4642857142857143,0.7142857142857143,15.670202507232402,0.657518582046884,74.4,11.673131401176727,28,229.45000000000002,472.74072738220497,74.39999999999999,92.0,23.0,33.0,66.0,9.0,6.0,0.0,13.0,-25.0,6410.0199999999995,1101.0,1103.0,2618.8162851770253,2392.0,1007.0,both,1282.004,16.88359740650732,19.460984567470778,4.865246141867694,-5.288311023769233,8.365726611296086,1.280110723421761,1385.0,0.0
340,1631169.0,Josh Minott,50,2025-10-22 19:30:00,2026-04-10 20:00:00,2,824.65,364.0,46.0,48.0,110.0,158.0,252.0,126.0,153.0,64.0,61.0,48.0,44.0,24.0,43.0,73.0,-25.0,0.5,0.41830065359477125,0.7868852459016393,Brooklyn,Nets,Brooklyn Nets,2026-04-10 20:00:00,2025-26,16.493,7.28,3.16,0.92,0.88,0.48,0.86,1.46,13.360676112353966,0.6527040596757998,320.2,13.978293821621293,50,824.6500000000001,1664.5256937154847,320.2,364.0,46.0,158.0,252.0,61.0,44.0,24.0,43.0,-25.0,11651.689999999999,2074.0,2081.0,4670.900697288875,4130.0,1736.0,both,2330.3379999999997,33.290513874309696,21.86809139530279,2.7635500114943086,-1.5019293540729939,10.745714868788369,2.661958594485951,2394.0,2.83293330032776
341,1631170.0,Jaime Jaquez Jr.,75,2025-10-22 19:00:00,2026-04-12 18:00:00,1,2105.56,1152.0,352.0,96.0,279.0,375.0,915.0,464.0,183.0,58.0,216.0,166.0,51.0,21.0,152.0,137.0,144.0,0.507103825136612,0.31693989071038253,0.7685185185185185,Miami,Heat,Miami Heat,2026-04-12 18:00:00,2025-26,28.074133333333332,15.36,5.0,4.693333333333333,0.68,0.28,2.026666666666667,1.8266666666666667,13.080444735120995,0.5702744445764525,933.3000000000002,15.957180037614698,75,2105.5599999999995,4549.72682358187,933.3,1152.0,352.0,375.0,915.0,216.0,51.0,21.0,152.0,144.0,17863.1,3491.0,3468.0,7724.536295693625,7013.0,2957.0,both,3572.62,60.66302431442494,25.3202015125177,7.736728239935962,3.1650251890647123,9.143314004393725,1.1202551819348128,4056.0,0.8784975445681097
342,1631172.0,Ousmane Dieng,57,2025-10-23 19:30:00,2026-04-12 18:00:00,2,1087.69,431.0,136.0,29.0,151.0,180.0,398.0,168.0,185.0,63.0,45.0,32.0,25.0,17.0,75.0,78.0,-210.0,0.4221105527638191,0.34054054054054056,0.7111111111111111,Milwaukee,Bucks,Milwaukee Bucks,2026-04-12 18:00:00,2025-26,19.082280701754385,7.56140350877193,3.1578947368421053,2.3859649122807016,0.43859649122807015,0.2982456140350877,1.3157894736842106,1.368421052631579,15.219155844155845,0.5157970320727621,305.90000000000003,10.124575936158282,57,1087.69,2207.8486380590534,305.9,431.0,136.0,180.0,398.0,45.0,25.0,17.0,75.0,-210.0,13603.27,2398.0,2512.0,5553.541043832373,4978.0,2260.0,both,2720.654,38.73418663261497,19.521265750305115,6.159842556940826,-9.511521595276276,9.169785800843016,1.12599950811117,2718.0,1.564471467574946
343,1631174.0,Tyler Burton,12,2026-03-12 20:00:00,2026-04-01 20:00:00,1,304.45,129.0,12.0,8.0,42.0,50.0,112.0,42.0,66.0,22.0,27.0,23.0,11.0,4.0,11.0,31.0,-145.0,0.375,0.3333333333333333,0.8518518518518519,Memphis,Grizzlies,Memphis Grizzlies,2026-04-01 20:00:00,2025-26,25.370833333333334,10.75,4.166666666666667,1.0,0.9166666666666666,0.3333333333333333,0.9166666666666666,2.5833333333333335,8.155397390272835,0.5206651598320956,82.8,9.79077024141895,12,304.45,635.8898352800237,82.8,129.0,12.0,50.0,112.0,27.0,11.0,4.0,11.0,-145.0,2856.4100000000003,421.0,620.0,1197.0002174684203,1094.0,479.0,both,571.282,52.990819606668644,20.28653279906462,1.8871193301455462,-22.80269190592535,9.012677622629049,1.7243801621856938,615.0,1.2204484429472313
344,1631199.0,Ron Harper Jr.,29,2025-10-27 20:00:00,2026-04-12 18:00:00,1,312.52,123.0,22.0,15.0,33.0,48.0,110.0,46.0,80.0,28.0,4.0,3.0,10.0,9.0,8.0,20.0,18.0,0.41818181818181815,0.35,0.75,Boston,Celtics,Boston Celtics,2026-04-12 18:00:00,2025-26,10.77655172413793,4.241379310344827,1.6551724137931034,0.7586206896551724,0.3448275862068966,0.3103448275862069,0.27586206896551724,0.6896551724137931,6.68002672010688,0.5502863278453829,100.10000000000001,11.530782029950085,29,312.52000000000004,614.445839798613,100.10000000000001,123.0,22.0,48.0,110.0,4.0,10.0,9.0,8.0,18.0,6941.610000000001,1418.0,1195.0,2758.6819816531056,2545.0,1127.0,both,1388.3220000000001,21.187787579262515,20.01803772327822,3.5804620318058604,2.929468935113886,8.160452059426406,1.6103146790367728,1418.0,2.8195426522321756
345,1631200.0,Kris Murray,57,2025-10-22 22:00:00,2026-04-12 20:30:00,1,1322.34,331.0,81.0,90.0,116.0,206.0,276.0,129.0,122.0,34.0,57.0,39.0,51.0,22.0,47.0,92.0,45.0,0.4673913043478261,0.2786885245901639,0.6842105263157895,Portland,Trail Blazers,Portland Trail Blazers,2026-04-12 20:30:00,2025-26,23.198947368421052,5.807017543859649,3.6140350877192984,1.4210526315789473,0.8947368421052632,0.38596491228070173,0.8245614035087719,1.6140350877192982,13.502643070558493,0.5496877906204332,319.3,8.692771904351378,57,1322.3400000000001,2764.4261214024323,319.3,331.0,81.0,206.0,276.0,57.0,51.0,22.0,47.0,45.0,13633.48,2593.0,2462.0,5706.8075197676135,5078.0,1937.0,both,2726.696,48.498703884253196,11.973552030830872,2.9300837295990956,1.6278242942217196,8.403102212759032,1.842767469519089,3141.0,1.4442698001083882
346,1631204.0,Marcus Sasser,38,2025-12-06 19:30:00,2026-04-12 18:00:00,1,449.09999999999997,197.0,75.0,7.0,32.0,39.0,177.0,69.0,106.0,44.0,18.0,15.0,20.0,4.0,31.0,41.0,116.0,0.3898305084745763,0.41509433962264153,0.8333333333333334,Detroit,Pistons,Detroit Pistons,2026-04-12 18:00:00,2025-26,11.818421052631578,5.184210526315789,1.0263157894736843,1.9736842105263157,0.5263157894736842,0.10526315789473684,0.8157894736842105,1.0789473684210527,14.357169321971101,0.5326627730910665,141.9,11.374749498997998,38,449.1,927.6992010234414,141.9,197.0,75.0,39.0,177.0,18.0,20.0,4.0,31.0,116.0,9106.67,1741.0,1489.0,3754.507292693881,3216.0,1357.0,both,1821.334,24.41313686903793,21.235331428836936,8.084517041435381,12.504053024086723,4.896757808703061,2.1603473439182066,1859.0,0.8726239760616206
347,1631205.0,Buddy Boeheim,4,2026-02-11 21:00:00,2026-02-25 19:30:00,1,14.2,6.0,0.0,0.0,0.0,0.0,6.0,2.0,6.0,2.0,0.0,0.0,0.0,0.0,0.0,1.0,6.0,0.3333333333333333,0.3333333333333333,,Oklahoma City,Thunder,Oklahoma City Thunder,2026-02-25 19:30:00,2025-26,3.55,1.5,0.0,0.0,0.0,0.0,0.0,0.25,0.0,0.5,2.2000000000000006,5.577464788732396,4,14.2,27.68812454564224,2.2,6.0,0.0,0.0,6.0,0.0,0.0,0.0,0.0,6.0,950.01,168.0,184.0,379.3964337414846,355.0,152.0,both,190.002,6.92203113641056,21.669940086080423,0.0,21.669940086080423,0.0,0.0,203.0,0.0
348,1631207.0,Dalen Terry,48,2025-10-22 20:00:00,2026-04-12 18:00:00,2,541.42,176.0,66.0,26.0,60.0,86.0,155.0,68.0,66.0,24.0,30.0,16.0,29.0,15.0,26.0,49.0,-45.0,0.43870967741935485,0.36363636363636365,0.5333333333333333,Philadelphia,76ers,Philadelphia 76ers,2026-04-12 18:00:00,2025-26,11.279583333333333,3.6666666666666665,1.7916666666666667,1.375,0.6041666666666666,0.3125,0.5416666666666666,1.0208333333333333,13.388259526261587,0.5231866825208086,165.4,10.997746666174136,48,541.4200000000001,1152.8834200416961,165.39999999999998,176.0,66.0,86.0,155.0,30.0,29.0,15.0,26.0,-45.0,11412.04,2121.0,2187.0,4844.181580072118,4393.0,1804.0,both,2282.4080000000004,24.018404584202003,15.26607087415956,5.724776577809836,-3.903256757597615,8.415535240783486,2.5236932743326235,2589.0,2.442407894129137
349,1631210.0,Jacob Toppin,5,2025-10-25 19:30:00,2025-11-25 19:00:00,1,16.119999999999997,8.0,1.0,0.0,1.0,1.0,6.0,4.0,0.0,0.0,0.0,0.0,0.0,1.0,0.0,1.0,13.0,0.6666666666666666,,,Atlanta,Hawks,Atlanta Hawks,2025-11-25 19:00:00,2025-26,3.2239999999999993,1.6,0.2,0.2,0.0,0.2,0.0,0.2,0.0,0.6666666666666666,6.7,14.962779156327548,5,16.12,33.153655245289926,6.699999999999999,8.0,1.0,1.0,6.0,0.0,0.0,1.0,0.0,13.0,1189.6,224.0,230.0,486.45975024525427,441.0,179.0,both,237.92,6.630731049057985,24.1300693417102,3.016258667713775,39.21136268027908,3.2509482843431963,0.0,262.0,5.633322599587066
350,1631211.0,Trevor Keels,8,2026-02-21 20:00:00,2026-04-12 18:00:00,1,13.370000000000001,8.0,0.0,0.0,2.0,2.0,12.0,3.0,9.0,2.0,0.0,0.0,1.0,0.0,0.0,0.0,5.0,0.25,0.2222222222222222,,Miami,Heat,Miami Heat,2026-04-12 18:00:00,2025-26,1.6712500000000001,1.0,0.25,0.0,0.125,0.0,0.0,0.0,0.0,0.3333333333333333,2.400000000000001,6.462228870605836,8,13.370000000000001,28.548919863207207,2.4,8.0,0.0,2.0,12.0,0.0,1.0,0.0,0.0,5.0,1899.21,362.0,327.0,815.7089393514016,739.0,291.0,both,379.842,3.568614982900901,28.0220759255768,0.0,17.5137974534855,8.246740910970882,3.48286270601429,448.0,0.0
351,1631212.0,Peyton Watson,54,2025-10-23 22:00:00,2026-04-01 21:00:00,1,1587.45,789.0,111.0,49.0,215.0,264.0,581.0,285.0,197.0,81.0,189.0,138.0,50.0,61.0,93.0,136.0,196.0,0.4905335628227194,0.41116751269035534,0.7301587301587301,Denver,Nuggets,Denver Nuggets,2026-04-01 21:00:00,2025-26,29.397222222222222,14.61111111111111,4.888888888888889,2.0555555555555554,0.9259259259259259,1.1296296296296295,1.7222222222222223,2.5185185185185186,12.282740768133552,0.5939833774993978,597.7000000000002,13.554568647831431,54,1587.4500000000003,3220.8363499368756,597.7,789.0,111.0,264.0,581.0,189.0,50.0,61.0,93.0,196.0,13000.859999999999,2318.0,2315.0,5293.604639044668,4926.0,2041.0,both,2600.1719999999996,59.64511759142362,24.496742903918836,3.446309838193905,6.0853759305045525,9.333481022092961,1.5471076165251298,2885.0,3.4632675175893572
352,1631213.0,Tyrese Martin,47,2025-10-22 19:00:00,2026-04-12 18:00:00,2,767.17,290.0,78.0,34.0,82.0,116.0,277.0,109.0,165.0,53.0,28.0,19.0,25.0,6.0,40.0,33.0,-181.0,0.3935018050541516,0.3212121212121212,0.6785714285714286,Philadelphia,76ers,Philadelphia 76ers,2026-04-12 18:00:00,2025-26,16.32276595744681,6.170212765957447,2.4680851063829787,1.6595744680851063,0.5319148936170213,0.1276595744680851,0.851063829787234,0.7021276595744681,12.146240738491437,0.5011751693626435,215.10000000000002,10.093721078770026,47,767.17,1552.0173750674348,215.1,290.0,78.0,116.0,277.0,28.0,25.0,6.0,40.0,-181.0,10941.26,1845.0,2039.0,4447.271449523771,3939.0,1609.0,both,2188.252,33.02164627803053,18.68535782258234,5.025716931591111,-11.662240572025528,8.51891903269828,1.603437708482915,2330.0,0.7345156472473017
353,1631214.0,Alondes Williams,4,2026-02-19 19:00:00,2026-02-24 19:30:00,1,100.07000000000001,44.0,12.0,5.0,20.0,25.0,26.0,16.0,14.0,5.0,8.0,7.0,3.0,3.0,5.0,4.0,35.0,0.6153846153846154,0.35714285714285715,0.875,Washington,Wizards,Washington Wizards,2026-02-24 19:30:00,2025-26,25.017500000000002,11.0,6.25,3.0,0.75,0.75,1.25,1.0,14.484356894553883,0.7452574525745258,48.2,17.339862096532425,4,100.07,215.1525447837759,48.2,44.0,12.0,25.0,26.0,8.0,3.0,3.0,5.0,35.0,952.41,172.0,204.0,414.3447271712089,367.0,187.0,both,190.482,53.78813619594398,20.45060635662903,5.577438097262463,16.267527783682183,12.656167278649628,1.3781912262074294,180.0,3.1724792645148403
354,1631216.0,Caleb Houstan,19,2025-10-25 19:30:00,2026-04-03 19:30:00,1,72.08,42.0,4.0,5.0,6.0,11.0,26.0,14.0,21.0,11.0,3.0,3.0,2.0,1.0,4.0,11.0,1.0,0.5384615384615384,0.5238095238095238,1.0,Atlanta,Hawks,Atlanta Hawks,2026-04-03 19:30:00,2025-26,3.7936842105263158,2.210526315789474,0.5789473684210527,0.21052631578947367,0.10526315789473684,0.05263157894736842,0.21052631578947367,0.5789473684210527,12.77139208173691,0.7686676427525622,31.800000000000004,15.882352941176473,19,72.08,151.55524379619845,31.799999999999997,42.0,4.0,11.0,26.0,3.0,2.0,1.0,4.0,1.0,4279.2,771.0,780.0,1805.219897862061,1555.0,634.0,both,855.8399999999999,7.976591778747287,27.712666977382085,2.639301616893532,0.659825404223383,8.420903487850378,1.3154601200586034,921.0,1.2891936935796997
355,1631217.0,Moussa Diabate,73,2025-10-22 19:00:00,2026-04-12 18:00:00,1,1885.0,575.0,141.0,273.0,362.0,635.0,363.0,229.0,2.0,1.0,176.0,116.0,56.0,72.0,73.0,176.0,345.0,0.6308539944903582,0.5,0.6590909090909091,Charlotte,Hornets,Charlotte Hornets,2026-04-12 18:00:00,2025-26,25.82191780821918,7.876712328767123,8.698630136986301,1.9315068493150684,0.7671232876712328,0.9863013698630136,1.0,2.410958904109589,14.217824867559987,0.6527563345745164,749.9000000000001,14.321697612732097,73,1885.0000000000002,3795.6712901745673,749.8999999999999,575.0,141.0,635.0,363.0,176.0,56.0,72.0,73.0,345.0,17435.15,3354.0,2865.0,7049.148532691771,6434.0,2592.0,both,3487.03,51.995497125679,15.148835503444111,3.7147579234532517,9.089301302066467,18.888501183376178,1.469588329860649,3842.0,3.4667255808687174
356,1631218.0,Trayce Jackson-Davis,53,2025-10-24 22:00:00,2026-04-12 18:00:00,2,484.83,181.0,39.0,66.0,79.0,145.0,124.0,71.0,1.0,1.0,74.0,38.0,17.0,24.0,22.0,45.0,-76.0,0.5725806451612904,1.0,0.5135135135135135,Toronto,Raptors,Toronto Raptors,2026-04-12 18:00:00,2025-26,9.147735849056604,3.4150943396226414,2.7358490566037736,0.7358490566037735,0.32075471698113206,0.4528301886792453,0.41509433962264153,0.8490566037735849,12.320788530465949,0.5780531425651507,199.2,14.791163913124189,53,484.8299999999999,1018.1843985263196,199.2,181.0,39.0,145.0,124.0,74.0,17.0,24.0,22.0,-76.0,12588.200000000003,2266.0,2323.0,5252.215723026843,4644.0,1873.0,both,2517.6400000000003,19.21102638728905,17.776740663279888,3.8303474357343403,-7.4642667978412796,16.4079411443883,1.6807786038989687,2771.0,4.4975796261236445
357,1631221.0,Collin Gillespie,80,2025-10-22 22:00:00,2026-04-10 22:30:00,1,2267.09,1012.0,371.0,89.0,238.0,327.0,842.0,352.0,578.0,232.0,87.0,76.0,99.0,16.0,125.0,130.0,200.0,0.4180522565320665,0.4013840830449827,0.8735632183908046,Phoenix,Suns,Phoenix Suns,2026-04-10 22:30:00,2025-26,28.338625,12.65,4.0875,4.6375,1.2375,0.2,1.5625,1.625,12.434346649689639,0.574817103648839,885.5999999999999,14.062785332739326,80,2267.09,4589.687539815981,885.6,1012.0,371.0,327.0,842.0,87.0,99.0,16.0,125.0,200.0,19097.579999999998,3449.0,3510.0,7736.897743251051,6841.0,2798.0,both,3819.5159999999996,57.37109424769976,22.04943127872655,8.08333893716161,4.3575951143728355,7.9166325654368634,2.1557972322200873,4043.0,0.666738929872375
358,1631222.0,Jake LaRavia,82,2025-10-21 22:00:00,2026-04-12 20:30:00,1,2046.08,674.0,145.0,116.0,210.0,326.0,523.0,240.0,243.0,78.0,152.0,116.0,104.0,38.0,87.0,196.0,-5.0,0.4588910133843212,0.32098765432098764,0.7631578947368421,Los Angeles,Lakers,Los Angeles Lakers,2026-04-12 20:30:00,2025-26,24.95219512195122,8.21951219512195,3.975609756097561,1.7682926829268293,1.2682926829268293,0.4634146341463415,1.0609756097560976,2.3902439024390243,12.85309065122326,0.5713026378246423,600.4000000000001,10.563809821707853,82,2046.0800000000002,4199.981501056747,600.4000000000001,674.0,145.0,326.0,523.0,152.0,104.0,38.0,87.0,-5.0,19521.119999999995,3361.0,3360.0,8015.712760057183,7221.0,2982.0,both,3904.2239999999993,51.219286598253014,16.047689729833724,3.4523961584953864,-0.11904814339639264,9.255413391804554,2.4757301739230986,4239.0,1.710536306485135
359,1631223.0,David Roddy,5,2026-03-06 21:00:00,2026-04-12 20:30:00,1,71.81,40.0,4.0,8.0,12.0,20.0,30.0,15.0,11.0,3.0,7.0,7.0,4.0,1.0,2.0,7.0,5.0,0.5,0.2727272727272727,1.0,Denver,Nuggets,Denver Nuggets,2026-04-12 20:30:00,2025-26,14.362,8.0,4.0,0.8,0.8,0.2,0.4,1.4,5.701254275940707,0.6045949214026602,36.900000000000006,18.49881632084668,5,71.81,150.76091674509152,36.9,40.0,4.0,20.0,30.0,7.0,4.0,1.0,2.0,5.0,1186.0000000000002,233.0,229.0,500.17043434726617,485.0,195.0,both,237.20000000000005,30.152183349018305,26.532075330659143,2.6532075330659146,3.316509416332393,14.299398786239061,2.6416284472567226,290.0,1.1390210757314563
360,1631230.0,Dominick Barlow,71,2025-10-22 19:30:00,2026-04-12 18:00:00,1,1675.51,545.0,87.0,133.0,207.0,340.0,399.0,215.0,82.0,21.0,131.0,94.0,63.0,53.0,56.0,150.0,27.0,0.5388471177944862,0.25609756097560976,0.7175572519083969,Philadelphia,76ers,Philadelphia 76ers,2026-04-12 18:00:00,2025-26,23.5987323943662,7.676056338028169,4.788732394366197,1.2253521126760563,0.8873239436619719,0.7464788732394366,0.7887323943661971,2.112676056338028,10.923845193508114,0.596750175192712,537.1,11.54012808040537,71,1675.5099999999998,3474.7363471214053,537.1,545.0,87.0,340.0,399.0,131.0,63.0,53.0,56.0,27.0,17070.68,3100.0,3232.0,7077.6975571985295,6343.0,2673.0,both,3414.136,48.939948551005706,15.684643252185085,2.5037870879634907,0.7770373721266005,10.941372493845822,1.8137705320466564,3670.0,2.9426837982406497
361,1631243.0,Mouhamed Gueye,77,2025-10-22 19:30:00,2026-04-10 19:00:00,1,1164.5,342.0,69.0,89.0,186.0,275.0,290.0,131.0,130.0,40.0,62.0,40.0,61.0,39.0,33.0,127.0,43.0,0.4517241379310345,0.3076923076923077,0.6451612903225806,Atlanta,Hawks,Atlanta Hawks,2026-04-10 19:00:00,2025-26,15.123376623376624,4.441558441558442,3.5714285714285716,0.8961038961038961,0.7922077922077922,0.5064935064935064,0.42857142857142855,1.6493506493506493,9.421034600890717,0.5389561270801816,353.5,10.928295405753543,77,1164.4999999999998,2462.8638181011,353.49999999999994,342.0,69.0,275.0,290.0,62.0,61.0,39.0,33.0,43.0,18399.92,3365.0,3473.0,7782.206471492558,6862.0,2788.0,both,3679.9839999999995,31.985244390923377,13.88627326799118,2.8016165365245365,1.7459349430515227,12.708960647386219,2.47704287360723,4074.0,3.025171636869061
362,1631245.0,Quenton Jackson,49,2025-10-26 19:00:00,2026-04-12 18:00:00,1,887.25,448.0,140.0,28.0,86.0,114.0,328.0,154.0,118.0,42.0,119.0,98.0,31.0,6.0,62.0,82.0,-63.0,0.4695121951219512,0.3559322033898305,0.8235294117647058,Indiana,Pacers,Indiana Pacers,2026-04-12 18:00:00,2025-26,18.107142857142858,9.142857142857142,2.326530612244898,2.857142857142857,0.6326530612244898,0.12244897959183673,1.2653061224489797,1.6734693877551021,14.01573379148205,0.5889157640130402,355.40000000000003,14.42028740490279,49,887.25,1882.7712383461392,355.40000000000003,448.0,140.0,114.0,328.0,119.0,31.0,6.0,62.0,-63.0,11674.65,2046.0,2284.0,4953.390177147716,4473.0,1719.0,both,2334.93,38.4239028233906,23.794712330188954,7.435847603184048,-3.3461314214328213,6.9285891937162125,1.6469750208144378,2754.0,0.5733438674615144
363,1631246.0,Vince Williams Jr.,40,2025-10-31 21:30:00,2026-02-23 21:30:00,2,812.45,300.0,166.0,39.0,116.0,155.0,292.0,103.0,177.0,55.0,50.0,39.0,29.0,16.0,70.0,80.0,6.0,0.3527397260273973,0.3107344632768362,0.78,Utah,Jazz,Utah Jazz,2026-02-23 21:30:00,2025-26,20.31125,7.5,3.875,4.15,0.725,0.4,1.75,2.0,18.229166666666668,0.47770700636942676,248.89999999999998,11.028863314665516,40,812.45,1702.0731761308548,248.9,300.0,166.0,155.0,292.0,50.0,29.0,16.0,70.0,6.0,9540.279999999999,1881.0,1784.0,4014.4896051215273,3612.0,1594.0,both,1908.0559999999998,42.55182940327137,17.625564177091295,9.752812177990517,0.3525112835418259,9.932354069936679,1.6965323055320054,2018.0,1.8620583863329605
364,1631247.0,Luke Travers,12,2025-10-27 19:00:00,2025-12-19 19:30:00,1,100.66,28.0,9.0,9.0,15.0,24.0,36.0,9.0,16.0,1.0,9.0,9.0,7.0,4.0,3.0,6.0,-32.0,0.25,0.0625,1.0,Cleveland,Cavaliers,Cleveland Cavaliers,2025-12-19 19:30:00,2025-26,8.388333333333334,2.3333333333333335,2.0,0.75,0.5833333333333334,0.3333333333333333,0.25,0.5,6.983240223463687,0.35035035035035034,27.900000000000006,9.978144247963444,12,100.66000000000001,212.39141244026595,27.900000000000006,28.0,9.0,24.0,36.0,9.0,7.0,4.0,3.0,-32.0,2853.19,556.0,539.0,1201.3945745237947,1073.0,447.0,both,570.638,17.699284370022163,13.183207210825845,4.237459460622593,-15.066522526658108,12.425128399141013,3.303057518841047,626.0,3.622341745755966
365,1631248.0,Baylor Scheierman,77,2025-10-24 19:30:00,2026-04-12 18:00:00,1,1413.61,427.0,116.0,57.0,212.0,269.0,333.0,151.0,243.0,97.0,31.0,28.0,42.0,6.0,46.0,108.0,199.0,0.45345345345345345,0.3991769547325103,0.9032258064516129,Boston,Celtics,Boston Celtics,2026-04-12 18:00:00,2025-26,18.358571428571427,5.545454545454546,3.4935064935064934,1.5064935064935066,0.5454545454545454,0.07792207792207792,0.5974025974025974,1.4025974025974026,11.715566422167889,0.6159127625201939,394.8,10.05425824661682,77,1413.61,2791.062863817058,394.8,427.0,116.0,269.0,333.0,31.0,42.0,6.0,46.0,199.0,18365.73,3582.0,3178.0,7263.209302344341,6694.0,3019.0,both,3673.1459999999997,36.24756965996179,15.29883133538722,4.156122798372172,7.129900317897089,10.339848281346399,1.5025513164697704,3675.0,0.42423108645414853
366,1631250.0,Pete Nance,48,2025-11-12 19:00:00,2026-04-10 20:00:00,1,728.66,254.0,48.0,27.0,98.0,125.0,194.0,100.0,119.0,50.0,11.0,4.0,14.0,14.0,26.0,62.0,-78.0,0.5154639175257731,0.42016806722689076,0.36363636363636365,Milwaukee,Bucks,Milwaukee Bucks,2026-04-10 20:00:00,2025-26,15.180416666666666,5.291666666666667,2.6041666666666665,1.0,0.2916666666666667,0.2916666666666667,0.5416666666666666,1.2916666666666667,11.563778687066359,0.6387044860189096,210.3,10.390031015837291,48,728.66,1464.9005565106136,210.29999999999998,254.0,48.0,125.0,194.0,11.0,14.0,14.0,26.0,-78.0,11193.01,1906.0,2074.0,4525.7295847749665,4091.0,1898.0,both,2238.602,30.518761593971117,17.339060926089537,3.2766729309145584,-5.324593512736158,9.648924293743855,0.9503670983013724,2193.0,1.961287958586074
367,1631255.0,Karlo Matkovic,62,2025-10-27 20:00:00,2026-03-29 19:00:00,1,899.85,352.0,50.0,72.0,157.0,229.0,235.0,142.0,90.0,38.0,41.0,30.0,25.0,54.0,34.0,105.0,-93.0,0.6042553191489362,0.4222222222222222,0.7317073170731707,New Orleans,Pelicans,New Orleans Pelicans,2026-03-29 19:00:00,2025-26,14.513709677419355,5.67741935483871,3.693548387096774,0.8064516129032258,0.4032258064516129,0.8709677419354839,0.5483870967741935,1.6935483870967742,11.845039018952065,0.6955422067657288,359.20000000000005,14.370395065844308,62,899.8499999999998,1870.1396580712053,359.2,352.0,50.0,229.0,235.0,41.0,25.0,54.0,34.0,-93.0,14803.28,2694.0,2837.0,6152.236569225346,5689.0,2484.0,both,2960.656,30.163542872116214,18.82212371043134,2.673597117958998,-4.972890639403736,13.622275280878846,1.3369796909545655,3205.0,5.543493650397792
368,1631260.0,AJ Green,78,2025-10-22 20:00:00,2026-04-12 18:00:00,1,2254.36,809.0,152.0,29.0,184.0,213.0,618.0,262.0,554.0,232.0,62.0,53.0,39.0,8.0,75.0,179.0,-148.0,0.42394822006472493,0.4187725631768953,0.8548387096774194,Milwaukee,Bucks,Milwaukee Bucks,2026-04-12 18:00:00,2025-26,28.902051282051282,10.371794871794872,2.730769230769231,1.9487179487179487,0.5,0.10256410256410256,0.9615384615384616,2.2948717948717947,10.412617315488422,0.6268596578229606,557.5,8.902748451888783,78,2254.3600000000006,4587.260748307104,557.4999999999999,809.0,152.0,213.0,618.0,62.0,39.0,8.0,75.0,-148.0,18624.660000000007,3177.0,3464.0,7584.40776795076,6852.0,3068.0,both,3724.9320000000016,58.811035234706466,17.635797143176475,3.313524308730314,-3.226326300605832,5.299576946003911,0.8496459892075968,3784.0,0.34932843500592536
369,1631288.0,Jamal Cain,41,2025-11-14 19:00:00,2026-04-12 18:00:00,1,478.39,215.0,29.0,28.0,50.0,78.0,152.0,74.0,73.0,28.0,46.0,39.0,11.0,4.0,19.0,53.0,44.0,0.4868421052631579,0.3835616438356164,0.8478260869565217,Orlando,Magic,Orlando Magic,2026-04-12 18:00:00,2025-26,11.668048780487805,5.2439024390243905,1.9024390243902438,0.7073170731707317,0.2682926829268293,0.0975609756097561,0.4634146341463415,1.2926829268292683,9.93516000836645,0.6241291221551324,163.89999999999998,12.333869855139111,41,478.39,1008.4906697254737,163.9,215.0,29.0,78.0,152.0,46.0,11.0,4.0,19.0,44.0,9510.449999999999,1710.0,1684.0,3989.2155921618187,3484.0,1422.0,both,1902.0899999999997,24.597333407938383,21.318987518102297,2.8755843629068214,4.362955585100005,9.137591402847079,1.0963624351466066,2062.0,0.7712946161621275
370,1631321.0,Sidy Cissoko,75,2025-10-27 22:30:00,2026-04-12 20:30:00,1,1419.45,383.0,110.0,62.0,104.0,166.0,334.0,133.0,198.0,59.0,88.0,58.0,52.0,25.0,70.0,183.0,-60.0,0.39820359281437123,0.29797979797979796,0.6590909090909091,Portland,Trail Blazers,Portland Trail Blazers,2026-04-12 20:30:00,2025-26,18.926000000000002,5.1066666666666665,2.2133333333333334,1.4666666666666666,0.6933333333333334,0.3333333333333333,0.9333333333333333,2.44,15.811348030357788,0.5137905129856192,268.3,6.8046074183662695,75,1419.45,2982.322331439896,268.3,383.0,110.0,166.0,334.0,88.0,52.0,25.0,70.0,-60.0,17916.739999999998,3478.0,3203.0,7492.873319207745,6739.0,2638.0,both,3583.3479999999995,39.764297752531945,12.842340881881928,3.6884007754752273,-2.011854968441033,6.272425391822037,1.7519586089036008,4101.0,1.5389309264403273
371,1631323.0,Simone Fontecchio,70,2025-10-22 19:00:00,2026-04-10 19:00:00,1,1157.53,597.0,101.0,56.0,155.0,211.0,471.0,194.0,328.0,123.0,102.0,86.0,37.0,9.0,49.0,104.0,91.0,0.4118895966029724,0.375,0.8431372549019608,Miami,Heat,Miami Heat,2026-04-10 19:00:00,2025-26,16.536142857142856,8.528571428571428,3.0142857142857142,1.4428571428571428,0.5285714285714286,0.12857142857142856,0.7,1.4857142857142858,8.674408723976773,0.5786229355664108,447.6,13.920675922006343,70,1157.53,2504.850391935487,447.59999999999997,597.0,101.0,211.0,471.0,102.0,37.0,9.0,49.0,91.0,16673.5,3280.0,3258.0,7225.7050808778495,6523.0,2747.0,both,3334.7,35.78357702764981,23.833758771465018,4.032176944586209,3.632951504528168,9.297411498382106,1.4751833646677528,3776.0,0.6866493887408123
372,1631338.0,Mouhamadou Gueye,2,2026-04-10 20:00:00,2026-04-12 20:30:00,1,44.870000000000005,16.0,6.0,2.0,4.0,6.0,11.0,6.0,5.0,1.0,4.0,3.0,2.0,1.0,3.0,4.0,-16.0,0.5454545454545454,0.2,0.75,Chicago,Bulls,Chicago Bulls,2026-04-12 20:30:00,2025-26,22.435000000000002,8.0,3.0,3.0,1.0,0.5,1.5,2.0,19.03553299492386,0.6269592476489029,15.199999999999996,12.195230666369506,2,44.870000000000005,102.90084913309424,15.2,16.0,6.0,6.0,11.0,4.0,2.0,1.0,3.0,-16.0,476.40999999999997,84.0,104.0,216.7228686868687,194.0,86.0,both,95.282,51.45042456654712,15.548948463297174,5.8308556737364405,-15.548948463297174,6.7771671353176295,1.9596569406197188,108.0,1.9662151565427695
373,1631342.0,Daeqwon Plowden,32,2025-11-12 22:00:00,2026-04-12 20:30:00,1,837.83,344.0,41.0,33.0,64.0,97.0,279.0,120.0,186.0,62.0,49.0,42.0,23.0,7.0,26.0,78.0,-205.0,0.43010752688172044,0.3333333333333333,0.8571428571428571,Sacramento,Kings,Sacramento Kings,2026-04-12 20:30:00,2025-26,26.1821875,10.75,3.03125,1.28125,0.71875,0.21875,0.8125,2.4375,7.961783439490445,0.5722651051370774,235.59999999999997,10.123294701789144,32,837.8299999999999,1732.0993645020071,235.6,344.0,41.0,97.0,279.0,49.0,23.0,7.0,26.0,-205.0,7614.41,1396.0,1365.0,3146.3500324185998,2811.0,1211.0,both,1522.882,54.12810514068772,19.860292489565275,2.3670697443958613,-11.835348721979306,6.385805316569019,1.3287128837712505,1600.0,0.7952220319157824
374,1631351.0,Lucas Williamson,7,2026-04-01 20:00:00,2026-04-12 20:30:00,1,222.24,73.0,18.0,11.0,27.0,38.0,75.0,25.0,53.0,15.0,8.0,8.0,11.0,1.0,10.0,26.0,-125.0,0.3333333333333333,0.2830188679245283,1.0,Memphis,Grizzlies,Memphis Grizzlies,2026-04-12 20:30:00,2025-26,31.74857142857143,10.428571428571429,5.428571428571429,2.5714285714285716,1.5714285714285714,0.14285714285714285,1.4285714285714286,3.7142857142857144,11.296882060551289,0.4648497198166073,50.20000000000001,8.131749460043197,7,222.24,487.61307422008264,50.2,73.0,18.0,38.0,75.0,8.0,11.0,1.0,10.0,-125.0,1667.1999999999998,249.0,372.0,715.2406886563149,648.0,240.0,both,333.43999999999994,69.65901060286895,14.970886520374899,3.6914514707773725,-25.635079658176195,9.180946683685592,2.3074693519227014,408.0,0.3677352870593881
375,1631451.0,Javonte Cooke,19,2025-11-19 22:00:00,2026-03-01 18:00:00,1,90.2,23.0,7.0,4.0,15.0,19.0,41.0,9.0,23.0,3.0,2.0,2.0,6.0,0.0,9.0,6.0,-59.0,0.21951219512195122,0.13043478260869565,1.0,Portland,Trail Blazers,Portland Trail Blazers,2026-03-01 18:00:00,2025-26,4.747368421052632,1.2105263157894737,1.0,0.3684210526315789,0.3157894736842105,0.0,0.47368421052631576,0.3157894736842105,17.68867924528302,0.2745940783190067,4.700000000000001,1.8758314855875835,19,90.19999999999999,192.0270857160215,4.700000000000003,23.0,7.0,19.0,41.0,2.0,6.0,0.0,9.0,-59.0,4515.66,861.0,825.0,1924.38048082641,1708.0,719.0,both,903.132,10.10668872189587,11.977476986769178,3.6453190829297504,-30.72483227040789,11.283419210769267,3.1217994535577844,989.0,0.0
376,1631457.0,Alex Morales,4,2026-03-19 19:00:00,2026-04-10 20:00:00,1,22.95,8.0,4.0,1.0,2.0,3.0,7.0,3.0,1.0,0.0,2.0,2.0,0.0,0.0,4.0,7.0,8.0,0.42857142857142855,0.0,1.0,Orlando,Magic,Orlando Magic,2026-04-10 20:00:00,2025-26,5.7375,2.0,0.75,1.0,0.0,0.0,1.0,1.75,33.670033670033675,0.5076142131979695,1.5999999999999979,2.5098039215686243,4,22.95,48.72261776945717,1.5999999999999999,8.0,4.0,3.0,7.0,2.0,0.0,0.0,4.0,8.0,949.2,161.0,151.0,406.3675327665429,342.0,159.0,both,189.84,12.180654442364293,16.41947901455938,8.20973950727969,16.41947901455938,7.953745600804424,0.0,183.0,0.0
377,1631466.0,Nate Williams,14,2026-02-28 20:30:00,2026-04-12 20:30:00,1,235.9,112.0,14.0,20.0,10.0,30.0,88.0,43.0,30.0,13.0,15.0,13.0,5.0,0.0,15.0,26.0,-79.0,0.48863636363636365,0.43333333333333335,0.8666666666666667,Golden State,Warriors,Golden State Warriors,2026-04-12 20:30:00,2025-26,16.85,8.0,2.142857142857143,1.0,0.35714285714285715,0.0,1.0714285714285714,1.8571428571428572,13.686131386861314,0.5919661733615222,73.19999999999999,11.17083509961848,14,235.9,472.6989837726816,73.19999999999999,112.0,14.0,30.0,88.0,15.0,5.0,0.0,15.0,-79.0,3381.22,578.0,639.0,1349.2066044148253,1235.0,529.0,both,676.2439999999999,33.76421312662011,23.693725572691353,2.961715696586419,-16.71253857359479,7.066529241844813,1.0623485510156656,706.0,0.0
378,1641705.0,Victor Wembanyama,64,2025-10-22 21:30:00,2026-04-10 20:00:00,1,1851.39,1600.0,199.0,130.0,606.0,736.0,1080.0,553.0,350.0,122.0,450.0,372.0,66.0,197.0,155.0,156.0,682.0,0.5120370370370371,0.3485714285714286,0.8266666666666667,San Antonio,Spurs,San Antonio Spurs,2026-04-10 20:00:00,2025-26,28.92796875,25.0,11.5,3.109375,1.03125,3.078125,2.421875,2.4375,10.816468946266573,0.6259780907668232,1432.6,27.856691458849834,64,1851.3899999999999,3844.3015946991572,1432.6,1600.0,199.0,736.0,1080.0,450.0,66.0,197.0,155.0,682.0,15267.650000000001,3047.0,2687.0,6345.890038649613,5828.0,2422.0,both,3053.53,60.06721241717433,41.620043604440745,5.176492923302317,17.740543586392864,21.170172816335832,1.715361548395126,3406.0,9.539505441559063
379,1641706.0,Brandon Miller,65,2025-10-22 19:00:00,2026-04-12 18:00:00,1,1955.41,1311.0,217.0,70.0,249.0,319.0,1044.0,454.0,533.0,204.0,223.0,199.0,66.0,44.0,163.0,180.0,372.0,0.43486590038314177,0.3827392120075047,0.8923766816143498,Charlotte,Hornets,Charlotte Hornets,2026-04-12 18:00:00,2025-26,30.08323076923077,20.16923076923077,4.907692307692308,3.3384615384615386,1.0153846153846153,0.676923076923077,2.5076923076923077,2.769230769230769,12.48927301704058,0.573932686582846,889.5999999999999,16.377946313049435,65,1955.4099999999999,3931.769299338998,889.6,1311.0,217.0,319.0,1044.0,223.0,66.0,44.0,163.0,372.0,15505.009999999998,3004.0,2543.0,6239.162085553263,5677.0,2338.0,both,3101.0019999999995,60.4887584513692,33.34376714881016,5.519143761473535,9.461389305383202,9.120039759486238,1.677574754281398,3339.0,2.089779535308741
380,1641707.0,Taylor Hendricks,59,2025-10-22 21:00:00,2026-04-08 21:00:00,2,1107.09,438.0,55.0,65.0,156.0,221.0,355.0,163.0,184.0,63.0,72.0,49.0,50.0,30.0,50.0,99.0,-257.0,0.4591549295774648,0.3423913043478261,0.6805555555555556,Memphis,Grizzlies,Memphis Grizzlies,2026-04-08 21:00:00,2025-26,18.764237288135593,7.423728813559322,3.7457627118644066,0.9322033898305084,0.847457627118644,0.5084745762711864,0.847457627118644,1.6779661016949152,11.450032060089768,0.5663597806972174,357.7,11.63157466872612,59,1107.09,2325.2248289838853,357.7,438.0,55.0,221.0,355.0,72.0,50.0,30.0,50.0,-257.0,14142.029999999999,2382.0,2738.0,5942.50845358664,5321.0,2357.0,both,2828.406,39.41059032176077,18.83688813831411,2.365362665770036,-11.052694638234534,11.02760329868168,2.149606754379162,2964.0,2.5858413582560953
381,1641708.0,Amen Thompson,79,2025-10-21 19:30:00,2026-04-10 21:30:00,1,2937.5299999999997,1443.0,420.0,235.0,379.0,614.0,1044.0,557.0,116.0,25.0,390.0,304.0,119.0,48.0,190.0,175.0,368.0,0.5335249042145593,0.21551724137931033,0.7794871794871795,Houston,Rockets,Houston Rockets,2026-04-10 21:30:00,2025-26,37.18392405063291,18.265822784810126,7.772151898734177,5.3164556962025316,1.5063291139240507,0.6075949367088608,2.4050632911392404,2.2151898734177213,13.517359134889016,0.5935340572556762,1365.3999999999999,16.733241873274483,79,2937.5300000000007,5870.596040254411,1365.4,1443.0,420.0,614.0,1044.0,390.0,119.0,48.0,190.0,368.0,19026.819999999996,3797.0,3115.0,7606.0757519551,6947.0,2775.0,both,3805.363999999999,74.3113422817014,24.580127641306174,7.15429910557768,6.2685287401252054,11.50743515653299,2.0267501305839133,4172.0,1.4904274215625066
382,1641709.0,Ausar Thompson,73,2025-10-22 20:00:00,2026-04-12 18:00:00,1,1879.76,721.0,228.0,150.0,268.0,418.0,577.0,303.0,24.0,6.0,191.0,109.0,146.0,69.0,110.0,198.0,397.0,0.5251299826689775,0.25,0.5706806282722513,Detroit,Pistons,Detroit Pistons,2026-04-12 18:00:00,2025-26,25.75013698630137,9.876712328767123,5.726027397260274,3.1232876712328768,2.0,0.9452054794520548,1.5068493150684932,2.712328767123288,14.266445320605936,0.5453527774416072,755.6,14.470783504277144,73,1879.7599999999998,3886.428530257914,755.6,721.0,228.0,418.0,577.0,191.0,146.0,69.0,110.0,397.0,17460.62,3332.0,2952.0,7215.46527754634,6212.0,2697.0,both,3492.124,53.23874698983444,18.551737009612587,5.86656870761674,10.215034109315114,12.35740720668947,3.759029788007036,3515.0,3.6467921724337438
383,1641710.0,Anthony Black,64,2025-10-22 19:00:00,2026-04-12 18:00:00,1,1898.8600000000001,959.0,236.0,47.0,197.0,244.0,772.0,345.0,300.0,100.0,231.0,169.0,91.0,45.0,132.0,170.0,-14.0,0.44689119170984454,0.3333333333333333,0.7316017316017316,Orlando,Magic,Orlando Magic,2026-04-12 18:00:00,2025-26,29.669687500000002,14.984375,3.8125,3.6875,1.421875,0.703125,2.0625,2.65625,13.12596953184042,0.5488530744929262,711.5,13.489146119250497,64,1898.8600000000001,3950.905445147702,711.5,959.0,236.0,244.0,772.0,231.0,91.0,45.0,132.0,-14.0,15339.509999999998,2802.0,2777.0,6392.354550506575,5586.0,2149.0,both,3067.9019999999996,61.73289758043284,24.27291701394156,5.973314301658194,-0.35434915348819795,7.066136154367404,2.300006555173509,3437.0,2.115346509101424
384,1641711.0,Gradey Dick,76,2025-10-22 19:30:00,2026-04-12 18:00:00,1,1052.07,455.0,51.0,42.0,105.0,147.0,384.0,161.0,186.0,56.0,88.0,77.0,45.0,7.0,43.0,101.0,123.0,0.4192708333333333,0.3010752688172043,0.875,Toronto,Raptors,Toronto Raptors,2026-04-12 18:00:00,2025-26,13.843026315789473,5.9868421052631575,1.9342105263157894,0.6710526315789473,0.5921052631578947,0.09210526315789473,0.5657894736842105,1.3289473684210527,9.233015545821523,0.5381813020439061,309.29999999999995,10.58370640736833,76,1052.07,2168.72373258231,309.29999999999995,455.0,51.0,147.0,384.0,88.0,45.0,7.0,43.0,123.0,18165.31,3203.0,3283.0,7464.213556967567,6535.0,2741.0,both,3633.0620000000004,28.53583858660934,20.98008119541484,2.351613496628916,5.6715384330462095,7.826517542391014,2.0818844911444945,3794.0,0.6371312194686862
385,1641712.0,Rayan Rupert,64,2025-10-24 22:00:00,2026-04-12 20:30:00,2,1059.97,332.0,68.0,48.0,140.0,188.0,313.0,123.0,136.0,44.0,54.0,42.0,55.0,9.0,55.0,124.0,-319.0,0.3929712460063898,0.3235294117647059,0.7777777777777778,Memphis,Grizzlies,Memphis Grizzlies,2026-04-12 20:30:00,2025-26,16.56203125,5.1875,2.9375,1.0625,0.859375,0.140625,0.859375,1.9375,14.039207678170309,0.4929326523340064,237.2,8.056077058784682,64,1059.9699999999998,2251.675892708902,237.2,332.0,68.0,188.0,313.0,54.0,55.0,9.0,55.0,-319.0,15282.12,2815.0,2845.0,6455.9062430656295,5774.0,2341.0,both,3056.424,35.1824358235766,14.744573189908957,3.019972822029546,-14.167225444520955,9.577704762695632,2.4565494019359106,3433.0,0.7559424493986953
386,1641713.0,GG Jackson,55,2025-10-24 20:00:00,2026-04-06 20:00:00,1,1167.47,686.0,81.0,49.0,186.0,235.0,514.0,255.0,193.0,64.0,151.0,112.0,31.0,44.0,85.0,75.0,-85.0,0.4961089494163424,0.3316062176165803,0.7417218543046358,Memphis,Grizzlies,Memphis Grizzlies,2026-04-06 20:00:00,2025-26,21.226727272727274,12.472727272727273,4.2727272727272725,1.4727272727272727,0.5636363636363636,0.8,1.5454545454545454,1.3636363636363635,12.773503245972588,0.5909310178485286,506.20000000000005,15.609137708035325,55,1167.4699999999998,2471.560177605808,506.2,686.0,81.0,235.0,514.0,151.0,31.0,44.0,85.0,-85.0,13109.86,2269.0,2588.0,5544.858801794215,5002.0,2082.0,both,2621.972,44.93745777465105,27.75574741071148,3.2772821286700142,-3.439123221443842,10.866309704660278,1.2556064050832862,2920.0,3.384169796507635
387,1641715.0,Cam Whitmore,21,2025-10-22 20:00:00,2025-12-04 19:00:00,1,350.81,193.0,15.0,19.0,39.0,58.0,169.0,77.0,56.0,16.0,31.0,23.0,15.0,8.0,18.0,25.0,-152.0,0.4556213017751479,0.2857142857142857,0.7419354838709677,Washington,Wizards,Washington Wizards,2025-12-04 19:00:00,2025-26,16.705238095238094,9.19047619047619,2.761904761904762,0.7142857142857143,0.7142857142857143,0.38095238095238093,0.8571428571428571,1.1904761904761905,8.971291866028709,0.5283618046430136,130.4,13.381602576893476,21,350.81,746.827836667984,130.39999999999998,193.0,15.0,58.0,169.0,31.0,15.0,8.0,18.0,-152.0,5036.839999999999,907.0,1036.0,2144.923558494375,1998.0,823.0,both,1007.3679999999998,35.56323031752305,25.842636083448735,2.0084950323923887,-20.3527496615762,8.571787168884631,2.008147579575304,1175.0,1.9550969883073028
388,1641716.0,Jarace Walker,76,2025-10-23 19:30:00,2026-04-10 19:30:00,1,1939.23,884.0,192.0,49.0,342.0,391.0,733.0,307.0,356.0,133.0,183.0,137.0,63.0,26.0,139.0,124.0,-459.0,0.41882673942701226,0.37359550561797755,0.7486338797814208,Indiana,Pacers,Indiana Pacers,2026-04-10 19:30:00,2025-26,25.516184210526315,11.631578947368421,5.144736842105263,2.526315789473684,0.8289473684210527,0.34210526315789475,1.8289473684210527,1.631578947368421,14.592869441061605,0.54331792703314,639.1999999999999,11.866153060750914,76,1939.23,4094.6537646081397,639.1999999999999,884.0,192.0,391.0,733.0,183.0,63.0,26.0,139.0,-459.0,18118.47,3194.0,3550.0,7635.342979451538,6851.0,2543.0,both,3623.6940000000004,53.87702321852815,21.589126964550548,4.689041150671612,-11.209739000824323,10.833814409920157,1.541821846157413,4308.0,1.1277682120536112
389,1641717.0,Cason Wallace,77,2025-10-21 19:30:00,2026-04-08 22:00:00,1,2031.65,660.0,200.0,63.0,175.0,238.0,584.0,252.0,288.0,101.0,68.0,55.0,150.0,28.0,73.0,154.0,532.0,0.4315068493150685,0.3506944444444444,0.8088235294117647,Oklahoma City,Thunder,Oklahoma City Thunder,2026-04-08 22:00:00,2025-26,26.385064935064936,8.571428571428571,3.090909090909091,2.5974025974025974,1.948051948051948,0.36363636363636365,0.948051948051948,2.0,10.627147266057184,0.537529319781079,618.4,10.95779292693131,77,2031.65,4212.681780008538,618.3999999999999,660.0,200.0,238.0,584.0,68.0,150.0,28.0,73.0,532.0,18433.92,3387.0,3441.0,7637.935631774147,6761.0,2981.0,both,3686.7839999999997,54.71015298712387,15.6669797166275,4.747569611099242,12.628535165523985,6.325316281099404,3.5638060973991417,3780.0,1.3442035346201908
390,1641718.0,Keyonte George,55,2025-10-22 21:00:00,2026-03-21 21:30:00,1,1775.66,1275.0,332.0,23.0,176.0,199.0,881.0,402.0,361.0,134.0,378.0,337.0,58.0,14.0,166.0,120.0,-335.0,0.45629965947786605,0.37119113573407203,0.8915343915343915,Utah,Jazz,Utah Jazz,2026-03-21 21:30:00,2025-26,32.284727272727274,23.181818181818183,3.618181818181818,6.036363636363636,1.0545454545454545,0.2545454545454545,3.018181818181818,2.1818181818181817,13.681469027132167,0.6086964824504449,957.8,19.418582386267637,55,1775.66,3769.1352072101904,957.8000000000001,1275.0,332.0,199.0,881.0,378.0,58.0,14.0,166.0,-335.0,13003.61,2369.0,2440.0,5517.495965673201,4939.0,2263.0,both,2600.722,68.52973104018528,33.82738824441694,8.808386585997194,-8.88798044068994,6.060834418470748,1.5396432035501855,2676.0,0.7662598081174963
391,1641722.0,Jordan Hawkins,51,2025-10-22 20:00:00,2026-04-12 20:30:00,1,682.39,258.0,42.0,20.0,68.0,88.0,257.0,94.0,135.0,47.0,27.0,23.0,13.0,10.0,34.0,30.0,-133.0,0.3657587548638132,0.34814814814814815,0.8518518518518519,New Orleans,Pelicans,New Orleans Pelicans,2026-04-12 20:30:00,2025-26,13.380196078431373,5.0588235294117645,1.7254901960784315,0.8235294117647058,0.2549019607843137,0.19607843137254902,0.6666666666666666,0.5882352941176471,11.225567881669308,0.4797679262124368,151.90000000000006,8.013599261419426,51,682.39,1441.1623708294323,151.89999999999998,258.0,42.0,88.0,257.0,27.0,13.0,10.0,34.0,-133.0,12209.470000000001,2214.0,2292.0,5154.43896717985,4700.0,2053.0,both,2441.8940000000002,28.25808570253789,17.90221596276575,2.9143142264967503,-9.22866171723971,6.98852685901027,0.9025184826871233,2647.0,1.3518864420570575
392,1641723.0,Kobe Bufkin,16,2026-01-13 22:30:00,2026-04-09 22:00:00,1,115.69,46.0,10.0,1.0,12.0,13.0,50.0,15.0,26.0,5.0,12.0,11.0,2.0,3.0,5.0,9.0,-68.0,0.3,0.19230769230769232,0.9166666666666666,Los Angeles,Lakers,Los Angeles Lakers,2026-04-09 22:00:00,2025-26,7.230625,2.875,0.8125,0.625,0.125,0.1875,0.3125,0.5625,8.29462508294625,0.41606367583212733,23.4,7.281528221972513,16,115.69,239.54019960453155,23.400000000000002,46.0,10.0,13.0,50.0,12.0,2.0,3.0,5.0,-68.0,3796.41,653.0,655.0,1553.4063656977912,1420.0,580.0,both,759.2819999999999,14.971262475283222,19.2034573219625,4.174664635209239,-28.387719519422827,6.522932607783692,0.8449912239899651,840.0,2.3439549041156784
393,1641724.0,Jett Howard,55,2025-10-24 19:00:00,2026-04-03 20:30:00,1,683.6,301.0,45.0,23.0,64.0,87.0,251.0,105.0,145.0,54.0,39.0,37.0,10.0,11.0,15.0,66.0,-70.0,0.41832669322709165,0.3724137931034483,0.9487179487179487,Orlando,Magic,Orlando Magic,2026-04-03 20:30:00,2025-26,12.42909090909091,5.472727272727273,1.5818181818181818,0.8181818181818182,0.18181818181818182,0.2,0.2727272727272727,1.2,5.2973583839525356,0.5612321002386634,209.59999999999997,11.038033937975422,55,683.6000000000001,1413.234567421001,209.60000000000002,301.0,45.0,87.0,251.0,39.0,10.0,11.0,15.0,-70.0,13226.479999999998,2367.0,2417.0,5493.163911341153,4851.0,1893.0,both,2645.2959999999994,25.69517395310911,21.29865819439247,3.1841847798925618,-4.953176324277318,7.037206623991417,0.7044491719756291,2958.0,1.4390196909255413
394,1641725.0,Trey Alexander,9,2025-11-30 21:30:00,2026-04-12 20:30:00,1,109.19,47.0,9.0,1.0,10.0,11.0,37.0,19.0,12.0,6.0,5.0,3.0,6.0,2.0,3.0,13.0,-18.0,0.5135135135135135,0.5,0.6,New Orleans,Pelicans,New Orleans Pelicans,2026-04-12 20:30:00,2025-26,12.132222222222222,5.222222222222222,1.2222222222222223,1.0,0.6666666666666666,0.2222222222222222,0.3333333333333333,1.4444444444444444,7.109004739336492,0.5994897959183673,37.099999999999994,12.231889367158164,9,109.19,240.3432780578091,37.099999999999994,47.0,9.0,11.0,37.0,5.0,6.0,2.0,3.0,-18.0,2168.2,409.0,408.0,968.0612105664551,853.0,370.0,both,433.64,26.7048086730899,19.55536280431992,3.7446439412527504,-7.489287882505501,5.34708512880482,2.461472009048213,483.0,1.6444827970011435
395,1641726.0,Dereck Lively II,9,2025-10-22 21:30:00,2026-04-05 19:30:00,1,113.97,30.0,13.0,14.0,23.0,37.0,18.0,11.0,0.0,0.0,10.0,8.0,4.0,11.0,10.0,21.0,14.0,0.6111111111111112,,0.8,Dallas,Mavericks,Dallas Mavericks,2026-04-05 19:30:00,2025-26,12.663333333333334,3.3333333333333335,4.111111111111111,1.4444444444444444,0.4444444444444444,1.2222222222222223,1.1111111111111112,2.3333333333333335,30.8641975308642,0.6696428571428572,40.1,12.666491181889972,9,113.97000000000001,248.7884257304947,40.1,30.0,13.0,37.0,18.0,10.0,4.0,11.0,10.0,14.0,1740.6,328.0,330.0,753.8727817302755,669.0,247.0,both,348.12,27.64315841449941,12.058438776608575,5.225323469863715,5.6272714290840025,17.17569253146925,1.6206914997797817,422.0,7.961935605403767
396,1641727.0,Dariq Whitehead,6,2026-04-03 20:00:00,2026-04-12 20:30:00,1,181.69,98.0,9.0,2.0,22.0,24.0,93.0,37.0,60.0,19.0,7.0,5.0,4.0,0.0,10.0,13.0,-99.0,0.3978494623655914,0.31666666666666665,0.7142857142857143,Memphis,Grizzlies,Memphis Grizzlies,2026-04-12 20:30:00,2025-26,30.281666666666666,16.333333333333332,4.0,1.5,0.6666666666666666,0.0,1.6666666666666667,2.1666666666666665,9.42684766214178,0.5099916736053289,50.0,9.906984424018933,6,181.69,393.92631967742784,49.99999999999999,98.0,9.0,24.0,93.0,7.0,4.0,0.0,10.0,-99.0,1429.1999999999998,229.0,323.0,622.6076466395082,561.0,208.0,both,285.84,65.65438661290464,24.877748732364136,2.284691210115074,-25.13160331126581,6.840126637105246,1.010735499331322,353.0,0.0
397,1641729.0,Brice Sensabaugh,76,2025-10-22 21:00:00,2026-04-12 20:30:00,1,1747.92,1116.0,143.0,56.0,175.0,231.0,857.0,394.0,442.0,162.0,201.0,166.0,54.0,12.0,124.0,143.0,-379.0,0.4597432905484247,0.3665158371040724,0.8258706467661692,Utah,Jazz,Utah Jazz,2026-04-12 20:30:00,2025-26,22.998947368421053,14.68421052631579,3.039473684210526,1.881578947368421,0.7105263157894737,0.15789473684210525,1.631578947368421,1.881578947368421,11.594853381208857,0.590201387713657,732.6999999999999,15.09062199643004,76,1747.92,3724.7358131563396,732.6999999999998,1116.0,143.0,231.0,857.0,201.0,54.0,12.0,124.0,-379.0,18009.210000000003,3261.0,3435.0,7674.063518399281,6837.0,3081.0,both,3601.8420000000006,49.0096817520571,29.961856517665396,3.8391984605969105,-10.175218297665937,7.108854757999309,1.45001159994809,3756.0,0.6583529239390257
398,1641730.0,Noah Clowney,67,2025-10-22 19:00:00,2026-04-10 20:00:00,1,1766.42,809.0,108.0,52.0,221.0,273.0,631.0,250.0,392.0,129.0,224.0,180.0,50.0,45.0,102.0,168.0,-329.0,0.39619651347068147,0.32908163265306123,0.8035714285714286,Brooklyn,Nets,Brooklyn Nets,2026-04-10 20:00:00,2025-26,26.3644776119403,12.074626865671641,4.074626865671642,1.6119402985074627,0.746268656716418,0.6716417910447762,1.5223880597014925,2.5074626865671643,12.266102265621242,0.554443774329733,540.3,11.011424236591523,67,1766.42,3566.1776775130625,540.2999999999998,809.0,108.0,273.0,631.0,224.0,50.0,45.0,102.0,-329.0,15769.49,2615.0,2858.0,6380.513982764083,5654.0,2200.0,both,3153.898,53.22653250019496,22.685353147187286,3.028452583308068,-9.225563888040318,8.906167717245834,1.3991620271647727,3454.0,2.3261828577387478
399,1641731.0,Bilal Coulibaly,56,2025-10-30 20:00:00,2026-04-10 19:00:00,1,1457.36,657.0,145.0,48.0,195.0,243.0,541.0,230.0,204.0,65.0,177.0,132.0,75.0,54.0,81.0,130.0,-414.0,0.42513863216266173,0.31862745098039214,0.7457627118644068,Washington,Wizards,Washington Wizards,2026-04-10 19:00:00,2025-26,26.024285714285714,11.732142857142858,4.339285714285714,2.5892857142857144,1.3392857142857142,0.9642857142857143,1.4464285714285714,2.3214285714285716,11.573412585014575,0.530797569803516,525.6999999999999,12.985947192183124,56,1457.3600000000001,3107.6085868052196,525.7,657.0,145.0,243.0,541.0,177.0,75.0,54.0,81.0,-414.0,13343.86,2347.0,2649.0,5679.256386805966,5137.0,2094.0,both,2668.772,55.49301047866464,21.141658662857203,4.665967284801057,-13.322141075225085,8.906938857338272,2.4183236075601076,3043.0,3.249648850276555
400,1641732.0,Colby Jones,1,2025-10-27 19:00:00,2025-10-27 19:00:00,1,6.49,2.0,2.0,0.0,4.0,4.0,3.0,1.0,2.0,0.0,0.0,0.0,0.0,0.0,0.0,1.0,12.0,0.3333333333333333,0.0,,Detroit,Pistons,Detroit Pistons,2025-10-27 19:00:00,2025-26,6.49,2.0,4.0,2.0,0.0,0.0,0.0,1.0,0.0,0.3333333333333333,2.5000000000000004,13.867488443759632,1,6.49,14.360567381185174,2.5000000000000004,2.0,2.0,4.0,3.0,0.0,0.0,0.0,0.0,12.0,236.81,48.0,48.0,104.79895104895104,85.0,35.0,both,47.362,14.360567381185174,13.927026327806141,13.927026327806141,83.56215796683685,30.407036466358505,0.0,50.0,0.0
401,1641733.0,Nick Smith Jr.,30,2025-10-27 22:30:00,2026-04-12 20:30:00,1,369.32,185.0,31.0,3.0,20.0,23.0,161.0,70.0,86.0,34.0,15.0,11.0,9.0,2.0,21.0,28.0,-3.0,0.43478260869565216,0.3953488372093023,0.7333333333333333,Los Angeles,Lakers,Los Angeles Lakers,2026-04-12 20:30:00,2025-26,12.310666666666666,6.166666666666667,0.7666666666666667,1.0333333333333334,0.3,0.06666666666666667,0.7,0.9333333333333333,11.134676564156946,0.551909307875895,106.7,10.400736488681902,30,369.31999999999994,757.9633184381191,106.7,185.0,31.0,23.0,161.0,15.0,9.0,2.0,21.0,-3.0,7128.01,1209.0,1223.0,2918.1270484126717,2621.0,1101.0,both,1425.602,25.265443947937303,24.407513595937107,4.089907683643515,-0.3957975177719531,3.65056204824514,1.1905120138983234,1520.0,0.5079042849732368
402,1641737.0,Adem Bona,71,2025-10-22 19:30:00,2026-04-12 18:00:00,1,1218.52,344.0,32.0,128.0,179.0,307.0,220.0,131.0,6.0,2.0,113.0,80.0,30.0,82.0,56.0,153.0,-8.0,0.5954545454545455,0.3333333333333333,0.7079646017699115,Philadelphia,76ers,Philadelphia 76ers,2026-04-12 18:00:00,2025-26,17.16225352112676,4.845070422535211,4.323943661971831,0.4507042253521127,0.4225352112676056,1.1549295774647887,0.7887323943661971,2.1549295774647885,17.192680830160874,0.6376983538484353,365.0999999999999,10.78652791911499,71,1218.5200000000002,2532.9201275869373,365.09999999999997,344.0,32.0,307.0,220.0,113.0,30.0,82.0,56.0,-8.0,17069.909999999996,3062.0,3207.0,7084.685392719301,6340.0,2735.0,both,3413.981999999999,35.6749313744639,13.581162558320461,1.2633639589135315,-0.31584098972838287,13.720459962237392,1.186394843615498,3605.0,6.372900655773813
403,1641738.0,Kobe Brown,61,2025-10-22 21:00:00,2026-04-12 18:00:00,2,949.43,353.0,80.0,68.0,117.0,185.0,271.0,127.0,139.0,52.0,59.0,47.0,23.0,12.0,53.0,69.0,-219.0,0.46863468634686345,0.37410071942446044,0.7966101694915254,Indiana,Pacers,Indiana Pacers,2026-04-12 18:00:00,2025-26,15.564426229508197,5.786885245901639,3.0327868852459017,1.3114754098360655,0.3770491803278688,0.19672131147540983,0.8688524590163934,1.1311475409836065,15.144587952908905,0.5943561422413793,298.79999999999995,11.329745215550382,61,949.4300000000001,1985.3142563755289,298.8,353.0,80.0,185.0,271.0,59.0,23.0,12.0,53.0,-219.0,14550.479999999998,2483.0,2660.0,5978.073025100819,5523.0,2268.0,both,2910.0959999999995,32.54613535041851,17.780560375587655,4.029588753674256,-11.030999213183277,11.025532396302602,1.1792638505075792,3255.0,1.1299900483583865
404,1641739.0,Toumani Camara,82,2025-10-22 22:00:00,2026-04-12 20:30:00,1,2715.54,1100.0,201.0,129.0,292.0,421.0,891.0,392.0,592.0,219.0,137.0,97.0,94.0,35.0,144.0,237.0,32.0,0.4399551066217733,0.36993243243243246,0.708029197080292,Portland,Trail Blazers,Portland Trail Blazers,2026-04-12 20:30:00,2025-26,33.116341463414635,13.414634146341463,5.134146341463414,2.451219512195122,1.146341463414634,0.4268292682926829,1.7560975609756098,2.8902439024390243,13.147323058943831,0.5781683626271971,815.4000000000001,10.809783689431937,82,2715.54,5686.295910987503,815.4,1100.0,201.0,421.0,891.0,137.0,94.0,35.0,144.0,32.0,19580.759999999995,3771.0,3522.0,8210.481293122277,7323.0,2869.0,both,3916.151999999999,69.34507208521345,19.34475477919632,3.534814282380419,0.5627565026675294,8.324903690427348,1.6510589255647894,4454.0,1.1332381000504672
405,1641740.0,Jaylen Clark,68,2025-10-22 22:00:00,2026-04-12 20:30:00,1,872.64,275.0,43.0,54.0,66.0,120.0,228.0,99.0,101.0,33.0,67.0,44.0,47.0,9.0,23.0,87.0,73.0,0.4342105263157895,0.32673267326732675,0.6567164179104478,Minnesota,Timberwolves,Minnesota Timberwolves,2026-04-12 20:30:00,2025-26,12.832941176470587,4.044117647058823,1.7647058823529411,0.6323529411764706,0.6911764705882353,0.1323529411764706,0.3382352941176471,1.2794117647058822,8.200228180262407,0.5340220599658225,229.00000000000006,9.44719471947195,68,872.64,1842.2211376143134,229.0,275.0,43.0,120.0,228.0,67.0,47.0,9.0,23.0,73.0,16242.730000000001,2993.0,2959.0,6833.445937000907,6118.0,2348.0,both,3248.5460000000003,27.09148731785755,14.92763243158346,2.3341388893021406,3.962607881838518,7.5053720929888685,2.5604246502394377,3770.0,0.8886997618860032
406,1641744.0,Zach Edey,11,2025-11-15 17:00:00,2025-12-07 18:00:00,1,281.11,150.0,12.0,43.0,79.0,122.0,98.0,62.0,5.0,1.0,32.0,25.0,7.0,21.0,26.0,37.0,113.0,0.6326530612244898,0.2,0.78125,Memphis,Grizzlies,Memphis Grizzlies,2025-12-07 18:00:00,2025-26,25.55545454545455,13.636363636363637,11.090909090909092,1.0909090909090908,0.6363636363636364,1.9090909090909092,2.3636363636363638,3.3636363636363638,18.829663962920048,0.6691648822269808,146.5,18.761338977624415,11,281.11,582.8477722163822,146.5,150.0,12.0,122.0,98.0,32.0,7.0,21.0,26.0,113.0,2641.45,552.0,436.0,1095.1430613209836,971.0,430.0,both,528.29,52.9861611105802,25.735707872674602,2.058856629813968,19.387566597414867,23.20593016377959,1.2012220039455406,541.0,7.2948795345307555
407,1641747.0,DaRon Holmes II,25,2025-10-25 21:00:00,2026-04-12 20:30:00,1,204.51,93.0,16.0,8.0,27.0,35.0,61.0,31.0,45.0,20.0,14.0,11.0,1.0,6.0,12.0,19.0,-16.0,0.5081967213114754,0.4444444444444444,0.7857142857142857,Denver,Nuggets,Denver Nuggets,2026-04-12 20:30:00,2025-26,8.180399999999999,3.72,1.4,0.64,0.04,0.24,0.48,0.76,15.159171298635675,0.6923764145324598,72.00000000000001,12.674196860789205,25,204.51000000000002,406.5725482398828,71.99999999999999,93.0,16.0,35.0,61.0,14.0,1.0,6.0,12.0,-16.0,5963.830000000001,1079.0,1095.0,2430.507182569991,2270.0,1047.0,both,1192.766,16.262901929595312,22.87414642297218,3.9353370190059667,-3.9353370190059667,9.389645733421556,0.23996272959990525,1223.0,2.8613138405969107
408,1641748.0,Andre Jackson Jr.,48,2025-10-22 20:00:00,2026-04-12 18:00:00,1,398.86,113.0,43.0,25.0,47.0,72.0,119.0,39.0,60.0,15.0,32.0,20.0,19.0,4.0,31.0,43.0,-71.0,0.3277310924369748,0.25,0.625,Milwaukee,Bucks,Milwaukee Bucks,2026-04-12 18:00:00,2025-26,8.309583333333334,2.3541666666666665,1.5,0.8958333333333334,0.3958333333333333,0.08333333333333333,0.6458333333333334,0.8958333333333334,18.89322281813749,0.4245566576495341,75.79999999999998,6.841498270069697,48,398.86,807.2904265047619,75.79999999999998,113.0,43.0,72.0,119.0,32.0,19.0,4.0,31.0,-71.0,11453.22,1925.0,2130.0,4649.942621331964,4180.0,1922.0,both,2290.644,16.81855055218254,13.997440857715096,5.326459795413709,-8.794852220334265,10.197148680150264,2.3466219073387573,2258.0,1.017356507676639
409,1641750.0,Ryan Kalkbrenner,69,2025-10-22 19:00:00,2026-04-12 18:00:00,1,1465.1,521.0,54.0,167.0,210.0,377.0,291.0,219.0,5.0,0.0,116.0,83.0,32.0,101.0,62.0,107.0,46.0,0.7525773195876289,0.0,0.7155172413793104,Charlotte,Hornets,Charlotte Hornets,2026-04-12 18:00:00,2025-26,21.23333333333333,7.550724637681159,5.463768115942029,0.782608695652174,0.463768115942029,1.463768115942029,0.8985507246376812,1.5507246376811594,15.345015345015344,0.7616068296105718,607.3,14.922394375810525,69,1465.1000000000001,2973.7599483956874,607.2999999999998,521.0,54.0,377.0,291.0,116.0,32.0,101.0,62.0,46.0,16457.760000000002,3195.0,2726.0,6652.992815209576,6063.0,2459.0,both,3291.5520000000006,43.097970266604165,17.51990776125269,1.8158829541413537,1.5468632572315235,14.304732512539026,1.0806035153004447,3604.0,6.296077186475019
410,1641752.0,Bobi Klintman,12,2025-10-27 19:00:00,2026-03-26 19:00:00,1,68.43,22.0,6.0,5.0,14.0,19.0,27.0,9.0,13.0,4.0,3.0,0.0,3.0,0.0,6.0,11.0,-5.0,0.3333333333333333,0.3076923076923077,0.0,Detroit,Pistons,Detroit Pistons,2026-03-26 19:00:00,2025-26,5.702500000000001,1.8333333333333333,1.5833333333333333,0.5,0.25,0.0,0.5,0.9166666666666666,17.482517482517483,0.3884180790960452,10.0,5.260850504164839,12,68.42999999999999,143.8023080891463,10.0,22.0,6.0,19.0,27.0,3.0,3.0,0.0,6.0,-5.0,2876.2200000000003,539.0,510.0,1192.9355657987562,1030.0,418.0,both,575.244,11.983525674095524,15.298780869610038,4.172394782620919,-3.4769956521840992,15.225924441515252,2.1140235721724925,612.0,0.0
411,1641753.0,Chris Livingston,3,2025-11-24 19:00:00,2025-12-05 19:30:00,1,16.86,9.0,1.0,0.0,3.0,3.0,7.0,4.0,3.0,0.0,1.0,1.0,1.0,0.0,0.0,4.0,8.0,0.5714285714285714,0.0,1.0,Cleveland,Cavaliers,Cleveland Cavaliers,2025-12-05 19:30:00,2025-26,5.62,3.0,1.0,0.3333333333333333,0.3333333333333333,0.0,0.0,1.3333333333333333,0.0,0.6048387096774194,6.699999999999999,14.306049822064058,3,16.86,35.524571713946706,6.7,9.0,1.0,3.0,7.0,1.0,1.0,0.0,0.0,8.0,713.61,133.0,125.0,299.8690370013235,268.0,109.0,both,142.722,11.841523904648902,25.33457707096483,2.814953007884981,22.51962406307985,9.843168087395515,2.8229405209057252,159.0,0.0
412,1641755.0,Kevin McCullar Jr.,21,2025-12-09 20:30:00,2026-04-12 18:00:00,1,150.59,50.0,20.0,11.0,17.0,28.0,47.0,20.0,24.0,8.0,5.0,2.0,9.0,0.0,12.0,22.0,-48.0,0.425531914893617,0.3333333333333333,0.4,New York,Knicks,New York Knicks,2026-04-12 18:00:00,2025-26,7.170952380952381,2.380952380952381,1.3333333333333333,0.9523809523809523,0.42857142857142855,0.0,0.5714285714285714,1.0476190476190477,19.6078431372549,0.5081300813008129,38.900000000000006,9.299422272395246,21,150.59,305.1710342485429,38.9,50.0,20.0,28.0,47.0,5.0,9.0,0.0,12.0,-48.0,5038.420000000001,957.0,884.0,2028.3215737273013,1849.0,818.0,both,1007.6840000000002,14.531954011835378,16.38425485666444,6.553701942665777,-15.728884662397864,10.17729755988928,2.969162241861639,1031.0,0.0
413,1641757.0,Jordan Miller,60,2025-11-12 22:30:00,2026-04-12 20:30:00,1,1313.67,598.0,136.0,50.0,132.0,182.0,399.0,212.0,110.0,38.0,175.0,136.0,45.0,11.0,63.0,62.0,-13.0,0.531328320802005,0.34545454545454546,0.7771428571428571,LA,Clippers,LA Clippers,2026-04-12 20:30:00,2025-26,21.8945,9.966666666666667,3.033333333333333,2.2666666666666666,0.75,0.18333333333333332,1.05,1.0333333333333334,11.688311688311689,0.6281512605042017,522.6000000000001,14.3214049190436,60,1313.6699999999998,2645.5486743677016,522.5999999999999,598.0,136.0,182.0,399.0,175.0,45.0,11.0,63.0,-13.0,14369.630000000001,2434.0,2545.0,5786.038483393024,5276.0,2179.0,both,2873.9260000000004,44.09247790612836,22.60400671489912,5.140710557234583,-0.49139145032389403,7.996842839249643,1.7014551089544738,3097.0,0.7770353540698083
414,1641761.0,Grant Nelson,4,2026-02-27 19:30:00,2026-03-05 19:30:00,1,34.21,17.0,5.0,1.0,5.0,6.0,9.0,5.0,0.0,0.0,10.0,7.0,1.0,5.0,4.0,6.0,-7.0,0.5555555555555556,,0.7,Brooklyn,Nets,Brooklyn Nets,2026-03-05 19:30:00,2025-26,8.5525,4.25,1.5,1.25,0.25,1.25,1.0,1.5,22.98850574712644,0.6343283582089552,15.299999999999997,16.100555393159894,4,34.21,68.17309507544117,15.3,17.0,5.0,6.0,9.0,10.0,1.0,5.0,4.0,-7.0,948.4,144.0,168.0,386.1268720531759,330.0,124.0,both,189.68,17.043273768860292,24.936523684582014,7.334271671935885,-10.26798034071024,10.66264924785825,1.4359470967155876,206.0,13.457712642927891
415,1641763.0,Julian Phillips,48,2025-10-25 19:00:00,2026-04-12 20:30:00,2,417.42,140.0,10.0,23.0,26.0,49.0,121.0,51.0,65.0,20.0,23.0,18.0,22.0,7.0,11.0,43.0,-22.0,0.4214876033057851,0.3076923076923077,0.782608695652174,Minnesota,Timberwolves,Minnesota Timberwolves,2026-04-12 20:30:00,2025-26,8.696250000000001,2.9166666666666665,1.0208333333333333,0.20833333333333334,0.4583333333333333,0.14583333333333334,0.22916666666666666,0.8958333333333334,7.739938080495356,0.533862111043319,103.3,8.909012505390253,48,417.41999999999996,888.6078679848033,103.30000000000001,140.0,10.0,49.0,121.0,23.0,22.0,7.0,11.0,-22.0,11460.08,2108.0,2175.0,4843.503846659044,4423.0,1738.0,both,2292.016,18.512663916350068,15.754980913852796,1.125355779560914,-2.4757827150340104,6.281919935266495,2.4940630203901595,2685.0,1.43152237737411
416,1641764.0,Brandin Podziemski,82,2025-10-21 22:00:00,2026-04-12 20:30:00,1,2315.23,1133.0,304.0,72.0,347.0,419.0,866.0,394.0,412.0,153.0,241.0,192.0,88.0,15.0,131.0,136.0,15.0,0.45496535796766746,0.3713592233009709,0.7966804979253111,Golden State,Warriors,Golden State Warriors,2026-04-12 20:30:00,2025-26,28.23451219512195,13.817073170731707,5.109756097560975,3.707317073170732,1.0731707317073171,0.18292682926829268,1.5975609756097562,1.6585365853658536,11.876269219611256,0.582794946710012,945.1999999999998,14.697114325574564,82,2315.23,4788.720907057824,945.1999999999998,1133.0,304.0,419.0,866.0,241.0,88.0,15.0,131.0,15.0,19621.649999999998,3472.0,3628.0,8116.782504786441,7240.0,2942.0,both,3924.3299999999995,58.39903545192468,23.659762637871328,6.34825052242973,0.3132360455146248,10.002925940555413,1.837681073148849,4298.0,0.5915564949835975
417,1641765.0,Olivier-Maxence Prosper,53,2025-10-22 20:00:00,2026-04-06 20:00:00,1,972.96,530.0,51.0,59.0,128.0,187.0,350.0,192.0,148.0,60.0,114.0,86.0,40.0,13.0,47.0,83.0,-209.0,0.5485714285714286,0.40540540540540543,0.7543859649122807,Memphis,Grizzlies,Memphis Grizzlies,2026-04-06 20:00:00,2025-26,18.357735849056603,10.0,3.5283018867924527,0.9622641509433962,0.7547169811320755,0.24528301886792453,0.8867924528301887,1.5660377358490567,10.510779139457911,0.6622351059576169,434.8999999999999,16.09151455352738,53,972.9599999999999,2051.877472172311,434.9,530.0,51.0,187.0,350.0,114.0,40.0,13.0,47.0,-209.0,12611.279999999999,2148.0,2518.0,5331.18250263226,4791.0,2011.0,both,2522.256,38.71466928627002,25.83000238502994,2.485528531389673,-10.185793393341996,10.389413936292119,1.9450493244952312,2780.0,1.2122515110753038
418,1641767.0,Ben Sheppard,65,2025-10-23 19:30:00,2026-04-03 19:00:00,1,1378.28,459.0,114.0,43.0,152.0,195.0,387.0,168.0,232.0,84.0,51.0,39.0,39.0,6.0,41.0,114.0,-268.0,0.43410852713178294,0.3620689655172414,0.7647058823529411,Indiana,Pacers,Indiana Pacers,2026-04-03 19:00:00,2025-26,21.20430769230769,7.061538461538461,3.0,1.7538461538461538,0.6,0.09230769230769231,0.6307692307692307,1.7538461538461538,9.102211171299174,0.5605216881594373,362.6000000000001,9.470934788286852,65,1378.28,2919.936215602317,362.6,459.0,114.0,195.0,387.0,51.0,39.0,6.0,41.0,-268.0,15531.86,2731.0,3015.0,6572.064426740237,5910.0,2206.0,both,3106.3720000000003,44.922095624651035,15.719521458975386,3.9041948721638207,-9.178282681928982,7.648653702686949,1.3374538446951325,3704.0,0.36508692619736843
419,1641771.0,Jalen Slawson,14,2026-03-08 21:00:00,2026-04-12 18:00:00,1,307.93,95.0,36.0,7.0,50.0,57.0,77.0,34.0,40.0,15.0,17.0,12.0,20.0,14.0,17.0,27.0,-26.0,0.44155844155844154,0.375,0.7058823529411765,Indiana,Pacers,Indiana Pacers,2026-04-12 18:00:00,2025-26,21.995,6.785714285714286,4.071428571428571,2.5714285714285716,1.4285714285714286,1.0,1.2142857142857142,1.9285714285714286,16.75206937327552,0.5622632575757576,99.8,11.667586789205338,14,307.93,646.1874160593146,99.8,95.0,36.0,57.0,77.0,17.0,20.0,14.0,17.0,-26.0,3092.7999999999997,553.0,601.0,1307.197599652412,1231.0,481.0,both,618.56,46.15624400423676,14.701617153014906,5.571139131668807,-4.023600483983027,9.921992106851356,3.0733964430153966,750.0,3.7497006895506555
420,1641772.0,Nae'Qwan Tomlin,64,2025-11-05 19:00:00,2026-04-12 18:00:00,1,989.39,374.0,53.0,86.0,100.0,186.0,314.0,150.0,115.0,27.0,61.0,47.0,41.0,34.0,29.0,125.0,60.0,0.47770700636942676,0.23478260869565218,0.7704918032786885,Cleveland,Cavaliers,Cleveland Cavaliers,2026-04-12 18:00:00,2025-26,15.45921875,5.84375,2.90625,0.828125,0.640625,0.53125,0.453125,1.953125,7.841228639411638,0.5486445252904589,321.7,11.705394232810114,64,989.3899999999999,2061.2030173851285,321.7,374.0,53.0,186.0,314.0,61.0,41.0,34.0,29.0,60.0,15269.710000000001,2851.0,2723.0,6369.906752452853,5724.0,2452.0,both,3053.942,32.20629714664263,18.144743474830623,2.5713139148824142,2.910921413074431,10.300047987076141,1.9867537896247067,3272.0,3.207442579460003
421,1641774.0,Tristan Vukcevic,49,2025-10-22 20:00:00,2026-04-01 19:00:00,1,662.2,441.0,55.0,32.0,115.0,147.0,317.0,152.0,144.0,50.0,111.0,87.0,23.0,32.0,62.0,82.0,-226.0,0.4794952681388013,0.3472222222222222,0.7837837837837838,Washington,Wizards,Washington Wizards,2026-04-01 19:00:00,2025-26,13.514285714285716,9.0,3.0,1.1224489795918366,0.46938775510204084,0.6530612244897959,1.2653061224489797,1.6734693877551021,14.491398653702317,0.6027225016400611,316.29999999999995,17.195409241920867,49,662.1999999999999,1406.161172207267,316.29999999999995,441.0,55.0,147.0,317.0,111.0,23.0,32.0,62.0,-226.0,11674.260000000002,2008.0,2363.0,4960.551211810931,4554.0,1902.0,both,2334.8520000000003,28.697166779740144,31.3619810243912,3.911358177645161,-16.072126329960117,11.857870657219435,1.63481298679624,2652.0,4.25448149661556
422,1641775.0,Jordan Walsh,68,2025-10-24 19:30:00,2026-04-12 18:00:00,1,1197.59,364.0,54.0,85.0,187.0,272.0,267.0,136.0,125.0,48.0,57.0,44.0,49.0,31.0,35.0,137.0,95.0,0.5093632958801498,0.384,0.7719298245614035,Boston,Celtics,Boston Celtics,2026-04-12 18:00:00,2025-26,17.61161764705882,5.352941176470588,4.0,0.7941176470588235,0.7205882352941176,0.45588235294117646,0.5147058823529411,2.014705882352941,10.700745994863642,0.6231169542591072,360.6,10.83976987115791,68,1197.59,2365.7972723200933,360.6,364.0,54.0,272.0,267.0,57.0,49.0,31.0,35.0,95.0,16226.529999999999,3140.0,2786.0,6401.735569308361,5909.0,2673.0,both,3245.3059999999996,34.79113635764843,15.385933708640723,2.2825286271060414,4.015559621760628,12.438120177102107,2.0741771262903224,3236.0,2.595975997571802
423,1641778.0,Leaky Black,15,2026-02-26 19:30:00,2026-04-12 18:00:00,1,430.25,106.0,22.0,15.0,60.0,75.0,103.0,40.0,55.0,19.0,8.0,7.0,18.0,8.0,14.0,40.0,-102.0,0.3883495145631068,0.34545454545454546,0.875,Washington,Wizards,Washington Wizards,2026-04-12 18:00:00,2025-26,28.683333333333334,7.066666666666666,5.0,1.4666666666666666,1.2,0.5333333333333333,0.9333333333333333,2.6666666666666665,11.616329239960173,0.4975591438227563,87.0,7.279488669378268,15,430.25000000000006,914.603623320118,87.0,106.0,22.0,75.0,103.0,8.0,18.0,8.0,14.0,-102.0,3599.01,620.0,695.0,1536.2042223545884,1348.0,531.0,both,719.802,60.97357488800787,11.589720103579692,2.4054136064033322,-11.152372175142723,9.54174224464952,1.9602692198018836,817.0,1.6381742703176327
424,1641780.0,Johni Broome,12,2025-11-02 18:00:00,2026-03-21 21:30:00,1,52.449999999999996,10.0,4.0,7.0,9.0,16.0,24.0,4.0,5.0,0.0,6.0,2.0,3.0,2.0,3.0,7.0,-18.0,0.16666666666666666,0.0,0.3333333333333333,Philadelphia,76ers,Philadelphia 76ers,2026-03-21 21:30:00,2025-26,4.370833333333333,0.8333333333333334,1.3333333333333333,0.3333333333333333,0.25,0.16666666666666666,0.25,0.5833333333333334,10.121457489878543,0.18768768768768768,2.200000000000001,1.5100095328884662,12,52.45,111.44489783237226,2.1999999999999993,10.0,4.0,16.0,24.0,6.0,3.0,2.0,3.0,-18.0,2617.2,480.0,489.0,1093.5185194938026,989.0,453.0,both,523.4399999999999,9.287074819364355,8.973044252812103,3.5892177011248414,-16.151479655061788,16.478497876497443,2.737893350285502,536.0,3.7238023419603596
425,1641783.0,Tristan da Silva,77,2025-10-22 19:00:00,2026-04-12 18:00:00,1,1882.88,762.0,124.0,58.0,226.0,284.0,620.0,279.0,321.0,120.0,95.0,84.0,68.0,25.0,69.0,117.0,103.0,0.45,0.37383177570093457,0.8842105263157894,Orlando,Magic,Orlando Magic,2026-04-12 18:00:00,2025-26,24.452987012987016,9.896103896103897,3.688311688311688,1.6103896103896105,0.8831168831168831,0.3246753246753247,0.8961038961038961,1.5194805194805194,9.441707717569788,0.5757026291931098,600.1,11.47369986403807,77,1882.8800000000003,3927.718902511497,600.0999999999999,762.0,124.0,284.0,620.0,95.0,68.0,25.0,69.0,103.0,18434.31,3333.0,3316.0,7712.504898864579,6727.0,2637.0,both,3686.862,51.00933639625321,19.400573689546754,3.157048736881624,2.6223872572484455,8.363657638186469,1.7264249336098287,4090.0,1.1968809109366247
426,1641787.0,Tosan Evbuomwan,5,2025-11-24 19:30:00,2025-12-23 20:00:00,1,7.029999999999999,0.0,0.0,1.0,1.0,2.0,1.0,0.0,0.0,0.0,0.0,0.0,0.0,0.0,0.0,1.0,-8.0,0.0,,,New York,Knicks,New York Knicks,2025-12-23 20:00:00,2025-26,1.406,0.0,0.4,0.0,0.0,0.0,0.0,0.2,0.0,0.0,-0.10000000000000003,-0.5120910384068281,5,7.029999999999999,13.872308853361037,-0.10000000000000003,0.0,0.0,2.0,1.0,0.0,0.0,0.0,0.0,-8.0,1188.0,259.0,211.0,474.92363224622954,452.0,211.0,both,237.6,2.7744617706722075,0.0,0.0,-57.668842905423986,14.382131291425804,0.0,241.0,0.0
427,1641790.0,PJ Hall,19,2025-10-24 20:00:00,2026-02-22 18:00:00,2,209.63,86.0,10.0,33.0,42.0,75.0,59.0,30.0,5.0,3.0,29.0,23.0,3.0,10.0,16.0,22.0,-29.0,0.5084745762711864,0.6,0.7931034482758621,Charlotte,Hornets,Charlotte Hornets,2026-02-22 18:00:00,2025-26,11.033157894736842,4.526315789473684,3.9473684210526314,0.5263157894736842,0.15789473684210525,0.5263157894736842,0.8421052631578947,1.1578947368421053,18.231540565177756,0.5992196209587514,82.2,14.116300147879599,19,209.63,422.3254880314784,82.19999999999999,86.0,10.0,75.0,59.0,29.0,3.0,10.0,16.0,-29.0,4515.660000000001,868.0,808.0,1845.4066485972419,1686.0,713.0,both,903.1320000000002,22.227657264814653,20.36344062511091,2.3678419331524316,-6.866741606142051,19.27902406069018,0.7003690888461458,973.0,4.4277690066072966
428,1641794.0,Dillon Jones,7,2026-01-30 19:30:00,2026-04-12 18:00:00,1,38.03,9.0,4.0,2.0,5.0,7.0,9.0,2.0,5.0,1.0,4.0,4.0,3.0,0.0,0.0,6.0,8.0,0.2222222222222222,0.2,1.0,New York,Knicks,New York Knicks,2026-04-12 18:00:00,2025-26,5.432857142857143,1.2857142857142858,1.0,0.5714285714285714,0.42857142857142855,0.0,0.0,0.8571428571428571,0.0,0.41821561338289964,9.799999999999999,9.276886668419667,7,38.029999999999994,77.63369532464363,9.8,9.0,4.0,7.0,9.0,4.0,3.0,0.0,0.0,8.0,1662.3999999999999,330.0,271.0,675.8637292674937,600.0,282.0,both,332.47999999999996,11.090527903520519,11.592904295440757,5.15240190908478,10.30480381816956,10.182695770000302,3.8806217623629555,318.0,0.0
429,1641796.0,Pelle Larsson,70,2025-10-22 19:00:00,2026-04-10 19:00:00,1,1833.8899999999999,800.0,236.0,69.0,175.0,244.0,559.0,277.0,192.0,62.0,231.0,184.0,49.0,16.0,101.0,148.0,80.0,0.49552772808586765,0.3229166666666667,0.7965367965367965,Miami,Heat,Miami Heat,2026-04-10 19:00:00,2025-26,26.19842857142857,11.428571428571429,3.4857142857142858,3.3714285714285714,0.7,0.22857142857142856,1.4428571428571428,2.1142857142857143,13.260858148206502,0.6054734802615646,666.7,13.087589768197658,70,1833.89,3964.0113498310916,666.6999999999999,800.0,236.0,244.0,559.0,231.0,49.0,16.0,101.0,80.0,16672.699999999997,3236.0,3261.0,7229.848759163753,6562.0,2745.0,both,3334.5399999999995,56.628733569015594,20.181576927979492,5.95356519375395,2.018157692797949,6.828724765404524,1.2323370813127001,3817.0,0.7621851303844869
430,1641801.0,Emanuel Miller,6,2025-11-29 19:30:00,2026-04-01 22:00:00,2,31.83,15.0,4.0,1.0,2.0,3.0,13.0,6.0,6.0,2.0,2.0,1.0,2.0,0.0,0.0,2.0,-19.0,0.46153846153846156,0.3333333333333333,0.5,San Antonio,Spurs,San Antonio Spurs,2026-04-01 22:00:00,2025-26,5.305,2.5,0.5,0.6666666666666666,0.3333333333333333,0.0,0.0,0.3333333333333333,0.0,0.5403458213256483,13.199999999999996,14.92931196983977,6,31.830000000000002,66.13796535590382,13.2,15.0,4.0,3.0,13.0,2.0,2.0,0.0,0.0,-19.0,1189.6299999999999,214.0,218.0,492.5288189513723,427.0,206.0,both,237.926,11.02299422598397,22.679863100235245,6.0479634933960655,-28.727826593631313,5.190901316019128,3.035313917663587,221.0,0.0
431,1641803.0,Tristen Newton,1,2026-04-12 20:30:00,2026-04-12 20:30:00,1,12.0,12.0,0.0,2.0,1.0,3.0,9.0,4.0,5.0,2.0,3.0,2.0,1.0,0.0,0.0,0.0,2.0,0.4444444444444444,0.4,0.6666666666666666,Houston,Rockets,Houston Rockets,2026-04-12 20:30:00,2025-26,12.0,12.0,3.0,0.0,1.0,0.0,0.0,0.0,0.0,0.5813953488372093,9.6,28.799999999999997,1,12.0,26.310996655115545,9.6,12.0,0.0,3.0,9.0,3.0,1.0,0.0,0.0,2.0,237.2,64.0,37.0,104.01614010989012,95.0,49.0,both,47.44,26.310996655115545,45.6083065088562,0.0,7.6013844181426995,11.742574257425742,3.8006922090713497,46.0,0.0
432,1641807.0,Norchad Omier,6,2026-03-02 22:00:00,2026-04-10 22:00:00,1,22.6,17.0,2.0,4.0,3.0,7.0,10.0,7.0,1.0,0.0,3.0,3.0,1.0,0.0,0.0,4.0,-23.0,0.7,0.0,1.0,LA,Clippers,LA Clippers,2026-04-10 22:00:00,2025-26,3.766666666666667,2.8333333333333335,1.1666666666666667,0.3333333333333333,0.16666666666666666,0.0,0.0,0.6666666666666666,0.0,0.7508833922261484,17.299999999999997,27.5575221238938,6,22.6,47.466132809452795,17.3,17.0,2.0,7.0,10.0,3.0,1.0,0.0,0.0,-23.0,1425.1999999999998,256.0,248.0,592.0588716666182,522.0,213.0,both,285.03999999999996,7.911022134908799,35.81500955269413,4.213530535611073,-48.45560115952735,17.51720747295968,2.1302593346887417,309.0,0.0
433,1641809.0,Drew Peterson,6,2025-11-17 19:30:00,2025-12-14 15:30:00,1,63.36,5.0,2.0,3.0,6.0,9.0,16.0,2.0,12.0,0.0,2.0,1.0,3.0,1.0,0.0,3.0,-10.0,0.125,0.0,0.5,Charlotte,Hornets,Charlotte Hornets,2025-12-14 15:30:00,2025-26,10.56,0.8333333333333334,1.5,0.3333333333333333,0.5,0.16666666666666666,0.0,0.5,0.0,0.1481042654028436,1.9999999999999991,1.136363636363636,6,63.36,130.2986871350443,2.0000000000000013,5.0,2.0,9.0,16.0,2.0,3.0,1.0,0.0,-10.0,1452.5900000000001,262.0,254.0,593.520241124337,543.0,203.0,both,290.51800000000003,21.716447855840716,3.8373372057217234,1.5349348822886895,-7.674674411443447,7.997434372797746,2.317627296948489,340.0,1.348586972667855
434,1641810.0,Antonio Reeves,10,2025-11-14 20:00:00,2026-03-31 19:30:00,1,65.41,27.0,3.0,2.0,6.0,8.0,20.0,10.0,13.0,7.0,0.0,0.0,1.0,0.0,1.0,3.0,29.0,0.5,0.5384615384615384,,Charlotte,Hornets,Charlotte Hornets,2026-03-31 19:30:00,2025-26,6.5409999999999995,2.7,0.8,0.3,0.1,0.0,0.1,0.3,4.761904761904762,0.675,21.099999999999998,11.61290322580645,10,65.41,130.7786855443314,21.099999999999998,27.0,3.0,8.0,20.0,0.0,1.0,0.0,1.0,29.0,2401.45,443.0,397.0,957.5914836596689,841.0,331.0,both,480.28999999999996,13.077868554433142,20.64556612388303,2.293951791542559,22.174867318244736,6.993105757820634,0.7667947314704091,510.0,0.0
435,1641813.0,Mark Sears,7,2025-10-26 18:00:00,2025-11-24 20:00:00,1,24.85,22.0,2.0,1.0,1.0,2.0,13.0,6.0,8.0,4.0,8.0,6.0,0.0,0.0,4.0,4.0,12.0,0.46153846153846156,0.5,0.75,Milwaukee,Bucks,Milwaukee Bucks,2025-11-24 20:00:00,2025-26,3.5500000000000003,3.142857142857143,0.2857142857142857,0.2857142857142857,0.0,0.0,0.5714285714285714,0.5714285714285714,19.49317738791423,0.665859564164649,11.299999999999999,16.370221327967805,7,24.85,50.439088346889946,11.299999999999999,22.0,2.0,2.0,13.0,8.0,0.0,0.0,4.0,12.0,1687.02,264.0,310.0,687.4049342292869,596.0,269.0,both,337.404,7.205584049555706,43.616965970314794,3.965178724574072,23.79107234744443,4.730880053842217,0.0,327.0,0.0
436,1641815.0,Isaiah Stevens,3,2026-01-30 19:30:00,2026-02-11 21:00:00,1,42.07,10.0,10.0,2.0,1.0,3.0,7.0,3.0,1.0,0.0,4.0,4.0,5.0,0.0,2.0,2.0,-9.0,0.42857142857142855,0.0,1.0,Sacramento,Kings,Sacramento Kings,2026-02-11 21:00:00,2025-26,14.023333333333333,3.3333333333333335,1.0,3.3333333333333335,1.6666666666666667,0.0,0.6666666666666666,0.6666666666666666,18.58736059479554,0.5707762557077626,17.2,14.718326598526264,3,42.07000000000001,84.71194077157934,17.2,10.0,10.0,3.0,7.0,4.0,5.0,0.0,2.0,-9.0,712.8,126.0,138.0,281.19627358376795,267.0,116.0,both,142.56,28.237313590526444,11.804711247218854,11.804711247218854,-10.624240122496968,3.8507249821725686,6.025396320379029,151.0,0.0
437,1641816.0,Hunter Tyson,21,2025-10-27 21:30:00,2026-02-01 21:30:00,1,157.94,46.0,17.0,4.0,32.0,36.0,52.0,14.0,33.0,7.0,13.0,11.0,2.0,1.0,5.0,13.0,-24.0,0.2692307692307692,0.21212121212121213,0.8461538461538461,Denver,Nuggets,Denver Nuggets,2026-02-01 21:30:00,2025-26,7.520952380952381,2.1904761904761907,1.7142857142857142,0.8095238095238095,0.09523809523809523,0.047619047619047616,0.23809523809523808,0.6190476190476191,7.971938775510204,0.3984753984753985,31.200000000000003,7.111561352412309,21,157.93999999999997,310.68005290073427,31.199999999999996,46.0,17.0,36.0,52.0,13.0,2.0,1.0,5.0,-24.0,5017.43,886.0,883.0,2011.1279283182005,1854.0,789.0,both,1003.4860000000001,14.794288233368299,14.806228971094423,5.471867228447939,-7.724989028397091,12.929860879112532,0.6318434428175027,1065.0,0.5965812179225368
438,1641824.0,Matas Buzelis,77,2025-10-22 20:00:00,2026-04-10 20:00:00,1,2231.78,1252.0,158.0,77.0,371.0,448.0,963.0,446.0,495.0,173.0,238.0,187.0,55.0,116.0,159.0,177.0,-306.0,0.46313603322949115,0.34949494949494947,0.7857142857142857,Chicago,Bulls,Chicago Bulls,2026-04-10 20:00:00,2025-26,28.984155844155847,16.25974025974026,5.818181818181818,2.051948051948052,0.7142857142857143,1.5064935064935066,2.064935064935065,2.2987012987012987,12.961392982913786,0.5862960326677406,918.1000000000001,14.809524236259847,77,2231.7799999999997,4768.131030058212,918.0999999999999,1252.0,158.0,448.0,963.0,238.0,55.0,116.0,159.0,-306.0,18389.939999999995,3457.0,3505.0,7861.086533796376,7224.0,2930.0,both,3677.987999999999,61.923779611145605,26.257667671198938,3.3136673259180767,-6.417608871714757,10.60481072573051,1.1530258371670161,4294.0,4.451997130347034
439,1641842.0,Ronald Holland II,78,2025-10-22 20:00:00,2026-04-12 18:00:00,1,1536.73,640.0,95.0,83.0,232.0,315.0,544.0,235.0,198.0,50.0,149.0,120.0,92.0,27.0,96.0,183.0,133.0,0.4319852941176471,0.25252525252525254,0.8053691275167785,Detroit,Pistons,Detroit Pistons,2026-04-12 18:00:00,2025-26,19.701666666666668,8.205128205128204,4.038461538461538,1.2179487179487178,1.1794871794871795,0.34615384615384615,1.2307692307692308,2.3461538461538463,13.606213504166904,0.5249688299757203,477.5,11.186089944232233,78,1536.73,3189.012384212892,477.49999999999994,640.0,95.0,315.0,544.0,149.0,92.0,27.0,96.0,133.0,18676.040000000008,3558.0,3170.0,7736.327516665561,6665.0,2871.0,both,3735.2080000000014,40.88477415657554,20.0689092073866,2.9789787104714485,4.170570194660027,11.379987694580695,2.8904815493688227,3794.0,1.729751273645732
440,1641854.0,Craig Porter Jr.,64,2025-10-22 19:00:00,2026-04-12 18:00:00,1,1133.81,289.0,205.0,85.0,135.0,220.0,258.0,116.0,93.0,33.0,40.0,24.0,57.0,38.0,59.0,70.0,103.0,0.4496124031007752,0.3548387096774194,0.6,Cleveland,Cavaliers,Cleveland Cavaliers,2026-04-12 18:00:00,2025-26,17.71578125,4.515625,3.4375,3.203125,0.890625,0.59375,0.921875,1.09375,17.632994620442318,0.524310595065312,388.5,12.335400111129731,64,1133.8100000000002,2367.151709951036,388.5,289.0,205.0,220.0,258.0,40.0,57.0,38.0,59.0,103.0,15295.93,2852.0,2762.0,6370.85811636746,5691.0,2384.0,both,3059.186,36.98674546798494,12.208765445201562,8.660196942097993,4.35122090261509,10.573429467128884,2.414029219827027,3307.0,3.1003805358901766
441,1641869.0,Malachi Smith,15,2026-03-14 13:00:00,2026-04-12 18:00:00,1,356.49,124.0,49.0,12.0,39.0,51.0,99.0,48.0,46.0,20.0,8.0,8.0,12.0,4.0,14.0,13.0,-90.0,0.48484848484848486,0.43478260869565216,1.0,Brooklyn,Nets,Brooklyn Nets,2026-04-12 18:00:00,2025-26,23.766000000000002,8.266666666666667,3.4,3.2666666666666666,0.8,0.26666666666666666,0.9333333333333333,0.8666666666666667,12.01510470305527,0.6047600468201327,123.9,12.511991921232013,15,356.48999999999995,727.6754720800641,123.89999999999999,124.0,49.0,51.0,99.0,8.0,12.0,4.0,14.0,-90.0,3571.6000000000004,539.0,696.0,1463.3545086395686,1233.0,493.0,both,714.32,48.51169813867094,17.0405633771804,6.73377101195032,-12.3681508382761,8.274631775874152,1.6431497844601535,740.0,1.083112903360316
442,1641871.0,Duop Reath,33,2025-10-24 22:00:00,2026-02-03 19:30:00,2,252.10999999999999,94.0,10.0,10.0,28.0,38.0,74.0,33.0,55.0,23.0,6.0,5.0,5.0,8.0,7.0,28.0,-39.0,0.44594594594594594,0.41818181818181815,0.8333333333333334,Atlanta,Hawks,Atlanta Hawks,2026-02-03 19:30:00,2025-26,7.63969696969697,2.8484848484848486,1.1515151515151516,0.30303030303030304,0.15151515151515152,0.24242424242424243,0.21212121212121213,0.8484848484848485,8.369201339072214,0.6132567849686847,69.8,9.96707786283765,33,252.11,535.2537429712418,69.8,94.0,10.0,38.0,74.0,6.0,5.0,8.0,7.0,-39.0,7638.250000000001,1466.0,1396.0,3219.9887093574357,2871.0,1162.0,both,1527.65,16.21981039306793,17.561764160339642,1.8682727830148553,-7.286263853757936,8.04540218639934,0.9409129534228875,1709.0,2.836493000828421
443,1641890.0,Tyler Smith,13,2026-03-01 20:00:00,2026-04-12 20:30:00,1,162.55,56.0,5.0,12.0,21.0,33.0,50.0,21.0,35.0,10.0,6.0,4.0,6.0,0.0,6.0,13.0,-22.0,0.42,0.2857142857142857,0.6666666666666666,Dallas,Mavericks,Dallas Mavericks,2026-04-12 20:30:00,2025-26,12.503846153846155,4.3076923076923075,2.5384615384615383,0.38461538461538464,0.46153846153846156,0.0,0.46153846153846156,1.0,10.231923601637108,0.5319148936170213,41.599999999999994,9.213165179944632,13,162.54999999999998,354.2025148980659,41.600000000000016,56.0,5.0,33.0,50.0,6.0,6.0,0.0,6.0,-22.0,2877.42,529.0,589.0,1245.2572149218674,1108.0,441.0,both,575.484,27.246347299851223,15.810164424189916,1.4116218235883853,-6.211136023788896,10.450051147053143,1.705840665965759,667.0,0.0
444,1641989.0,Elijah Harkless,26,2025-10-29 21:00:00,2026-03-28 22:00:00,1,539.69,178.0,75.0,10.0,43.0,53.0,161.0,54.0,88.0,21.0,64.0,49.0,31.0,6.0,26.0,52.0,-33.0,0.33540372670807456,0.23863636363636365,0.765625,Utah,Jazz,Utah Jazz,2026-03-28 22:00:00,2025-26,20.757307692307695,6.846153846153846,2.0384615384615383,2.8846153846153846,1.1923076923076923,0.23076923076923078,1.0,2.0,12.084030488938465,0.4705011630365828,141.7,9.452092868127998,26,539.6899999999999,1147.472886292552,141.7,178.0,75.0,53.0,161.0,64.0,31.0,6.0,26.0,-33.0,6188.400000000001,1106.0,1195.0,2636.476481061114,2325.0,1054.0,both,1237.68,44.133572549713534,15.512349104396906,6.5361021507290324,-2.8758849463207747,5.282302315470447,2.69650850486326,1271.0,1.0826041857901962
445,1641998.0,Trey Jemison III,13,2025-10-22 19:00:00,2026-04-12 18:00:00,1,78.55,13.0,5.0,8.0,10.0,18.0,10.0,6.0,0.0,0.0,1.0,1.0,1.0,2.0,10.0,11.0,-29.0,0.6,,1.0,New York,Knicks,New York Knicks,2026-04-12 18:00:00,2025-26,6.042307692307692,1.0,1.3846153846153846,0.38461538461538464,0.07692307692307693,0.15384615384615385,0.7692307692307693,0.8461538461538461,48.923679060665364,0.6226053639846744,8.5,3.895607893061744,13,78.55,159.17255649621288,8.5,13.0,5.0,18.0,10.0,1.0,1.0,2.0,10.0,-29.0,3087.6199999999994,572.0,549.0,1237.6619684859672,1120.0,515.0,both,617.5239999999999,12.24404280740099,8.167237045231039,3.141245017396553,-18.219221100900008,12.62334768617862,0.6351928572008723,605.0,2.598856337227959
446,1642066.0,Myron Gardner,45,2025-10-28 19:30:00,2026-04-12 18:00:00,1,401.11,163.0,44.0,39.0,83.0,122.0,123.0,59.0,64.0,26.0,26.0,19.0,20.0,8.0,17.0,78.0,78.0,0.4796747967479675,0.40625,0.7307692307692307,Miami,Heat,Miami Heat,2026-04-12 18:00:00,2025-26,8.913555555555556,3.6222222222222222,2.7111111111111112,0.9777777777777777,0.4444444444444444,0.17777777777777778,0.37777777777777777,1.7333333333333334,11.225567881669308,0.6062183873847069,158.09999999999997,14.189623793971725,45,401.11000000000007,877.9573188150638,158.1,163.0,44.0,122.0,123.0,26.0,20.0,8.0,17.0,78.0,10694.05,2122.0,2041.0,4631.892900088552,4129.0,1699.0,both,2138.81,19.51016264033475,18.565822791931748,5.011633146288324,8.884258759329303,15.626515113809237,2.302396960435686,2430.0,1.755466030325517
447,1642258.0,Zaccharie Risacher,67,2025-10-22 19:30:00,2026-04-12 18:00:00,1,1490.75,641.0,76.0,71.0,186.0,257.0,536.0,244.0,258.0,95.0,90.0,58.0,59.0,36.0,58.0,147.0,-16.0,0.4552238805970149,0.3682170542635659,0.6444444444444445,Atlanta,Hawks,Atlanta Hawks,2026-04-12 18:00:00,2025-26,22.25,9.567164179104477,3.8358208955223883,1.1343283582089552,0.8805970149253731,0.5373134328358209,0.8656716417910447,2.1940298507462686,9.154040404040403,0.5568102849200833,476.70000000000016,11.511789367767905,67,1490.75,3169.0583796650444,476.7,641.0,76.0,257.0,536.0,90.0,59.0,36.0,58.0,-16.0,16021.079999999998,2930.0,2997.0,6805.44045344051,6020.0,2430.0,both,3204.2159999999994,47.299378800970814,20.2268283889346,2.3981887013401395,-0.504881831861082,9.319983914076062,1.863428528012922,3590.0,2.1553858076522956
448,1642259.0,Alex Sarr,48,2025-10-22 20:00:00,2026-03-27 22:00:00,1,1295.19,783.0,130.0,105.0,250.0,355.0,656.0,316.0,150.0,50.0,146.0,101.0,39.0,95.0,82.0,105.0,-351.0,0.4817073170731707,0.3333333333333333,0.6917808219178082,Washington,Wizards,Washington Wizards,2026-03-27 22:00:00,2025-26,26.983125,16.3125,7.395833333333333,2.7083333333333335,0.8125,1.9791666666666667,1.7083333333333333,2.1875,10.221380135620263,0.5435688103965345,653.2,18.1557918143284,48,1295.19,2750.813932551012,653.1999999999999,783.0,130.0,355.0,656.0,146.0,39.0,95.0,82.0,-351.0,11483.86,2085.0,2327.0,4882.97984661748,4463.0,1806.0,both,2296.772,57.30862359481275,28.464302537317465,4.725873984484381,-12.759859758107828,14.268464915136839,1.4163287716061592,2657.0,6.3403970214532475
449,1642260.0,Nikola Topic,11,2026-02-12 19:30:00,2026-04-12 20:30:00,1,158.45000000000002,52.0,44.0,7.0,12.0,19.0,51.0,22.0,15.0,6.0,5.0,2.0,5.0,0.0,25.0,13.0,-42.0,0.43137254901960786,0.4,0.4,Oklahoma City,Thunder,Oklahoma City Thunder,2026-04-12 20:30:00,2025-26,14.404545454545456,4.7272727272727275,1.7272727272727273,4.0,0.45454545454545453,0.0,2.272727272727273,1.1818181818181819,31.9693094629156,0.48872180451127817,37.999999999999986,8.633638371726093,11,158.45,328.91197664993757,38.0,52.0,44.0,19.0,51.0,5.0,5.0,0.0,25.0,-42.0,2377.62,448.0,441.0,985.873918984047,886.0,366.0,both,475.524,29.90108878635796,15.809700981288325,13.37743929185935,-12.769373869502108,6.414045514742971,1.5220496659991822,520.0,0.0
450,1642261.0,Dalton Knecht,54,2025-10-24 22:00:00,2026-04-12 20:30:00,1,542.16,228.0,21.0,14.0,61.0,75.0,191.0,87.0,111.0,38.0,22.0,16.0,11.0,11.0,23.0,45.0,-82.0,0.45549738219895286,0.34234234234234234,0.7272727272727273,Los Angeles,Lakers,Los Angeles Lakers,2026-04-12 20:30:00,2025-26,10.04,4.222222222222222,1.3888888888888888,0.3888888888888889,0.2037037037037037,0.2037037037037037,0.42592592592592593,0.8333333333333334,10.282546494992847,0.5680685668726331,147.20000000000002,9.774236387782206,54,542.1599999999999,1115.7842473695823,147.2,228.0,21.0,75.0,191.0,22.0,11.0,11.0,23.0,-82.0,12830.47,2194.0,2196.0,5265.044754650378,4741.0,1977.0,both,2566.094,20.662671247584857,20.43405797648614,1.8820842873079342,-7.3490910266309815,8.086150714781978,0.988862041921367,2764.0,1.883647940264456
451,1642262.0,Cody Williams,67,2025-10-22 21:00:00,2026-04-12 20:30:00,1,1618.33,588.0,137.0,61.0,137.0,198.0,509.0,238.0,131.0,28.0,119.0,84.0,51.0,26.0,73.0,122.0,-393.0,0.4675834970530452,0.21374045801526717,0.7058823529411765,Utah,Jazz,Utah Jazz,2026-04-12 20:30:00,2025-26,24.15417910447761,8.776119402985074,2.955223880597015,2.044776119402985,0.7611940298507462,0.3880597014925373,1.0895522388059702,1.8208955223880596,11.507661264896903,0.5237280889268918,440.0000000000002,9.787867740201323,67,1618.33,3456.401899623592,439.99999999999994,588.0,137.0,198.0,509.0,119.0,51.0,26.0,73.0,-393.0,16079.79,2899.0,3087.0,6859.015020169212,6091.0,2775.0,both,3215.958,51.58808805408346,17.011910566998424,3.9636594348278638,-11.370205532024455,6.573123029160198,1.4775823866009423,3316.0,1.558124331015792
452,1642263.0,Reed Sheppard,82,2025-10-21 19:30:00,2026-04-12 20:30:00,1,2131.43,1110.0,277.0,28.0,210.0,238.0,946.0,407.0,576.0,227.0,86.0,69.0,122.0,54.0,123.0,166.0,280.0,0.43023255813953487,0.3940972222222222,0.8023255813953488,Houston,Rockets,Houston Rockets,2026-04-12 20:30:00,2025-26,25.993048780487804,13.536585365853659,2.902439024390244,3.3780487804878048,1.4878048780487805,0.6585365853658537,1.5,2.024390243902439,11.112717285244479,0.5641161164416978,850.7000000000002,14.36838179062883,82,2131.43,4259.995699708626,850.7,1110.0,277.0,238.0,946.0,86.0,122.0,54.0,123.0,280.0,19740.01,3946.0,3237.0,7899.69028127382,7217.0,2892.0,both,3948.0019999999995,51.951167069617384,26.05636433097624,6.50235398169407,6.572776587994006,6.137300391243556,2.8605928974065087,4325.0,2.3126714434899047
453,1642264.0,Stephon Castle,69,2025-10-22 21:30:00,2026-04-12 20:30:00,1,2023.87,1131.0,502.0,97.0,264.0,361.0,816.0,384.0,244.0,81.0,384.0,282.0,78.0,19.0,217.0,222.0,408.0,0.47058823529411764,0.3319672131147541,0.734375,San Antonio,Spurs,San Antonio Spurs,2026-04-12 20:30:00,2025-26,29.331449275362317,16.391304347826086,5.231884057971015,7.27536231884058,1.1304347826086956,0.2753623188405797,3.1449275362318843,3.217391304347826,18.053845385869746,0.5741349902534113,956.5999999999999,17.015717412679667,69,2023.87,4212.008046754951,956.6,1131.0,502.0,361.0,816.0,384.0,78.0,19.0,217.0,408.0,16220.050000000001,3238.0,2891.0,6764.923734943984,6183.0,2545.0,both,3244.01,61.04359488050653,26.851800553214854,11.918305815838954,9.686591181000583,9.440981616822866,1.8481246908742088,3638.0,0.8371253194280741
454,1642265.0,Rob Dillingham,65,2025-10-24 22:00:00,2026-04-12 20:30:00,2,956.77,409.0,143.0,19.0,112.0,131.0,412.0,163.0,133.0,42.0,55.0,41.0,47.0,6.0,100.0,114.0,-146.0,0.39563106796116504,0.3157894736842105,0.7454545454545455,Chicago,Bulls,Chicago Bulls,2026-04-12 20:30:00,2025-26,14.71953846153846,6.292307692307692,2.0153846153846153,2.2,0.7230769230769231,0.09230769230769231,1.5384615384615385,1.7538461538461538,18.649757553151808,0.46882164144887667,232.8,8.75947197341054,65,956.7700000000001,2057.812354110041,232.79999999999998,409.0,143.0,131.0,412.0,55.0,47.0,6.0,100.0,-146.0,15532.73,2926.0,2902.0,6640.544571610332,5992.0,2401.0,both,3106.546,31.658651601692934,19.8754759724865,6.949127296003837,-7.094913183332589,7.298304717752847,2.298076074786705,3591.0,0.542507922414989
455,1642266.0,Ja'Kobe Walter,72,2025-10-27 20:00:00,2026-04-12 18:00:00,1,1459.35,541.0,86.0,56.0,129.0,185.0,404.0,180.0,269.0,110.0,90.0,71.0,73.0,14.0,37.0,162.0,1.0,0.44554455445544555,0.40892193308550184,0.7888888888888889,Toronto,Raptors,Toronto Raptors,2026-04-12 18:00:00,2025-26,20.268749999999997,7.513888888888889,2.5694444444444446,1.1944444444444444,1.0138888888888888,0.19444444444444445,0.5138888888888888,2.25,7.698709945900957,0.6097835888187556,441.7,10.896083872957139,72,1459.3500000000001,2979.5772688247544,441.7,541.0,86.0,185.0,404.0,90.0,73.0,14.0,37.0,1.0,17194.29,3018.0,3091.0,7031.25712733028,6181.0,2573.0,both,3438.858,41.38301762256603,18.15693808851578,2.8863154817233956,0.03356180792701623,7.136025343949867,2.446496848312123,3608.0,0.914358038542962
456,1642267.0,Bub Carrington,82,2025-10-22 20:00:00,2026-04-12 18:00:00,1,2252.81,878.0,381.0,33.0,243.0,276.0,741.0,314.0,414.0,169.0,111.0,81.0,52.0,17.0,191.0,184.0,-746.0,0.42375168690958165,0.4082125603864734,0.7297297297297297,Washington,Wizards,Washington Wizards,2026-04-12 18:00:00,2025-26,27.47329268292683,10.707317073170731,3.3658536585365852,4.646341463414634,0.6341463414634146,0.2073170731707317,2.3292682926829267,2.2439024390243905,19.473104685779536,0.5558087713967386,634.9000000000001,10.145729111642794,82,2252.8100000000004,4772.798296446312,634.9,878.0,381.0,276.0,741.0,111.0,52.0,17.0,191.0,-746.0,19579.510000000002,3436.0,3919.0,8296.233901257621,7543.0,3048.0,both,3915.9020000000005,58.204857273735506,18.395916723607062,7.982738350449078,-15.630243594317616,6.522793868514707,1.0895059466375756,4495.0,0.6573951180456035
457,1642268.0,Isaiah Collier,59,2025-11-07 20:00:00,2026-03-18 20:00:00,1,1506.15,688.0,423.0,21.0,129.0,150.0,515.0,255.0,100.0,27.0,209.0,151.0,66.0,20.0,148.0,138.0,-443.0,0.49514563106796117,0.27,0.722488038277512,Utah,Jazz,Utah Jazz,2026-03-18 20:00:00,2025-26,25.52796610169492,11.661016949152541,2.542372881355932,7.169491525423729,1.11864406779661,0.3389830508474576,2.5084745762711864,2.3389830508474576,19.603687612588747,0.5667589297482536,632.5999999999999,15.120406334030474,59,1506.15,3207.516754039155,632.5999999999999,688.0,423.0,150.0,515.0,209.0,66.0,20.0,148.0,-443.0,14172.61,2530.0,2689.0,6036.134003363466,5338.0,2408.0,both,2834.522,54.364690746426355,21.449615162060084,13.187772112720081,-13.811307437198572,5.4089823980732445,2.057769229894207,2930.0,1.2846179356334138
458,1642269.0,Devin Carter,38,2025-10-26 21:00:00,2026-04-12 20:30:00,1,691.12,339.0,101.0,36.0,89.0,125.0,292.0,121.0,114.0,30.0,94.0,67.0,34.0,9.0,54.0,50.0,-113.0,0.4143835616438356,0.2631578947368421,0.7127659574468085,Sacramento,Kings,Sacramento Kings,2026-04-12 20:30:00,2025-26,18.187368421052632,8.921052631578947,3.289473684210526,2.6578947368421053,0.8947368421052632,0.23684210526315788,1.4210526315789473,1.3157894736842106,13.940520446096654,0.5084593232541397,261.09999999999997,13.600532469035766,38,691.1200000000001,1428.5540568441984,261.1,339.0,101.0,125.0,292.0,94.0,34.0,9.0,54.0,-113.0,9037.199999999999,1623.0,1617.0,3763.4986248472846,3351.0,1427.0,both,1807.4399999999998,37.593527811689434,23.730288565270037,7.070085973723521,-7.910096188423345,10.089634431282768,2.3626401702117503,1924.0,1.223341954329337
459,1642270.0,Donovan Clingan,77,2025-10-22 22:00:00,2026-04-12 20:30:00,1,2078.23,934.0,162.0,347.0,545.0,892.0,684.0,356.0,246.0,84.0,203.0,138.0,44.0,130.0,95.0,182.0,14.0,0.52046783625731,0.34146341463414637,0.6798029556650246,Portland,Trail Blazers,Portland Trail Blazers,2026-04-12 20:30:00,2025-26,26.990000000000002,12.12987012987013,11.584415584415584,2.103896103896104,0.5714285714285714,1.6883116883116882,1.2337662337662338,2.3636363636363638,10.940667035194398,0.6038897222365902,1058.6000000000001,18.337527607627646,77,2078.23,4339.411496754747,1058.6000000000001,934.0,162.0,892.0,684.0,203.0,44.0,130.0,95.0,14.0,18391.549999999996,3548.0,3287.0,7692.550626207876,6870.0,2719.0,both,3678.309999999999,56.35599346434736,21.523655931190145,3.733225118686085,0.32262439297287154,23.09835509714193,1.012364788800571,4151.0,5.543005851301016
460,1642271.0,Kyle Filipowski,77,2025-10-22 21:00:00,2026-04-07 20:00:00,1,1786.55,879.0,198.0,144.0,408.0,552.0,657.0,323.0,228.0,74.0,212.0,159.0,73.0,39.0,125.0,232.0,-256.0,0.4916286149162861,0.32456140350877194,0.75,Utah,Jazz,Utah Jazz,2026-04-07 20:00:00,2025-26,23.20194805194805,11.415584415584416,7.1688311688311686,2.5714285714285716,0.948051948051948,0.5064935064935064,1.6233766233766234,3.012987012987013,14.281144319532036,0.5857813083115637,771.3999999999999,15.544149338109762,77,1786.5499999999997,3789.6690741758166,771.4,879.0,198.0,552.0,657.0,212.0,73.0,39.0,125.0,-256.0,18485.609999999997,3374.0,3506.0,7863.004563275286,7013.0,3186.0,both,3697.1219999999994,49.21648148280281,23.194637389048708,5.224730606406877,-6.755207248687678,16.603484694744257,1.9212458352936488,3827.0,2.10889400128652
461,1642272.0,Jared McCain,67,2025-11-04 20:00:00,2026-04-12 20:30:00,2,1145.81,558.0,90.0,23.0,114.0,137.0,480.0,204.0,257.0,99.0,59.0,51.0,35.0,5.0,56.0,81.0,126.0,0.425,0.3852140077821012,0.864406779661017,Oklahoma City,Thunder,Oklahoma City Thunder,2026-04-12 20:30:00,2025-26,17.101641791044774,8.328358208955224,2.044776119402985,1.3432835820895523,0.5223880597014925,0.07462686567164178,0.835820895522388,1.208955223880597,9.965122072745391,0.5514269902759111,363.80000000000007,11.430167305225128,67,1145.81,2366.287453487663,363.79999999999995,558.0,90.0,137.0,480.0,59.0,35.0,5.0,56.0,126.0,16139.670000000002,2964.0,2996.0,6633.942663287108,5939.0,2467.0,both,3227.934,35.31772318638303,23.581243233047015,3.803426327910809,5.324796859075132,6.475694401937987,1.486306471829839,3472.0,0.40569749482355616
462,1642273.0,Kyshawn George,48,2025-10-22 20:00:00,2026-03-02 19:00:00,1,1381.79,710.0,214.0,43.0,202.0,245.0,577.0,253.0,260.0,99.0,131.0,105.0,48.0,43.0,125.0,169.0,-355.0,0.43847487001733104,0.38076923076923075,0.8015267175572519,Washington,Wizards,Washington Wizards,2026-03-02 19:00:00,2025-26,28.787291666666665,14.791666666666666,5.104166666666667,4.458333333333333,1.0,0.8958333333333334,2.6041666666666665,3.5208333333333335,16.455162971934076,0.5593722425311988,522.9000000000001,13.623198894187976,48,1381.79,2904.7745132523123,522.9,710.0,214.0,245.0,577.0,131.0,48.0,43.0,125.0,-355.0,11460.89,2066.0,2336.0,4825.64623924204,4424.0,1828.0,both,2292.178,60.51613569275651,24.442516854950405,7.3671811365625155,-12.221258427475203,9.232564294069187,1.6500307987647016,2596.0,2.747704734076256
463,1642274.0,Yves Missi,66,2025-10-22 20:00:00,2026-04-05 19:00:00,1,1283.81,377.0,84.0,183.0,202.0,385.0,294.0,160.0,1.0,0.0,102.0,57.0,20.0,101.0,54.0,113.0,-41.0,0.54421768707483,0.0,0.5588235294117647,New Orleans,Pelicans,New Orleans Pelicans,2026-04-05 19:00:00,2025-26,19.451666666666664,5.712121212121212,5.833333333333333,1.2727272727272727,0.30303030303030304,1.5303030303030303,0.8181818181818182,1.7121212121212122,13.744654856444717,0.5562440982058546,456.2,12.792547183773301,66,1283.81,2658.8558591457563,456.2,377.0,84.0,385.0,294.0,102.0,20.0,101.0,54.0,-41.0,15779.089999999998,2873.0,3002.0,6554.0015821215375,6018.0,2666.0,both,3155.8179999999998,40.28569483554176,14.179031131124328,3.159253620727967,-1.5420166482124602,16.108832038677427,0.7501267423204636,3352.0,7.406764878460013
464,1642275.0,Tidjane Salaun,37,2025-10-22 19:00:00,2026-04-12 18:00:00,1,568.04,222.0,27.0,26.0,123.0,149.0,159.0,80.0,83.0,36.0,40.0,26.0,16.0,7.0,26.0,54.0,-4.0,0.5031446540880503,0.43373493975903615,0.65,Charlotte,Hornets,Charlotte Hornets,2026-04-12 18:00:00,2025-26,15.352432432432431,6.0,4.027027027027027,0.7297297297297297,0.43243243243243246,0.1891891891891892,0.7027027027027027,1.4594594594594594,12.833168805528135,0.6285390713476784,184.4,11.686500950637281,37,568.0400000000001,1157.3986554672347,184.4,222.0,27.0,149.0,159.0,40.0,16.0,7.0,26.0,-4.0,8824.31,1718.0,1446.0,3605.604352805393,3273.0,1326.0,both,1764.8619999999999,31.281044742357693,19.1809450400977,2.332817640011882,-0.3456026133350937,14.631256603873355,1.3787126068725342,1947.0,1.117027646258698
465,1642276.0,Kel'el Ware,77,2025-10-22 19:00:00,2026-04-12 18:00:00,1,1688.3,851.0,56.0,217.0,477.0,694.0,649.0,344.0,233.0,92.0,96.0,71.0,59.0,84.0,62.0,119.0,-66.0,0.5300462249614792,0.3948497854077253,0.7395833333333334,Miami,Heat,Miami Heat,2026-04-12 18:00:00,2025-26,21.925974025974025,11.051948051948052,9.012987012987013,0.7272727272727273,0.7662337662337663,1.0909090909090908,0.8051948051948052,1.5454545454545454,8.23110827890181,0.6155604421040449,866.7,18.480838713498787,77,1688.3,3647.6311095959504,866.6999999999998,851.0,56.0,694.0,649.0,96.0,59.0,84.0,62.0,-66.0,18339.1,3538.0,3580.0,7912.852162577152,7165.0,3021.0,both,3667.8199999999997,47.3718325921552,23.33021005773431,1.5352429650212942,-1.8093934944893821,21.181654537699977,1.6198595240543874,4144.0,4.403702108790067
466,1642277.0,Johnny Furphy,36,2025-10-23 19:30:00,2026-03-08 21:00:00,1,635.44,180.0,41.0,32.0,121.0,153.0,149.0,70.0,71.0,23.0,35.0,17.0,20.0,7.0,29.0,65.0,-58.0,0.4697986577181208,0.323943661971831,0.4857142857142857,Indiana,Pacers,Indiana Pacers,2026-03-08 21:00:00,2025-26,17.651111111111113,5.0,4.25,1.1388888888888888,0.5555555555555556,0.19444444444444445,0.8055555555555556,1.8055555555555556,14.99482936918304,0.5474452554744526,153.79999999999998,8.71333249401989,36,635.4399999999999,1334.6307175020647,153.79999999999998,180.0,41.0,153.0,149.0,35.0,20.0,7.0,29.0,-58.0,8365.22,1467.0,1641.0,3519.6343895273462,3106.0,1136.0,both,1673.0439999999999,37.07307548616846,13.486876754709606,3.0720108163505215,-4.345771398739762,12.961140962368459,1.4961159621164284,1970.0,0.9355448816472187
467,1642278.0,Tyler Kolek,62,2025-10-22 19:00:00,2026-04-03 19:30:00,1,715.91,274.0,170.0,16.0,82.0,98.0,248.0,108.0,114.0,44.0,20.0,14.0,22.0,4.0,55.0,65.0,106.0,0.43548387096774194,0.38596491228070173,0.7,New York,Knicks,New York Knicks,2026-04-03 19:30:00,2025-26,11.546935483870968,4.419354838709677,1.5806451612903225,2.7419354838709675,0.3548387096774194,0.06451612903225806,0.8870967741935484,1.0483870967741935,17.63951250801796,0.5334890965732088,239.79999999999995,12.058498973334636,62,715.91,1455.076987463288,239.8,274.0,170.0,98.0,248.0,20.0,22.0,4.0,55.0,106.0,14807.93,2862.0,2483.0,6000.026222072116,5317.0,2393.0,both,2961.5860000000002,23.46898366876271,18.830618748062157,11.683230610111558,7.284837909834266,7.584802658287329,1.5168249093662844,2924.0,0.5659115303127638
468,1642280.0,Trentyn Flowers,2,2025-12-03 20:00:00,2025-12-07 19:00:00,1,5.33,4.0,1.0,1.0,0.0,1.0,3.0,2.0,1.0,0.0,0.0,0.0,0.0,0.0,1.0,1.0,-2.0,0.6666666666666666,0.0,,Chicago,Bulls,Chicago Bulls,2025-12-07 19:00:00,2025-26,2.665,2.0,0.5,0.5,0.0,0.0,0.5,0.5,25.0,0.6666666666666666,2.7000000000000006,18.236397748592875,2,5.33,10.610396135048173,2.7,4.0,1.0,1.0,3.0,0.0,0.0,0.0,1.0,-2.0,475.21000000000004,80.0,93.0,193.64406313097322,166.0,93.0,both,95.042,5.305198067524087,37.698875226601885,9.424718806650471,-18.849437613300942,10.3072368207008,0.0,73.0,0.0
469,1642281.0,Jaylon Tyson,66,2025-10-22 19:00:00,2026-04-12 18:00:00,1,1763.7,872.0,147.0,118.0,220.0,338.0,670.0,330.0,298.0,133.0,107.0,79.0,54.0,28.0,99.0,164.0,110.0,0.4925373134328358,0.4463087248322148,0.7383177570093458,Cleveland,Cavaliers,Cleveland Cavaliers,2026-04-12 18:00:00,2025-26,26.722727272727273,13.212121212121213,5.121212121212121,2.227272727272727,0.8181818181818182,0.42424242424242425,1.5,2.484848484848485,12.131163611410646,0.6080214202041613,684.3,13.967681578499745,66,1763.7,3665.6217902273897,684.3,872.0,147.0,338.0,670.0,107.0,54.0,28.0,99.0,110.0,15771.94,2940.0,2873.0,6565.603266827838,5876.0,2526.0,both,3154.388,55.53972409435439,23.788597130363172,4.010233690554342,3.0008551425916843,10.399363871135547,1.4709893225208568,3350.0,1.4948706713075208
470,1642282.0,Hunter Sallis,7,2025-10-27 19:00:00,2025-12-23 19:00:00,1,24.6,7.0,4.0,0.0,1.0,1.0,5.0,3.0,0.0,0.0,2.0,1.0,0.0,1.0,5.0,2.0,-13.0,0.6,,0.5,Philadelphia,76ers,Philadelphia 76ers,2025-12-23 19:00:00,2025-26,3.5142857142857147,1.0,0.14285714285714285,0.5714285714285714,0.0,0.14285714285714285,0.7142857142857143,0.2857142857142857,45.95588235294118,0.5952380952380952,2.299999999999998,3.365853658536582,7,24.599999999999994,53.146928080742015,2.3,7.0,4.0,1.0,5.0,2.0,0.0,1.0,5.0,-13.0,1665.1999999999998,305.0,318.0,708.8356373311896,634.0,255.0,both,333.03999999999996,7.59241829724886,13.171034061207529,7.5263051778328744,-24.46049182795684,2.173067637578463,0.0,379.0,3.5720874359139376
471,1642285.0,Cam Spencer,72,2025-10-22 20:00:00,2026-04-06 20:00:00,1,1699.46,798.0,400.0,40.0,143.0,183.0,556.0,263.0,326.0,146.0,134.0,126.0,52.0,11.0,93.0,103.0,-89.0,0.47302158273381295,0.44785276073619634,0.9402985074626866,Memphis,Grizzlies,Memphis Grizzlies,2026-04-06 20:00:00,2025-26,23.60361111111111,11.083333333333334,2.5416666666666665,5.555555555555555,0.7222222222222222,0.1527777777777778,1.2916666666666667,1.4305555555555556,13.13633538618001,0.6488226876544816,787.1999999999999,16.67541454344321,72,1699.46,3570.7268636769963,787.2,798.0,400.0,183.0,556.0,134.0,52.0,11.0,93.0,-89.0,17178.91,3057.0,3304.0,7239.216375734342,6526.0,2772.0,both,3435.782,49.59342866218051,22.34839097097028,11.202200987955026,-2.4924897198199933,5.816213594303857,1.4522000220422804,3754.0,0.5923972992116754
472,1642345.0,Oso Ighodaro,82,2025-10-22 22:00:00,2026-04-12 20:30:00,1,1792.24,531.0,185.0,138.0,280.0,418.0,366.0,239.0,1.0,0.0,117.0,53.0,73.0,57.0,101.0,218.0,161.0,0.6530054644808743,0.0,0.452991452991453,Phoenix,Suns,Phoenix Suns,2026-04-12 20:30:00,2025-26,21.856585365853658,6.475609756097561,5.097560975609756,2.2560975609756095,0.8902439024390244,0.6951219512195121,1.2317073170731707,2.658536585365854,19.48001851566116,0.6359586087956309,579.5999999999999,11.6421907780208,82,1792.2400000000002,3617.964074480431,579.5999999999999,531.0,185.0,418.0,366.0,117.0,73.0,57.0,101.0,161.0,19574.389999999996,3535.0,3581.0,7924.174576450695,7011.0,2876.0,both,3914.8779999999992,44.12151310341989,14.67676265072521,5.113373051570931,4.450016547583351,12.831056256593754,2.012291496682784,4135.0,3.011073859137775
473,1642346.0,Ryan Dunn,70,2025-10-22 22:00:00,2026-04-12 20:30:00,1,1340.36,407.0,102.0,99.0,198.0,297.0,362.0,164.0,169.0,56.0,47.0,23.0,60.0,29.0,56.0,130.0,4.0,0.4530386740331492,0.33136094674556216,0.48936170212765956,Phoenix,Suns,Phoenix Suns,2026-04-12 20:30:00,2025-26,19.148,5.814285714285714,4.242857142857143,1.457142857142857,0.8571428571428571,0.4142857142857143,0.8,1.8571428571428572,12.765569435579465,0.531775896310233,382.0,10.259930168014565,70,1340.3600000000004,2711.758616222784,381.99999999999994,407.0,102.0,297.0,362.0,47.0,60.0,29.0,56.0,4.0,16719.54,3025.0,3062.0,6759.090075273904,6008.0,2481.0,both,3343.9080000000004,38.73940880318263,15.008710493816423,3.761396733094042,0.14750575423898205,12.172674500208934,2.2146029686411466,3527.0,2.0512821445724434
474,1642347.0,Jamal Shead,82,2025-10-22 19:30:00,2026-04-12 18:00:00,1,1838.97,545.0,444.0,26.0,117.0,143.0,504.0,185.0,262.0,84.0,116.0,91.0,76.0,15.0,112.0,162.0,229.0,0.36706349206349204,0.32061068702290074,0.7844827586206896,Toronto,Raptors,Toronto Raptors,2026-04-12 18:00:00,2025-26,22.426463414634146,6.646341463414634,1.7439024390243902,5.414634146341464,0.926829268292683,0.18292682926829268,1.3658536585365855,1.975609756097561,16.790597265531304,0.49095560680311334,530.0,10.375373170851073,82,1838.97,3755.543693802134,529.9999999999999,545.0,444.0,143.0,504.0,116.0,76.0,15.0,112.0,229.0,19594.510000000002,3452.0,3517.0,8034.324636576709,7047.0,2945.0,both,3918.9020000000005,45.799313339050414,14.511880154647832,11.822522548006674,6.097652395255694,4.3727568794547995,2.0158303292381174,4102.0,0.7792653428377211
475,1642348.0,Justin Edwards,64,2025-10-22 19:30:00,2026-04-12 18:00:00,1,966.21,386.0,80.0,26.0,68.0,94.0,320.0,143.0,180.0,67.0,39.0,33.0,54.0,11.0,36.0,91.0,-71.0,0.446875,0.37222222222222223,0.8461538461538461,Philadelphia,76ers,Philadelphia 76ers,2026-04-12 18:00:00,2025-26,15.09703125,6.03125,1.46875,1.25,0.84375,0.171875,0.5625,1.421875,9.647336263265087,0.5724285205836991,300.7,11.203775576737975,64,966.21,2016.3444487405518,300.69999999999993,386.0,80.0,94.0,320.0,39.0,54.0,11.0,36.0,-71.0,15351.11,2779.0,2906.0,6384.520520314085,5739.0,2466.0,both,3070.222,31.505382011571122,19.143554576754145,3.96757607808376,-3.521223769299337,5.254067354556006,2.687594378421068,3273.0,1.0679352731801777
476,1642349.0,Ajay Mitchell,58,2025-10-21 19:30:00,2026-04-08 22:00:00,1,1462.49,774.0,206.0,40.0,150.0,190.0,590.0,286.0,176.0,61.0,162.0,141.0,71.0,18.0,81.0,119.0,502.0,0.4847457627118644,0.3465909090909091,0.8703703703703703,Oklahoma City,Thunder,Oklahoma City Thunder,2026-04-08 22:00:00,2025-26,25.215344827586208,13.344827586206897,3.2758620689655173,3.5517241379310347,1.2241379310344827,0.3103448275862069,1.396551724137931,2.0517241379310347,10.91232419033249,0.5852286474715703,639.2,15.734261430847392,58,1462.4899999999998,3047.054609081965,639.1999999999999,774.0,206.0,190.0,590.0,162.0,71.0,18.0,81.0,502.0,13702.48,2519.0,2545.0,5713.757799540361,4999.0,2206.0,both,2740.496,52.53542429451664,25.40157953497248,6.760627111375103,16.474926261700496,7.030661216116983,2.3284814845825323,2793.0,1.2076409655181097
477,1642352.0,Keshad Johnson,32,2025-10-24 20:00:00,2026-04-12 18:00:00,1,272.91,136.0,8.0,26.0,36.0,62.0,104.0,51.0,44.0,13.0,29.0,21.0,15.0,8.0,13.0,28.0,91.0,0.49038461538461536,0.29545454545454547,0.7241379310344828,Miami,Heat,Miami Heat,2026-04-12 18:00:00,2025-26,8.5284375,4.25,1.9375,0.25,0.46875,0.25,0.40625,0.875,10.018495684340321,0.5823912298732442,111.39999999999999,14.694954380565019,32,272.91,599.1768916129693,111.4,136.0,8.0,62.0,104.0,29.0,15.0,8.0,13.0,91.0,7601.23,1514.0,1467.0,3337.0852034058444,3013.0,1263.0,both,1520.2459999999999,18.72427786290529,22.69780458887381,1.3351649758161066,15.187501599908213,11.5857494789684,2.5039080919661076,1750.0,2.5465157011468977
478,1642353.0,Cam Christie,55,2025-10-22 21:00:00,2026-04-10 22:00:00,1,469.06,156.0,31.0,19.0,59.0,78.0,139.0,53.0,49.0,12.0,50.0,38.0,16.0,3.0,22.0,19.0,-12.0,0.381294964028777,0.24489795918367346,0.76,LA,Clippers,LA Clippers,2026-04-10 22:00:00,2025-26,8.528363636363636,2.8363636363636364,1.4181818181818182,0.5636363636363636,0.2909090909090909,0.05454545454545454,0.4,0.34545454545454546,12.021857923497267,0.484472049689441,116.29999999999998,8.925936980343664,55,469.06,942.8664457759685,116.3,156.0,31.0,78.0,139.0,50.0,16.0,3.0,22.0,-12.0,13092.649999999998,2210.0,2301.0,5233.592649840501,4794.0,2028.0,both,2618.5299999999997,17.14302628683579,16.545291297498,3.287846347579731,-1.2727147151921536,9.652747152284824,1.7066686874301862,2766.0,0.6054778130590807
479,1642354.0,KJ Simpson,20,2025-11-02 18:00:00,2026-04-10 21:00:00,2,254.57,91.0,43.0,9.0,28.0,37.0,99.0,34.0,40.0,12.0,18.0,11.0,16.0,0.0,25.0,18.0,-2.0,0.3434343434343434,0.3,0.6111111111111112,Denver,Nuggets,Denver Nuggets,2026-04-10 21:00:00,2025-26,12.7285,4.55,1.85,2.15,0.8,0.0,1.25,0.9,18.95087932080048,0.42555181444070334,61.099999999999994,8.640452527791963,20,254.57,522.8384153463359,61.099999999999994,91.0,43.0,37.0,99.0,18.0,16.0,0.0,25.0,-2.0,4780.599999999999,944.0,812.0,1973.7548818244002,1804.0,721.0,both,956.1199999999999,26.141920767316794,17.404994990607232,8.224338292264957,-0.3825273624309282,7.913751206532288,3.044611936505555,1083.0,0.0
480,1642355.0,Bronny James,42,2025-10-24 22:00:00,2026-04-12 20:30:00,1,366.09,122.0,51.0,5.0,18.0,23.0,115.0,47.0,57.0,22.0,7.0,6.0,19.0,4.0,25.0,28.0,-40.0,0.40869565217391307,0.38596491228070173,0.8571428571428571,Los Angeles,Lakers,Los Angeles Lakers,2026-04-12 20:30:00,2025-26,8.71642857142857,2.9047619047619047,0.5476190476190477,1.2142857142857142,0.4523809523809524,0.09523809523809523,0.5952380952380952,0.6666666666666666,17.472742521666202,0.5165989159891599,90.1,8.860116364828322,42,366.09,760.9906002983558,90.1,122.0,51.0,23.0,115.0,7.0,19.0,4.0,25.0,-40.0,9974.83,1685.0,1695.0,4118.303375402259,3701.0,1525.0,both,1994.966,18.11882381662752,16.031735471130443,6.701791057603709,-5.2563067118460465,3.708162590083177,2.5141020234680176,2176.0,1.0017255078709348
481,1642357.0,David Jones Garcia,13,2025-10-22 21:30:00,2026-04-01 22:00:00,1,65.17999999999999,32.0,18.0,4.0,9.0,13.0,25.0,13.0,5.0,3.0,6.0,3.0,6.0,1.0,5.0,6.0,38.0,0.52,0.6,0.5,San Antonio,Spurs,San Antonio Spurs,2026-04-01 22:00:00,2025-26,5.013846153846154,2.4615384615384617,1.0,1.3846153846153846,0.46153846153846156,0.07692307692307693,0.38461538461538464,0.46153846153846156,15.318627450980392,0.5788712011577424,35.900000000000006,19.828168149739188,13,65.18,137.44026087832827,35.9,32.0,18.0,13.0,25.0,6.0,6.0,1.0,5.0,38.0,2612.41,479.0,464.0,1097.1623482654727,977.0,355.0,both,522.482,10.572327759871406,23.282842884246733,13.096599122388785,27.648375925042995,11.050670677204524,4.383664739278754,622.0,1.2887438101167281
482,1642358.0,AJ Johnson,48,2025-10-22 20:00:00,2026-04-12 20:30:00,2,443.66,160.0,47.0,14.0,41.0,55.0,176.0,57.0,57.0,12.0,40.0,34.0,11.0,3.0,30.0,30.0,-53.0,0.32386363636363635,0.21052631578947367,0.85,Dallas,Mavericks,Dallas Mavericks,2026-04-12 20:30:00,2025-26,9.242916666666668,3.3333333333333335,1.1458333333333333,0.9791666666666666,0.22916666666666666,0.0625,0.625,0.625,13.416815742397137,0.4132231404958678,83.30000000000001,6.759230041022405,48,443.65999999999997,944.8876323506796,83.30000000000001,160.0,47.0,55.0,176.0,40.0,11.0,3.0,30.0,-53.0,11406.02,2098.0,2245.0,4842.2215165287835,4452.0,1824.0,both,2281.204,19.685159007305824,16.93323042042089,4.974136435998637,-5.60913257676442,6.511584934515108,1.1680512043518367,2628.0,0.5869616722830866
483,1642359.0,Pacome Dadiet,29,2025-11-02 19:00:00,2026-04-12 18:00:00,1,130.25,48.0,12.0,4.0,23.0,27.0,48.0,16.0,32.0,7.0,11.0,9.0,3.0,1.0,3.0,8.0,-5.0,0.3333333333333333,0.21875,0.8181818181818182,New York,Knicks,New York Knicks,2026-04-12 18:00:00,2025-26,4.491379310344827,1.6551724137931034,0.9310344827586207,0.41379310344827586,0.10344827586206896,0.034482758620689655,0.10344827586206896,0.27586206896551724,5.3724928366762175,0.4542013626040878,35.6,9.83953934740883,29,130.25,261.0655966934218,35.599999999999994,48.0,12.0,27.0,48.0,11.0,3.0,1.0,3.0,-5.0,6885.259999999998,1316.0,1175.0,2775.0522800305807,2473.0,1119.0,both,1377.0519999999997,9.00226195494558,18.386183628924506,4.5965459072311265,-1.9152274613463027,11.45942020833542,1.1429380565939768,1354.0,0.7808254209465377
484,1642362.0,Payton Sandfort,4,2026-03-18 19:30:00,2026-04-12 20:30:00,1,62.800000000000004,35.0,0.0,1.0,9.0,10.0,26.0,13.0,17.0,7.0,4.0,2.0,1.0,0.0,1.0,8.0,-19.0,0.5,0.4117647058823529,0.5,Oklahoma City,Thunder,Oklahoma City Thunder,2026-04-12 20:30:00,2025-26,15.700000000000001,8.75,2.5,0.0,0.25,0.0,0.25,2.0,3.477051460361613,0.6304034582132565,21.400000000000002,12.26751592356688,4,62.8,131.795307150385,21.399999999999995,35.0,0.0,10.0,26.0,4.0,1.0,0.0,1.0,-19.0,952.0,185.0,191.0,407.215625374883,371.0,166.0,both,190.4,32.94882678759625,26.556332510430934,0.0,-14.416294791376794,8.063423228079685,0.7445311389922332,205.0,0.0
485,1642363.0,Nique Clifford,75,2025-10-22 22:00:00,2026-04-12 20:30:00,1,1865.95,645.0,179.0,65.0,217.0,282.0,596.0,249.0,231.0,77.0,97.0,70.0,68.0,24.0,116.0,156.0,-219.0,0.41778523489932884,0.3333333333333333,0.7216494845360825,Sacramento,Kings,Sacramento Kings,2026-04-12 20:30:00,2025-26,24.879333333333335,8.6,3.76,2.3866666666666667,0.9066666666666666,0.32,1.5466666666666666,2.08,15.37075316690518,0.5049477046408217,458.9,8.85361344087462,75,1865.95,3859.1932171628127,458.8999999999999,645.0,179.0,282.0,596.0,97.0,68.0,24.0,116.0,-219.0,17918.2,3205.0,3274.0,7423.115043031908,6675.0,2731.0,both,3583.6400000000003,51.45590956217084,16.713337832672412,4.638275150462577,-5.6747612176050515,8.359215118424288,1.759329134557407,3944.0,1.168688333526196
486,1642364.0,Jamir Watkins,50,2025-10-28 19:00:00,2026-04-12 18:00:00,1,1022.11,368.0,67.0,49.0,145.0,194.0,296.0,132.0,158.0,47.0,82.0,57.0,54.0,25.0,40.0,129.0,-164.0,0.44594594594594594,0.2974683544303797,0.6951219512195121,Washington,Wizards,Washington Wizards,2026-04-12 18:00:00,2025-26,20.4422,7.36,3.88,1.34,1.08,0.5,0.8,2.58,10.750376263169212,0.5540833534088172,308.2,10.855191711263952,50,1022.11,2154.679433583057,308.2,368.0,67.0,194.0,296.0,82.0,54.0,25.0,40.0,-164.0,11948.87,2026.0,2398.0,5045.524790064139,4599.0,1818.0,both,2389.7740000000003,43.09358867166114,17.079106722991543,3.1095112783707433,-7.611341039594058,10.252878388663895,2.5023416815181414,2781.0,2.101833038227417
487,1642365.0,Nikola Đurisic,1,2026-02-03 19:30:00,2026-02-03 19:30:00,1,0.0,0.0,0.0,0.0,0.0,0.0,0.0,0.0,0.0,0.0,0.0,0.0,0.0,0.0,0.0,0.0,0.0,,,,Atlanta,Hawks,Atlanta Hawks,2026-02-03 19:30:00,2025-26,0.0,0.0,0.0,0.0,0.0,0.0,0.0,0.0,,,0.0,,1,0.0,,0.0,0.0,0.0,0.0,0.0,0.0,0.0,0.0,0.0,0.0,,,,,,,both,,,,,,,,,
488,1642366.0,Quinten Post,68,2025-10-21 22:00:00,2026-04-01 22:00:00,1,1145.54,513.0,94.0,68.0,201.0,269.0,439.0,193.0,277.0,93.0,43.0,34.0,26.0,35.0,56.0,125.0,60.0,0.4396355353075171,0.33574007220216606,0.7906976744186046,Golden State,Warriors,Golden State Warriors,2026-04-01 22:00:00,2025-26,16.846176470588233,7.544117647058823,3.9558823529411766,1.3823529411764706,0.38235294117647056,0.5147058823529411,0.8235294117647058,1.838235294117647,10.896637608966374,0.5601415094339622,397.5000000000001,12.491925205579905,68,1145.5400000000002,2375.118003544418,397.5,513.0,94.0,269.0,439.0,43.0,26.0,35.0,56.0,60.0,16000.430000000002,2846.0,3007.0,6639.446564712061,5928.0,2392.0,both,3200.0860000000002,34.928205934476736,21.598926842137683,3.9576980958302967,2.526190273934232,12.838821097270841,1.09393837955387,3536.0,2.7650766790457135
489,1642367.0,Jonathan Mogbo,40,2025-10-22 19:30:00,2026-04-12 18:00:00,1,240.14000000000001,61.0,25.0,19.0,49.0,68.0,44.0,26.0,1.0,0.0,14.0,9.0,11.0,8.0,14.0,26.0,-53.0,0.5909090909090909,0.0,0.6428571428571429,Toronto,Raptors,Toronto Raptors,2026-04-12 18:00:00,2025-26,6.003500000000001,1.525,1.7,0.625,0.275,0.2,0.35,0.65,21.820448877805486,0.6080542264752792,76.3,11.43832764220871,40,240.14,492.89620369342913,76.3,61.0,25.0,68.0,44.0,14.0,11.0,8.0,14.0,-53.0,9525.07,1637.0,1702.0,3923.019831795733,3420.0,1418.0,both,1905.014,12.322405092335728,12.375830761711585,5.0720617875867156,-10.752770989683837,16.155714098392192,2.224363945010991,2002.0,3.170002313835078
490,1642368.0,N'Faly Dante,5,2025-10-24 19:00:00,2026-02-03 19:30:00,1,14.45,3.0,0.0,3.0,4.0,7.0,4.0,1.0,0.0,0.0,1.0,1.0,2.0,0.0,1.0,1.0,10.0,0.25,,1.0,Atlanta,Hawks,Atlanta Hawks,2026-02-03 19:30:00,2025-26,2.8899999999999997,0.6,1.4,0.0,0.4,0.0,0.2,0.2,18.38235294117647,0.33783783783783783,4.499999999999999,11.211072664359861,5,14.450000000000001,29.49534099510484,4.500000000000001,3.0,0.0,7.0,4.0,1.0,2.0,0.0,1.0,10.0,951.6,178.0,191.0,395.13577625283847,351.0,145.0,both,190.32,5.899068199020968,10.17109787100916,0.0,33.903659570030534,24.98551213885841,6.666535934031738,206.0,0.0
491,1642377.0,Jaylen Wells,69,2025-10-22 20:00:00,2026-03-23 19:30:00,1,1807.61,865.0,111.0,61.0,159.0,220.0,698.0,301.0,365.0,129.0,171.0,134.0,61.0,9.0,74.0,148.0,-179.0,0.43123209169054444,0.35342465753424657,0.783625730994152,Memphis,Grizzlies,Memphis Grizzlies,2026-03-23 19:30:00,2025-26,26.19724637681159,12.53623188405797,3.1884057971014492,1.608695652173913,0.8840579710144928,0.13043478260869565,1.0724637681159421,2.1449275362318843,8.734242953590481,0.5593347472970875,584.2,11.63481060627016,69,1807.6100000000001,3825.326870397862,584.1999999999999,865.0,111.0,220.0,698.0,171.0,61.0,9.0,74.0,-179.0,16467.32,2994.0,3148.0,6965.950005290844,6250.0,2679.0,both,3293.464,55.43951986083858,22.612446708639926,2.9017128146347186,-4.6793386830595916,6.526210146126825,1.5955031545726819,3571.0,0.4591989059056525
492,1642380.0,Adama Bal,8,2026-03-28 20:00:00,2026-04-10 21:30:00,1,239.59,83.0,19.0,6.0,19.0,25.0,68.0,28.0,44.0,18.0,10.0,9.0,9.0,1.0,6.0,27.0,-166.0,0.4117647058823529,0.4090909090909091,0.9,Memphis,Grizzlies,Memphis Grizzlies,2026-04-10 21:30:00,2025-26,29.94875,10.375,3.125,2.375,1.125,0.125,0.75,3.375,7.653061224489796,0.5732044198895028,62.30000000000001,9.360991694144163,8,239.59000000000003,521.201331925452,62.3,83.0,19.0,25.0,68.0,10.0,9.0,1.0,6.0,-166.0,1904.4,282.0,408.0,822.2496886527733,734.0,269.0,both,380.88,65.1501664906815,15.924748252921114,3.6454242988614602,-31.84949650584223,5.759839726198922,1.7400361565743312,465.0,0.34187435794212956
493,1642382.0,Branden Carlson,43,2025-10-23 19:30:00,2026-04-12 20:30:00,1,479.34,242.0,29.0,29.0,95.0,124.0,186.0,98.0,86.0,31.0,26.0,15.0,8.0,27.0,16.0,36.0,-24.0,0.5268817204301075,0.36046511627906974,0.5769230769230769,Oklahoma City,Thunder,Oklahoma City Thunder,2026-04-12 20:30:00,2025-26,11.147441860465115,5.627906976744186,2.883720930232558,0.6744186046511628,0.18604651162790697,0.627906976744186,0.37209302325581395,0.8372093023255814,7.496251874062969,0.6128444084278768,212.2,15.936913255726624,43,479.34000000000003,1002.1327191257707,212.19999999999996,242.0,29.0,124.0,186.0,26.0,8.0,27.0,16.0,-24.0,10059.46,1842.0,1899.0,4201.52018621721,3698.0,1609.0,both,2011.8919999999998,23.30541207269234,24.14849803637918,2.893828277086761,-2.394892367244216,13.912172987300645,0.7991798488713696,2089.0,5.424832289443461
494,1642383.0,Walter Clayton Jr.,69,2025-10-22 21:00:00,2026-04-08 21:00:00,2,1397.93,538.0,279.0,25.0,114.0,139.0,461.0,177.0,244.0,75.0,121.0,109.0,44.0,19.0,116.0,119.0,-285.0,0.3839479392624729,0.3073770491803279,0.9008264462809917,Memphis,Grizzlies,Memphis Grizzlies,2026-04-08 21:00:00,2025-26,20.25985507246377,7.797101449275362,2.0144927536231885,4.043478260869565,0.6376811594202898,0.2753623188405797,1.681159420289855,1.7246376811594204,18.405686722518407,0.523102053515868,421.9999999999999,10.867496941906959,69,1397.93,2946.167024391687,421.99999999999994,538.0,279.0,139.0,461.0,121.0,44.0,19.0,116.0,-285.0,16524.82,2820.0,3198.0,6979.03062634435,6284.0,2806.0,both,3304.964,42.69807281727083,18.26101492365607,9.469931531040974,-9.673585972568738,5.46064476470607,1.490523681305507,3478.0,1.2915324768762777
495,1642384.0,Isaiah Crawford,14,2025-11-24 21:30:00,2026-04-12 20:30:00,1,89.26,28.0,5.0,3.0,13.0,16.0,24.0,10.0,13.0,3.0,6.0,5.0,2.0,3.0,4.0,4.0,-9.0,0.4166666666666667,0.23076923076923078,0.8333333333333334,Houston,Rockets,Houston Rockets,2026-04-12 20:30:00,2025-26,6.375714285714286,2.0,1.1428571428571428,0.35714285714285715,0.14285714285714285,0.21428571428571427,0.2857142857142857,0.2857142857142857,13.054830287206267,0.5255255255255256,22.799999999999997,9.195608335200538,14,89.26,181.61626193620418,22.799999999999997,28.0,5.0,16.0,24.0,6.0,2.0,3.0,4.0,-9.0,3326.84,666.0,559.0,1341.8229919464547,1232.0,517.0,both,665.368,12.9725901383003,15.417121628588237,2.753057433676471,-4.955503380617648,9.736187336238551,1.1110658371555318,715.0,3.1276650752339754
496,1642389.0,Zyon Pullin,5,2026-03-18 20:00:00,2026-04-12 20:30:00,1,41.55,23.0,9.0,1.0,2.0,3.0,13.0,9.0,3.0,1.0,4.0,4.0,1.0,0.0,3.0,6.0,6.0,0.6923076923076923,0.3333333333333333,1.0,Minnesota,Timberwolves,Minnesota Timberwolves,2026-04-12 20:30:00,2025-26,8.309999999999999,4.6,0.6,1.8,0.2,0.0,0.6,1.2,16.891891891891895,0.7791327913279132,20.700000000000003,17.93501805054152,5,41.55,91.60355544556715,20.7,23.0,9.0,3.0,13.0,4.0,1.0,0.0,3.0,6.0,1187.6200000000001,227.0,231.0,509.0677290563041,460.0,164.0,both,237.52400000000003,18.32071108911343,25.10819573337097,9.824946156536466,6.5499641043576435,3.744486308388379,1.1229512507900477,296.0,0.0
497,1642396.0,Blake Hinson,14,2026-02-12 21:00:00,2026-04-12 20:30:00,1,282.86,167.0,16.0,11.0,22.0,33.0,115.0,59.0,79.0,37.0,16.0,12.0,5.0,2.0,5.0,24.0,45.0,0.5130434782608696,0.46835443037974683,0.75,Utah,Jazz,Utah Jazz,2026-04-12 20:30:00,2025-26,20.204285714285714,11.928571428571429,2.357142857142857,1.1428571428571428,0.35714285714285715,0.14285714285714285,0.35714285714285715,1.7142857142857142,3.935768261964735,0.6842019010160603,125.80000000000001,16.01074736618822,14,282.85999999999996,611.7674549856562,125.79999999999998,167.0,16.0,33.0,115.0,16.0,5.0,2.0,5.0,45.0,3336.4,628.0,660.0,1444.4062032727106,1269.0,562.0,both,667.28,43.697675356118296,27.29795425353504,2.615372862614136,7.355736176102257,6.044141846612881,0.8166147697819605,707.0,0.6673399938654486
498,1642400.0,Tristan Enaruna,9,2026-02-01 21:00:00,2026-04-12 18:00:00,1,83.08,37.0,7.0,7.0,7.0,14.0,28.0,14.0,10.0,3.0,8.0,6.0,5.0,0.0,3.0,3.0,43.0,0.5,0.3,0.75,Cleveland,Cavaliers,Cleveland Cavaliers,2026-04-12 18:00:00,2025-26,9.231111111111112,4.111111111111111,1.5555555555555556,0.7777777777777778,0.5555555555555556,0.0,0.3333333333333333,0.3333333333333333,8.69061413673233,0.5869289340101523,34.9,15.122773230621087,9,83.08000000000001,174.11447838982863,34.900000000000006,37.0,7.0,14.0,28.0,8.0,5.0,0.0,3.0,43.0,2136.01,417.0,349.0,894.3620382075494,818.0,382.0,both,427.20200000000006,19.346053154425405,21.250386723819663,4.020343434236152,24.696395381736366,9.39801330247608,2.874706008368199,436.0,0.0
499,1642402.0,Enrique Freeman,4,2026-02-08 15:00:00,2026-04-12 20:30:00,1,36.730000000000004,13.0,2.0,2.0,8.0,10.0,8.0,4.0,4.0,2.0,4.0,3.0,2.0,3.0,2.0,5.0,28.0,0.5,0.5,0.75,Minnesota,Timberwolves,Minnesota Timberwolves,2026-04-12 20:30:00,2025-26,9.182500000000001,3.25,2.5,0.5,0.5,0.75,0.5,1.25,17.006802721088437,0.6659836065573771,13.899999999999999,13.62374081132589,4,36.730000000000004,80.25627184015772,13.9,13.0,2.0,10.0,8.0,4.0,2.0,3.0,2.0,28.0,950.8399999999999,170.0,173.0,406.910449221458,350.0,119.0,both,190.16799999999998,20.06406796003943,16.198111003575434,2.4920170774731436,34.88823908462401,15.094627170614656,2.5447648884057203,231.0,6.723970285091982
500,1642403.0,Isaac Jones,7,2025-10-24 22:00:00,2026-04-12 18:00:00,2,34.61,9.0,1.0,2.0,3.0,5.0,7.0,3.0,2.0,0.0,4.0,3.0,0.0,1.0,1.0,4.0,-26.0,0.42857142857142855,0.0,0.75,Detroit,Pistons,Detroit Pistons,2026-04-12 18:00:00,2025-26,4.944285714285714,1.2857142857142858,0.7142857142857143,0.14285714285714285,0.0,0.14285714285714285,0.14285714285714285,0.5714285714285714,10.245901639344263,0.5136986301369864,6.0,6.240970817682751,7,34.61,72.36534035811164,6.0,9.0,1.0,5.0,7.0,4.0,0.0,1.0,1.0,-26.0,1663.2,292.0,292.0,703.5840459313391,615.0,249.0,both,332.64,10.33790576544452,12.436893069889589,1.3818770077655098,-35.92880220190325,8.228677276739244,0.0,366.0,2.625982256620611
501,1642404.0,Chaz Lanier,34,2025-10-24 20:00:00,2026-04-12 18:00:00,1,256.01,80.0,17.0,8.0,15.0,23.0,89.0,28.0,67.0,19.0,6.0,5.0,7.0,0.0,3.0,12.0,6.0,0.3146067415730337,0.2835820895522388,0.8333333333333334,Detroit,Pistons,Detroit Pistons,2026-04-12 18:00:00,2025-26,7.529705882352941,2.3529411764705883,0.6764705882352942,0.5,0.20588235294117646,0.0,0.08823529411764706,0.35294117647058826,3.1699070160608622,0.43649061545176776,49.7,6.988789500410141,34,256.01,531.2137974191572,49.699999999999996,80.0,17.0,23.0,89.0,6.0,7.0,0.0,3.0,6.0,8129.69,1521.0,1318.0,3333.620899502172,2859.0,1247.0,both,1625.9379999999999,15.623935218210507,15.05984979845611,3.200218082171923,1.1294887348842082,5.145285704334237,1.3336101166400744,1612.0,0.0
502,1642419.0,Jamison Battle,61,2025-10-22 19:30:00,2026-04-12 18:00:00,1,504.87,192.0,24.0,20.0,69.0,89.0,145.0,74.0,85.0,35.0,14.0,9.0,7.0,3.0,19.0,42.0,89.0,0.5103448275862069,0.4117647058823529,0.6428571428571429,Toronto,Raptors,Toronto Raptors,2026-04-12 18:00:00,2025-26,8.27655737704918,3.1475409836065573,1.459016393442623,0.39344262295081966,0.11475409836065574,0.04918032786885246,0.3114754098360656,0.6885245901639344,11.165961448048895,0.6350886477904207,142.89999999999995,10.189553746508999,61,504.87,1037.4395451625912,142.9,192.0,24.0,89.0,145.0,14.0,7.0,3.0,19.0,89.0,14548.080000000002,2605.0,2641.0,5955.1617282694515,5286.0,2194.0,both,2909.6160000000004,17.007205658403134,18.507102500118123,2.3133878125147653,8.578813138075587,9.777275021806101,0.6774240184041386,3092.0,0.5591622973864573
503,1642434.0,Riley Minix,9,2025-10-22 21:30:00,2026-04-12 18:00:00,2,56.05,35.0,5.0,2.0,4.0,6.0,23.0,14.0,12.0,4.0,3.0,3.0,2.0,1.0,3.0,5.0,32.0,0.6086956521739131,0.3333333333333333,1.0,Cleveland,Cavaliers,Cleveland Cavaliers,2026-04-12 18:00:00,2025-26,6.227777777777778,3.888888888888889,0.6666666666666666,0.5555555555555556,0.2222222222222222,0.1111111111111111,0.3333333333333333,0.5555555555555556,10.980966325036603,0.7195723684210527,28.300000000000004,18.176628010704732,9,56.050000000000004,118.2162990789357,28.3,35.0,5.0,6.0,23.0,3.0,2.0,1.0,3.0,32.0,2135.6,408.0,330.0,902.8684638377832,781.0,347.0,both,427.12,13.135144342103967,29.606746508474018,4.229535215496289,27.06902537917625,6.195397547195811,1.6880286084330394,434.0,1.7558384753573382
504,1642443.0,Jahmir Young,14,2025-10-24 20:00:00,2026-04-12 18:00:00,1,55.31,25.0,9.0,2.0,2.0,4.0,25.0,10.0,9.0,3.0,2.0,2.0,1.0,0.0,3.0,7.0,1.0,0.4,0.3333333333333333,1.0,Miami,Heat,Miami Heat,2026-04-12 18:00:00,2025-26,3.950714285714286,1.7857142857142858,0.2857142857142857,0.6428571428571429,0.07142857142857142,0.0,0.21428571428571427,0.5,10.387811634349031,0.48299845440494593,15.0,9.763153136864943,14,55.30999999999999,120.98368061174537,15.000000000000002,25.0,9.0,4.0,25.0,2.0,1.0,0.0,3.0,1.0,3324.7999999999997,666.0,597.0,1441.6217224325483,1295.0,554.0,both,664.9599999999999,8.641691472267526,20.663943991114568,7.439019836801244,0.8265577596445828,3.807575326172085,0.8339510223321343,741.0,0.0
505,1642449.0,Tolu Smith,15,2025-10-27 19:00:00,2026-04-12 18:00:00,1,135.26,56.0,13.0,22.0,27.0,49.0,36.0,18.0,0.0,0.0,30.0,20.0,2.0,6.0,7.0,23.0,0.0,0.5,,0.6666666666666666,Detroit,Pistons,Detroit Pistons,2026-04-12 18:00:00,2025-26,9.017333333333333,3.7333333333333334,3.2666666666666666,0.8666666666666667,0.13333333333333333,0.4,0.4666666666666667,1.5333333333333334,12.455516014234874,0.5691056910569106,56.599999999999994,15.064320567795358,15,135.26,279.5315494380008,56.599999999999994,56.0,13.0,49.0,36.0,30.0,2.0,6.0,7.0,0.0,3591.0299999999997,676.0,570.0,1480.3759239220592,1244.0,533.0,both,718.2059999999999,18.635436629200054,20.033516829348315,4.65063783538443,0.0,20.8813072451392,0.7173607787381497,711.0,4.4808591797887605
506,1642450.0,Daniss Jenkins,72,2025-10-24 20:00:00,2026-04-12 18:00:00,1,1442.8,671.0,278.0,51.0,115.0,166.0,568.0,232.0,195.0,73.0,161.0,134.0,64.0,15.0,115.0,107.0,209.0,0.4084507042253521,0.37435897435897436,0.8322981366459627,Detroit,Pistons,Detroit Pistons,2026-04-12 18:00:00,2025-26,20.038888888888888,9.319444444444445,2.3055555555555554,3.861111111111111,0.8888888888888888,0.20833333333333334,1.5972222222222223,1.4861111111111112,15.255226573278149,0.5251706217519253,536.9,13.396451344607707,72,1442.8,2976.368424262049,536.9000000000001,671.0,278.0,166.0,568.0,161.0,64.0,15.0,115.0,209.0,17246.01,3302.0,2871.0,7125.598616564988,6108.0,2645.0,both,3449.2019999999998,41.3384503369729,22.54425206672341,9.34024154180195,7.021980151930244,6.428716980333837,2.147193157911042,3463.0,1.0355027655421194
507,1642461.0,Spencer Jones,64,2025-10-23 22:00:00,2026-03-29 22:00:00,1,1402.89,352.0,51.0,75.0,134.0,209.0,262.0,132.0,144.0,57.0,51.0,31.0,52.0,29.0,31.0,175.0,1.0,0.5038167938931297,0.3958333333333333,0.6078431372549019,Denver,Nuggets,Denver Nuggets,2026-03-29 22:00:00,2025-26,21.92015625,5.5,3.265625,0.796875,0.8125,0.453125,0.484375,2.734375,9.827542480344915,0.6187596681198144,313.1,8.034557235421167,64,1402.8899999999999,2867.4560863712745,313.1,352.0,51.0,209.0,262.0,51.0,52.0,29.0,31.0,1.0,15424.48,2767.0,2793.0,6324.040455507113,5833.0,2480.0,both,3084.8959999999997,44.804001349551164,12.275689300806384,1.7785799839236522,0.03487411733183631,8.265866796757834,1.808113180379354,3353.0,1.9018722964783847
508,1642468.0,Darius Brown,1,2026-02-24 19:30:00,2026-02-24 19:30:00,1,2.4,0.0,0.0,0.0,1.0,1.0,1.0,0.0,0.0,0.0,0.0,0.0,0.0,0.0,0.0,0.0,-4.0,0.0,,,Cleveland,Cavaliers,Cleveland Cavaliers,2026-02-24 19:30:00,2025-26,2.4,0.0,1.0,0.0,0.0,0.0,0.0,0.0,0.0,0.0,-0.39999999999999997,-6.0,1,2.4,4.847418576788471,-0.39999999999999997,0.0,0.0,1.0,1.0,0.0,0.0,0.0,0.0,-4.0,236.40000000000003,44.0,44.0,95.49414596273292,86.0,37.0,both,47.28000000000001,4.847418576788471,0.0,0.0,-82.51814727025479,22.38636363636364,0.0,49.0,0.0
509,1642484.0,RayJ Dennis,18,2025-10-25 20:00:00,2026-04-12 18:00:00,3,202.54,74.0,33.0,8.0,18.0,26.0,83.0,26.0,45.0,14.0,9.0,8.0,4.0,4.0,17.0,21.0,-62.0,0.3132530120481928,0.3111111111111111,0.8888888888888888,Atlanta,Hawks,Atlanta Hawks,2026-04-12 18:00:00,2025-26,11.252222222222223,4.111111111111111,1.4444444444444444,1.8333333333333333,0.2222222222222222,0.2222222222222222,0.9444444444444444,1.1666666666666667,16.35244324740285,0.4254829806807728,41.40000000000001,7.3585464599585295,18,202.54000000000002,432.1939435744423,41.4,74.0,33.0,26.0,83.0,9.0,4.0,4.0,17.0,-62.0,4040.41,801.0,794.0,1715.3234399373462,1515.0,622.0,both,808.082,24.010774643024572,17.12194284537771,7.635460998614383,-14.345411573154298,6.503651896773051,0.930376209015934,893.0,1.7871177147649262
510,1642490.0,Josh Oduro,3,2026-04-07 20:00:00,2026-04-12 20:30:00,1,81.06,25.0,4.0,11.0,12.0,23.0,17.0,11.0,2.0,0.0,6.0,3.0,0.0,0.0,2.0,14.0,1.0,0.6470588235294118,0.0,0.5,New Orleans,Pelicans,New Orleans Pelicans,2026-04-12 20:30:00,2025-26,27.02,8.333333333333334,7.666666666666667,1.3333333333333333,0.0,0.0,0.6666666666666666,4.666666666666667,9.242144177449168,0.6364562118126272,22.8,10.125832716506292,3,81.06,186.39480717669454,22.8,25.0,4.0,23.0,17.0,6.0,0.0,0.0,2.0,1.0,715.1899999999999,144.0,132.0,329.1809764777905,289.0,128.0,both,143.03799999999998,62.131602392231514,13.412390816392774,2.145982530622844,0.536495632655711,14.704951065054688,0.0,161.0,0.0
511,1642502.0,Malevy Leons,25,2026-01-19 22:00:00,2026-04-12 20:30:00,1,270.69,83.0,23.0,30.0,23.0,53.0,72.0,32.0,16.0,4.0,19.0,15.0,14.0,9.0,13.0,31.0,-75.0,0.4444444444444444,0.25,0.7894736842105263,Golden State,Warriors,Golden State Warriors,2026-04-12 20:30:00,2025-26,10.8276,3.32,2.12,0.92,0.56,0.36,0.52,1.24,13.92459297343616,0.5164260826281732,82.69999999999999,10.998559237504155,25,270.69,546.4236630610319,82.7,83.0,23.0,53.0,72.0,19.0,14.0,9.0,13.0,-75.0,5995.67,1022.0,1121.0,2441.721167943798,2207.0,928.0,both,1199.134,21.856946522441277,15.189678926977482,4.20918813639135,-13.725613488232662,10.95592885825541,2.5399634805765237,1279.0,3.1172201143164933
512,1642504.0,Cormac Ryan,11,2026-03-19 21:00:00,2026-04-12 18:00:00,1,268.41,157.0,19.0,8.0,20.0,28.0,102.0,53.0,59.0,27.0,26.0,24.0,11.0,3.0,17.0,27.0,-18.0,0.5196078431372549,0.4576271186440678,0.9230769230769231,Milwaukee,Bucks,Milwaukee Bucks,2026-04-12 18:00:00,2025-26,24.400909090909092,14.272727272727273,2.5454545454545454,1.7272727272727273,1.0,0.2727272727272727,1.5454545454545454,2.4545454545454546,13.0328120208525,0.6919957686882934,116.19999999999999,15.585112328154686,11,268.40999999999997,533.9837928962278,116.19999999999999,157.0,19.0,28.0,102.0,26.0,11.0,3.0,17.0,-18.0,2618.0000000000005,417.0,469.0,1049.3110954949693,937.0,421.0,both,523.6000000000001,48.54398117238434,29.401641414706898,3.5581604259836372,-3.370888824616077,6.164888912324843,2.044981416769319,516.0,1.1341552276411566
513,1642530.0,Yuki Kawamura,18,2026-01-31 20:00:00,2026-04-12 20:30:00,1,205.02,62.0,47.0,7.0,26.0,33.0,52.0,17.0,37.0,11.0,19.0,17.0,9.0,0.0,14.0,15.0,-3.0,0.3269230769230769,0.2972972972972973,0.8947368421052632,Chicago,Bulls,Chicago Bulls,2026-04-12 20:30:00,2025-26,11.39,3.4444444444444446,1.8333333333333333,2.611111111111111,0.5,0.0,0.7777777777777778,0.8333333333333334,18.827326519634212,0.513585155732273,66.19999999999999,11.624231782265143,18,205.01999999999998,446.3923900812658,66.2,62.0,47.0,33.0,52.0,19.0,9.0,0.0,14.0,-3.0,4284.05,803.0,840.0,1861.865511428015,1701.0,699.0,both,856.8100000000001,24.799577226736986,13.88912566110567,10.528853323741394,-0.6720544674728549,8.393917063923162,2.020144798279349,1002.0,0.0
514,1642843.0,Cooper Flagg,71,2025-10-22 21:30:00,2026-04-12 20:30:00,1,2328.31,1473.0,316.0,86.0,380.0,466.0,1194.0,559.0,244.0,72.0,342.0,283.0,84.0,64.0,161.0,142.0,-266.0,0.46817420435510887,0.29508196721311475,0.827485380116959,Dallas,Mavericks,Dallas Mavericks,2026-04-12 20:30:00,2025-26,32.793098591549295,20.746478873239436,6.563380281690141,4.450704225352113,1.1830985915492958,0.9014084507042254,2.267605633802817,2.0,10.69426362356192,0.5477954302034987,1143.6000000000001,17.68218149645022,71,2328.31,4938.536426018624,1143.6,1473.0,316.0,466.0,1194.0,342.0,84.0,64.0,161.0,-266.0,16825.16,3135.0,3315.0,7146.849050809482,6590.0,2558.0,both,3365.032,69.55685107068484,29.826650508023306,6.39865686390724,-5.386211157592803,10.441781404544715,1.6986858601170045,4032.0,2.2940762333712583
515,1642844.0,Dylan Harper,69,2025-10-22 21:30:00,2026-04-12 20:30:00,1,1545.19,813.0,266.0,54.0,180.0,234.0,656.0,331.0,178.0,61.0,119.0,90.0,54.0,24.0,99.0,139.0,303.0,0.5045731707317073,0.34269662921348315,0.7563025210084033,San Antonio,Spurs,San Antonio Spurs,2026-04-12 20:30:00,2025-26,22.394057971014494,11.782608695652174,3.391304347826087,3.8550724637681157,0.782608695652174,0.34782608695652173,1.434782608695652,2.0144927536231885,12.26218787158145,0.5738607487718109,668.7999999999998,15.581773115280319,69,1545.19,3222.1294685131966,668.8000000000001,813.0,266.0,234.0,656.0,119.0,54.0,24.0,99.0,303.0,16452.46,3247.0,2948.0,6869.047660527782,6289.0,2515.0,both,3290.4919999999997,46.697528529176765,25.23176079498589,8.255410051003995,9.40371896787297,8.043656149732293,1.6740798941159023,3774.0,1.3542171088987145
516,1642845.0,VJ Edgecombe,75,2025-10-22 19:30:00,2026-04-12 18:00:00,1,2607.9900000000002,1199.0,315.0,122.0,301.0,423.0,1030.0,451.0,421.0,149.0,181.0,148.0,107.0,39.0,137.0,214.0,57.0,0.43786407766990293,0.35391923990498814,0.8176795580110497,Philadelphia,76ers,Philadelphia 76ers,2026-04-12 18:00:00,2025-26,34.7732,15.986666666666666,5.64,4.2,1.4266666666666667,0.52,1.8266666666666667,2.8533333333333335,10.989539883206056,0.5402653112721243,953.1000000000001,13.1563387896426,75,2607.99,5405.6038872155095,953.1,1199.0,315.0,423.0,1030.0,181.0,107.0,39.0,137.0,57.0,18046.519999999997,3289.0,3407.0,7491.273841015609,6727.0,2839.0,both,3609.303999999999,72.0747184962068,22.180685544416,5.82728602709845,1.054461281094005,8.742637338597222,1.9767222277876524,3888.0,1.3882123118418757
517,1642846.0,Ace Bailey,72,2025-10-22 21:00:00,2026-04-12 20:30:00,1,1974.58,993.0,131.0,104.0,198.0,302.0,892.0,395.0,398.0,137.0,88.0,66.0,60.0,49.0,107.0,193.0,-448.0,0.4428251121076233,0.3442211055276382,0.75,Utah,Jazz,Utah Jazz,2026-04-12 20:30:00,2025-26,27.424722222222222,13.791666666666666,4.194444444444445,1.8194444444444444,0.8333333333333334,0.6805555555555556,1.4861111111111112,2.6805555555555554,10.31106656901669,0.533457968024755,651.8,11.883438503377933,72,1974.58,4220.150348843847,651.8,993.0,131.0,302.0,892.0,88.0,60.0,49.0,107.0,-448.0,17294.809999999998,3198.0,3266.0,7397.220941776974,6540.0,2923.0,both,3458.9619999999995,58.61319928949787,23.52996736886501,3.104154808984206,-10.615735529961254,8.184207884940363,1.4208679460665719,3617.0,2.373114146995764
518,1642847.0,Jeremiah Fears,82,2025-10-22 20:00:00,2026-04-12 20:30:00,1,2097.59,1169.0,279.0,60.0,240.0,300.0,1006.0,437.0,306.0,101.0,246.0,194.0,97.0,30.0,178.0,151.0,-287.0,0.43439363817097415,0.3300653594771242,0.7886178861788617,New Orleans,Pelicans,New Orleans Pelicans,2026-04-12 20:30:00,2025-26,25.580365853658538,14.25609756097561,3.658536585365854,3.402439024390244,1.1829268292682926,0.36585365853658536,2.1707317073170733,1.8414634146341464,13.77453104686436,0.5245728029867892,807.7000000000002,13.862194232428646,82,2097.59,4401.313837059027,807.6999999999999,1169.0,279.0,300.0,1006.0,246.0,97.0,30.0,178.0,-287.0,19638.69,3598.0,3755.0,8211.334186746572,7519.0,3323.0,both,3927.738,53.674558988524716,26.56025094500259,6.339016264889412,-6.520780172126385,7.639740292267449,2.2119734673536158,4196.0,1.3387752709495369
519,1642848.0,Tre Johnson,60,2025-10-22 20:00:00,2026-04-04 15:00:00,1,1433.32,733.0,122.0,29.0,141.0,170.0,647.0,271.0,321.0,115.0,87.0,76.0,33.0,18.0,93.0,122.0,-338.0,0.4188562596599691,0.3582554517133956,0.8735632183908046,Washington,Wizards,Washington Wizards,2026-04-04 15:00:00,2025-26,23.888666666666666,12.216666666666667,2.8333333333333335,2.033333333333333,0.55,0.3,1.55,2.033333333333333,11.949426941460658,0.5348178846602849,435.9000000000001,10.948287891050152,60,1433.3200000000002,3037.9294822827032,435.90000000000003,733.0,122.0,170.0,647.0,87.0,33.0,18.0,93.0,-338.0,14343.08,2559.0,2886.0,6078.534286982168,5516.0,2232.0,both,2868.616,50.632158038045056,24.128275665214687,4.015893084796987,-11.125998874273622,6.24856501323851,1.0865365112463932,3284.0,1.0969797537929111
520,1642849.0,Nolan Traore,56,2025-10-22 19:00:00,2026-04-10 20:00:00,1,1231.25,499.0,213.0,14.0,85.0,99.0,479.0,182.0,192.0,61.0,94.0,74.0,45.0,23.0,129.0,119.0,-280.0,0.37995824634655534,0.3177083333333333,0.7872340425531915,Brooklyn,Nets,Brooklyn Nets,2026-04-10 20:00:00,2025-26,21.986607142857142,8.910714285714286,1.7678571428571428,3.8035714285714284,0.8035714285714286,0.4107142857142857,2.3035714285714284,2.125,19.865713933719356,0.47947574755938194,297.4,8.695553299492385,56,1231.25,2476.6652573256088,297.4,499.0,213.0,99.0,479.0,94.0,45.0,23.0,129.0,-280.0,13392.27,2197.0,2428.0,5389.6881150656445,4721.0,1863.0,both,2678.454,44.22616530938587,20.148059917424526,8.600274072968785,-11.305524602963663,4.6565192876937855,1.8162968419590715,2858.0,1.7506670597805432
521,1642850.0,Thomas Sorber,1,2026-03-01 20:00:00,2026-03-01 20:00:00,1,0.0,0.0,0.0,0.0,0.0,0.0,0.0,0.0,0.0,0.0,0.0,0.0,0.0,0.0,0.0,0.0,0.0,,,,Oklahoma City,Thunder,Oklahoma City Thunder,2026-03-01 20:00:00,2025-26,0.0,0.0,0.0,0.0,0.0,0.0,0.0,0.0,,,0.0,,1,0.0,,0.0,0.0,0.0,0.0,0.0,0.0,0.0,0.0,0.0,0.0,,,,,,,both,,,,,,,,,
522,1642851.0,Kon Knueppel,81,2025-10-22 19:00:00,2026-04-12 18:00:00,1,2534.44,1498.0,274.0,97.0,335.0,432.0,1084.0,515.0,642.0,273.0,226.0,195.0,57.0,19.0,161.0,169.0,322.0,0.47509225092250923,0.4252336448598131,0.8628318584070797,Charlotte,Hornets,Charlotte Hornets,2026-04-12 18:00:00,2025-26,31.289382716049385,18.493827160493826,5.333333333333333,3.382716049382716,0.7037037037037037,0.2345679012345679,1.9876543209876543,2.0864197530864197,11.975246199160988,0.6329006962752654,1134.7,16.117643345275486,81,2534.44,5119.383486646275,1134.7,1498.0,274.0,432.0,1084.0,226.0,57.0,19.0,161.0,322.0,19337.199999999997,3731.0,3190.0,7812.495237615024,7123.0,2890.0,both,3867.4399999999996,63.20226526723796,29.261335938350356,5.352206974037381,6.289819874598675,9.524813221179464,1.1133370464710972,4233.0,0.6849311263419028
523,1642852.0,Derik Queen,81,2025-10-22 20:00:00,2026-04-12 20:30:00,1,2006.46,948.0,298.0,136.0,436.0,572.0,748.0,354.0,88.0,23.0,273.0,217.0,84.0,74.0,190.0,215.0,-304.0,0.4732620320855615,0.26136363636363635,0.7948717948717948,New Orleans,Pelicans,New Orleans Pelicans,2026-04-12 20:30:00,2025-26,24.77111111111111,11.703703703703704,7.061728395061729,3.6790123456790123,1.037037037037037,0.9135802469135802,2.345679012345679,2.654320987654321,17.956375458360114,0.5460074644058425,837.9999999999998,15.035435543195474,81,2006.4599999999998,4216.877161846321,837.9999999999999,948.0,298.0,572.0,748.0,273.0,84.0,74.0,190.0,-304.0,19400.690000000002,3556.0,3709.0,8119.010227119243,7427.0,3276.0,both,3880.1380000000004,52.06021187464594,22.48109118703678,7.066840900566415,-7.209126287826141,15.225693247561928,2.000750173564271,4151.0,3.447431551088779
524,1642853.0,Rasheer Fleming,55,2025-10-24 22:30:00,2026-04-12 20:30:00,1,662.45,238.0,16.0,57.0,67.0,124.0,215.0,87.0,130.0,45.0,34.0,19.0,22.0,21.0,29.0,64.0,97.0,0.4046511627906977,0.34615384615384615,0.5588235294117647,Phoenix,Suns,Phoenix Suns,2026-04-12 20:30:00,2025-26,12.044545454545455,4.327272727272727,2.2545454545454544,0.2909090909090909,0.4,0.38181818181818183,0.5272727272727272,1.1636363636363636,11.198640716713005,0.5174813010958428,169.6,9.216695599667897,55,662.4500000000002,1321.3724748052298,169.59999999999994,238.0,16.0,124.0,215.0,34.0,22.0,21.0,29.0,97.0,13074.130000000001,2336.0,2401.0,5269.176298369009,4675.0,1845.0,both,2614.826,24.024954087367814,18.01157542918254,1.2108622137265572,7.340852170717254,10.332561303315028,1.6480471836301918,2830.0,2.9290214315794745
525,1642854.0,Asa Newell,44,2025-10-24 19:00:00,2026-04-12 18:00:00,1,490.35,227.0,26.0,44.0,52.0,96.0,169.0,91.0,75.0,29.0,29.0,16.0,16.0,15.0,23.0,65.0,-44.0,0.5384615384615384,0.38666666666666666,0.5517241379310345,Atlanta,Hawks,Atlanta Hawks,2026-04-12 18:00:00,2025-26,11.144318181818182,5.159090909090909,2.1818181818181817,0.5909090909090909,0.36363636363636365,0.3409090909090909,0.5227272727272727,1.4772727272727273,11.232662629419808,0.624449823943662,181.99999999999997,13.361884368308349,44,490.34999999999997,1040.2620937142503,182.0,227.0,26.0,96.0,169.0,29.0,16.0,15.0,23.0,-44.0,10520.850000000002,1895.0,2013.0,4474.7704753326825,3974.0,1612.0,both,2104.1700000000005,23.64232031168751,21.821423790373608,2.4993701257696643,-4.229703289764046,10.541230810946042,1.5343479714496575,2362.0,2.7251223810050496
526,1642855.0,Noa Essengue,2,2025-11-22 20:00:00,2025-11-24 20:00:00,1,5.619999999999999,0.0,0.0,0.0,0.0,0.0,3.0,0.0,2.0,0.0,0.0,0.0,1.0,0.0,0.0,1.0,-15.0,0.0,0.0,,Chicago,Bulls,Chicago Bulls,2025-11-24 20:00:00,2025-26,2.8099999999999996,0.0,0.0,0.0,0.5,0.0,0.0,0.5,0.0,0.0,-1.4999999999999996,-9.608540925266903,2,5.619999999999999,12.337740305809739,-1.5,0.0,0.0,0.0,3.0,0.0,1.0,0.0,0.0,-15.0,476.8,87.0,110.0,210.2336260964912,200.0,71.0,both,95.36,6.168870152904869,0.0,0.0,-121.57817905225828,0.0,8.071007405095749,129.0,0.0
527,1642856.0,Egor Demin,53,2025-10-22 19:00:00,2026-04-10 20:00:00,1,1298.94,536.0,173.0,21.0,144.0,165.0,449.0,179.0,322.0,124.0,65.0,54.0,42.0,17.0,86.0,93.0,-161.0,0.3986636971046771,0.38509316770186336,0.8307692307692308,Brooklyn,Nets,Brooklyn Nets,2026-04-10 20:00:00,2025-26,24.508301886792452,10.11320754716981,3.1132075471698113,3.2641509433962264,0.7924528301886793,0.32075471698113206,1.6226415094339623,1.7547169811320755,15.259048970901349,0.5611390284757118,398.6000000000001,11.047161531710472,53,1298.9400000000003,2621.5886073230363,398.59999999999997,536.0,173.0,165.0,449.0,65.0,42.0,17.0,86.0,-161.0,12442.27,2108.0,2257.0,5030.153962717135,4459.0,1722.0,both,2488.454,49.4639359872271,20.44561829810978,6.599052174576476,-6.141314451484467,7.241694880261075,1.5995894772815187,2737.0,1.1899114681851908
528,1642857.0,Kasparas Jakucionis,53,2025-12-01 19:30:00,2026-04-12 18:00:00,1,932.79,328.0,137.0,43.0,95.0,138.0,238.0,102.0,156.0,66.0,66.0,58.0,33.0,7.0,50.0,99.0,72.0,0.42857142857142855,0.4230769230769231,0.8787878787878788,Miami,Heat,Miami Heat,2026-04-12 18:00:00,2025-26,17.599811320754718,6.188679245283019,2.6037735849056602,2.5849056603773586,0.6226415094339622,0.1320754716981132,0.9433962264150944,1.8679245283018868,15.77088064597527,0.6141402037147993,301.79999999999995,11.647637731965395,53,932.79,2012.3075365754935,301.8,328.0,137.0,138.0,238.0,66.0,33.0,7.0,50.0,72.0,12601.269999999999,2488.0,2403.0,5435.809738696408,4861.0,1986.0,both,2520.254,37.9680667278395,16.2996954510335,6.808104502413383,3.577981928275646,7.623279704814169,1.6402502915427208,2875.0,0.6578405223786331
529,1642859.0,Jase Richardson,54,2025-10-25 19:00:00,2026-04-10 20:00:00,1,575.23,239.0,58.0,21.0,42.0,63.0,188.0,89.0,79.0,28.0,46.0,33.0,19.0,2.0,25.0,53.0,-17.0,0.4734042553191489,0.35443037974683544,0.717391304347826,Orlando,Magic,Orlando Magic,2026-04-10 20:00:00,2025-26,10.652407407407408,4.425925925925926,1.1666666666666667,1.0740740740740742,0.35185185185185186,0.037037037037037035,0.46296296296296297,0.9814814814814815,10.71857314354313,0.5738570879754129,179.90000000000003,11.258800827495092,54,575.23,1197.6885691441782,179.89999999999998,239.0,58.0,63.0,188.0,46.0,19.0,2.0,25.0,-17.0,12856.71,2257.0,2353.0,5390.968374157499,4708.0,1789.0,both,2571.3419999999996,22.179417947114413,19.955104035999955,4.842661230493713,-1.4194007054895363,6.108828599089458,1.5754518435155993,2919.0,0.3062768815347983
530,1642860.0,Will Riley,74,2025-10-22 20:00:00,2026-04-12 18:00:00,1,1617.5,764.0,146.0,56.0,156.0,212.0,618.0,271.0,247.0,78.0,180.0,144.0,54.0,10.0,94.0,91.0,-484.0,0.43851132686084143,0.3157894736842105,0.8,Washington,Wizards,Washington Wizards,2026-04-12 18:00:00,2025-26,21.85810810810811,10.324324324324325,2.864864864864865,1.972972972972973,0.7297297297297297,0.13513513513513514,1.2702702702702702,1.2297297297297298,11.880687563195146,0.5479059093516925,544.2000000000002,12.112024729520869,74,1617.5000000000002,3417.8394426849723,544.2,764.0,146.0,212.0,618.0,180.0,54.0,10.0,94.0,-484.0,17626.680000000004,3097.0,3536.0,7467.3369719692655,6800.0,2753.0,both,3525.3360000000007,46.18701949574287,22.353302804646084,4.271704462667969,-14.16099287624176,6.965977866743282,1.5761016969143584,4047.0,0.538546269891373
531,1642862.0,Liam McNeeley,31,2025-10-26 18:00:00,2026-04-12 18:00:00,1,362.13,132.0,24.0,13.0,60.0,73.0,95.0,38.0,60.0,24.0,39.0,32.0,5.0,3.0,13.0,36.0,8.0,0.4,0.4,0.8205128205128205,Charlotte,Hornets,Charlotte Hornets,2026-04-12 18:00:00,2025-26,11.681612903225806,4.258064516129032,2.3548387096774195,0.7741935483870968,0.16129032258064516,0.0967741935483871,0.41935483870967744,1.1612903225806452,10.386705017577501,0.5884450784593438,101.49999999999997,10.090299063872088,31,362.13000000000005,731.9794839585961,101.5,132.0,24.0,73.0,95.0,39.0,5.0,3.0,13.0,8.0,7398.28,1389.0,1199.0,2995.6409440045154,2777.0,1111.0,both,1479.656,23.61224141801923,18.033292311163528,3.2787804202115507,1.0929268067371836,11.525369112025698,0.6819876362425527,1666.0,0.7357707394116622
532,1642863.0,Khaman Maluach,46,2025-10-24 22:30:00,2026-04-12 20:30:00,1,402.22,139.0,6.0,49.0,84.0,133.0,105.0,56.0,21.0,5.0,31.0,22.0,5.0,33.0,25.0,43.0,47.0,0.5333333333333333,0.23809523809523808,0.7096774193548387,Phoenix,Suns,Phoenix Suns,2026-04-12 20:30:00,2025-26,8.743913043478262,3.0217391304347827,2.891304347826087,0.13043478260869565,0.10869565217391304,0.717391304347826,0.5434782608695652,0.9347826086956522,17.404622667780565,0.5858057990559676,133.9,11.984486102133161,46,402.2199999999999,805.3580391120079,133.9,139.0,6.0,133.0,105.0,31.0,5.0,33.0,25.0,47.0,10932.090000000002,1939.0,2008.0,4414.713207534304,3913.0,1554.0,both,2186.4180000000006,17.50778345895669,17.259404295915658,0.7450102573776544,5.835913682791626,18.31698741354624,0.6156544755319566,2359.0,7.604235028866607
533,1642864.0,Hugo Gonzalez,74,2025-10-24 19:30:00,2026-04-10 19:30:00,1,1069.16,289.0,40.0,62.0,184.0,246.0,246.0,117.0,116.0,42.0,26.0,13.0,42.0,21.0,38.0,124.0,246.0,0.47560975609756095,0.3620689655172414,0.5,Boston,Celtics,Boston Celtics,2026-04-10 19:30:00,2025-26,14.448108108108109,3.9054054054054053,3.324324324324324,0.5405405405405406,0.5675675675675675,0.28378378378378377,0.5135135135135135,1.6756756756756757,12.862171676144056,0.5612958359229335,254.10000000000002,8.555875640689887,74,1069.16,2116.3545704873773,254.10000000000002,289.0,40.0,246.0,246.0,26.0,42.0,21.0,38.0,246.0,17650.909999999996,3432.0,3064.0,6984.277752776612,6441.0,2883.0,both,3530.1819999999993,28.59938608766726,13.655556778155841,1.890042460644407,11.623761132963104,12.503842215711167,1.9855561911172044,3558.0,1.9488021265469027
534,1642866.0,Joan Beringer,40,2025-10-24 22:00:00,2026-04-12 20:30:00,1,306.08,156.0,12.0,45.0,47.0,92.0,98.0,65.0,0.0,0.0,37.0,26.0,7.0,26.0,11.0,47.0,23.0,0.6632653061224489,,0.7027027027027027,Minnesota,Timberwolves,Minnesota Timberwolves,2026-04-12 20:30:00,2025-26,7.651999999999999,3.9,2.3,0.3,0.175,0.65,0.275,1.175,8.780332056194124,0.6825341267063353,158.39999999999998,18.630423418714063,40,306.08,649.7502213883597,158.4,156.0,12.0,92.0,98.0,37.0,7.0,26.0,11.0,23.0,9502.07,1772.0,1744.0,4010.7560793126145,3593.0,1341.0,both,1900.414,16.243755534708992,24.00922614026442,1.8468635492511092,3.5398218027312924,16.246216236789536,1.08364007583825,2252.0,7.168333961610706
535,1642867.0,Collin Murray-Boyles,57,2025-10-26 19:30:00,2026-04-12 18:00:00,1,1235.38,484.0,106.0,133.0,152.0,285.0,342.0,198.0,50.0,17.0,108.0,71.0,52.0,53.0,59.0,147.0,47.0,0.5789473684210527,0.34,0.6574074074074074,Toronto,Raptors,Toronto Raptors,2026-04-12 18:00:00,2025-26,21.673333333333336,8.491228070175438,5.0,1.8596491228070176,0.9122807017543859,0.9298245614035088,1.0350877192982457,2.5789473684210527,13.15437438687238,0.6212774697063053,493.20000000000016,14.37225792873448,57,1235.38,2521.1297067220835,493.19999999999993,484.0,106.0,285.0,342.0,108.0,52.0,53.0,59.0,47.0,13630.3,2432.0,2497.0,5580.439987935543,4890.0,2063.0,both,2726.06,44.23034573196637,19.19774292887477,4.204464360456044,1.8642436315229634,12.759124820060983,2.0562207893876936,2827.0,4.1369941362653
536,1642868.0,Carter Bryant,71,2025-10-22 21:30:00,2026-04-12 20:30:00,1,805.52,298.0,47.0,38.0,140.0,178.0,265.0,108.0,155.0,52.0,42.0,30.0,16.0,23.0,33.0,94.0,-4.0,0.4075471698113208,0.33548387096774196,0.7142857142857143,San Antonio,Spurs,San Antonio Spurs,2026-04-12 20:30:00,2025-26,11.345352112676055,4.197183098591549,2.507042253521127,0.6619718309859155,0.22535211267605634,0.323943661971831,0.4647887323943662,1.323943661971831,10.427199191102122,0.5256102723296175,213.9,9.559539179660344,71,805.52,1686.827617325853,213.89999999999995,298.0,47.0,178.0,265.0,42.0,16.0,23.0,33.0,-4.0,16927.260000000002,3334.0,3002.0,7065.4245193526585,6491.0,2593.0,both,3385.452,23.758135455293704,17.6662983780419,2.7862953817717093,-0.23713152185291142,11.807152334498024,0.9517481784229946,3898.0,2.4798552634334636
537,1642869.0,Noah Penda,59,2025-10-27 19:00:00,2026-04-10 20:00:00,1,744.38,227.0,70.0,67.0,120.0,187.0,203.0,82.0,93.0,30.0,48.0,33.0,30.0,18.0,42.0,70.0,-55.0,0.4039408866995074,0.3225806451612903,0.6875,Orlando,Magic,Orlando Magic,2026-04-10 20:00:00,2025-26,12.616610169491524,3.847457627118644,3.169491525423729,1.1864406779661016,0.5084745762711864,0.3050847457627119,0.711864406779661,1.1864406779661016,15.78235382534195,0.506425129394967,216.20000000000005,10.45594991805261,59,744.3800000000001,1538.6660162655194,216.2,227.0,70.0,187.0,203.0,48.0,30.0,18.0,42.0,-55.0,14148.71,2535.0,2555.0,5896.989559943683,5185.0,2072.0,both,2829.7419999999997,26.07908502144948,14.753039165117157,4.549395337260798,-3.5745249078477697,13.966126422849175,1.933940198344492,3113.0,2.198090297306691
538,1642873.0,Amari Williams,22,2025-10-24 19:30:00,2026-04-12 18:00:00,1,141.84,30.0,10.0,9.0,31.0,40.0,20.0,10.0,0.0,0.0,14.0,10.0,3.0,10.0,11.0,19.0,-58.0,0.5,,0.7142857142857143,Boston,Celtics,Boston Celtics,2026-04-12 18:00:00,2025-26,6.447272727272727,1.3636363636363635,1.8181818181818181,0.45454545454545453,0.13636363636363635,0.45454545454545453,0.5,0.8636363636363636,29.601722282023683,0.573394495412844,32.4,8.223350253807105,22,141.84,288.92883934836095,32.400000000000006,30.0,10.0,40.0,20.0,14.0,3.0,10.0,11.0,-58.0,5278.46,1002.0,973.0,2096.641159402138,1913.0,883.0,both,1055.692,13.133129061289134,10.383179494183015,3.4610598313943384,-20.074147022087164,15.074100252022246,1.0649657857844868,1030.0,7.226055339258236
539,1642874.0,Danny Wolf,57,2025-11-03 19:00:00,2026-03-22 18:00:00,1,1174.3,508.0,127.0,57.0,224.0,281.0,440.0,178.0,211.0,68.0,109.0,84.0,30.0,32.0,73.0,126.0,-231.0,0.40454545454545454,0.3222748815165877,0.7706422018348624,Brooklyn,Nets,Brooklyn Nets,2026-03-22 18:00:00,2025-26,20.601754385964913,8.912280701754385,4.9298245614035086,2.2280701754385963,0.5263157894736842,0.5614035087719298,1.280701754385965,2.210526315789474,13.013405590416427,0.5205344700385278,386.19999999999993,11.839563995571828,57,1174.3,2366.0436812840685,386.2,508.0,127.0,281.0,440.0,109.0,30.0,32.0,73.0,-231.0,13627.89,2285.0,2464.0,5477.698093316138,4830.0,1840.0,both,2725.578,41.509538268141554,21.47044046643741,5.367610116609352,-9.763133361706775,13.733578192763751,1.2711673127912562,2990.0,2.484038623166096
540,1642875.0,Maxime Raynaud,74,2025-10-22 22:00:00,2026-04-12 20:30:00,1,1948.72,922.0,100.0,142.0,414.0,556.0,671.0,383.0,74.0,24.0,168.0,132.0,38.0,39.0,94.0,170.0,-461.0,0.5707898658718331,0.32432432432432434,0.7857142857142857,Sacramento,Kings,Sacramento Kings,2026-04-12 20:30:00,2025-26,26.334054054054054,12.45945945945946,7.513513513513513,1.3513513513513513,0.5135135135135135,0.527027027027027,1.2702702702702702,2.2972972972972974,11.204882467934965,0.6188584009021103,788.0,14.557247834475964,74,1948.7199999999996,4019.8834051208305,787.9999999999999,922.0,100.0,556.0,671.0,168.0,38.0,39.0,94.0,-461.0,17679.81,3153.0,3231.0,7307.261437690307,6589.0,2703.0,both,3535.9620000000004,54.32274871784906,22.93598861164697,2.4876343396580225,-11.467994305823485,15.803018916291926,0.943598186649772,3886.0,1.8210419795570791
541,1642876.0,Adou Thiero,25,2025-11-15 20:00:00,2026-04-12 20:30:00,1,143.34,47.0,10.0,9.0,19.0,28.0,31.0,16.0,3.0,1.0,22.0,14.0,7.0,2.0,9.0,19.0,-33.0,0.5161290322580645,0.3333333333333333,0.6363636363636364,Los Angeles,Lakers,Los Angeles Lakers,2026-04-12 20:30:00,2025-26,5.7336,1.88,1.12,0.4,0.28,0.08,0.36,0.76,18.115942028985508,0.5776794493608653,39.3,9.870238593553788,25,143.34,290.29243482601066,39.3,47.0,10.0,28.0,31.0,22.0,7.0,2.0,9.0,-33.0,5937.22,1000.0,1019.0,2416.3610971421713,2151.0,866.0,both,1187.444,11.611697393040426,16.190570046432615,3.4448021375388542,-11.367847053878219,11.488609016630278,2.399838090425499,1285.0,1.2893552865245432
542,1642877.0,Micah Peavy,61,2025-10-27 20:00:00,2026-04-12 20:30:00,1,901.39,262.0,61.0,46.0,71.0,117.0,275.0,106.0,108.0,28.0,29.0,22.0,43.0,9.0,20.0,96.0,-104.0,0.38545454545454544,0.25925925925925924,0.7586206896551724,New Orleans,Pelicans,New Orleans Pelicans,2026-04-12 20:30:00,2025-26,14.776885245901639,4.295081967213115,1.9180327868852458,1.0,0.7049180327868853,0.14754098360655737,0.32786885245901637,1.5737704918032787,6.498570314530803,0.455240478176258,196.2,7.835897891034957,61,901.39,1907.9391715789375,196.20000000000002,262.0,61.0,117.0,275.0,29.0,43.0,9.0,20.0,-104.0,14587.88,2691.0,2777.0,6143.263858257729,5611.0,2467.0,both,2917.576,31.27769133735963,13.732093973581916,3.1971669175133464,-5.4509075314981645,6.925749796828865,2.26557648643936,3144.0,0.9265511814704499
543,1642878.0,Tyrese Proctor,50,2025-10-22 19:00:00,2026-04-12 18:00:00,1,535.47,272.0,74.0,11.0,53.0,64.0,225.0,93.0,131.0,46.0,45.0,40.0,25.0,0.0,40.0,59.0,-7.0,0.41333333333333333,0.3511450381679389,0.8888888888888888,Cleveland,Cavaliers,Cleveland Cavaliers,2026-04-12 18:00:00,2025-26,10.7094,5.44,1.28,1.48,0.5,0.0,0.8,1.18,14.044943820224718,0.5555555555555556,186.49999999999997,12.538517564009187,50,535.47,1123.7933215942724,186.49999999999997,272.0,74.0,64.0,225.0,45.0,25.0,0.0,40.0,-7.0,11937.700000000003,2222.0,2160.0,4995.765043935751,4482.0,1899.0,both,2387.5400000000004,22.475866431885446,24.203738781266868,6.584840697844663,-0.6228903362826033,6.51213076698651,2.2312771393910342,2583.0,0.0
544,1642879.0,Ben Saraf,44,2025-10-22 19:00:00,2026-04-12 18:00:00,1,908.19,332.0,145.0,20.0,72.0,92.0,303.0,120.0,90.0,19.0,88.0,73.0,38.0,8.0,99.0,81.0,-237.0,0.39603960396039606,0.2111111111111111,0.8295454545454546,Brooklyn,Nets,Brooklyn Nets,2026-04-12 18:00:00,2025-26,20.640681818181818,7.545454545454546,2.090909090909091,3.2954545454545454,0.8636363636363636,0.18181818181818182,2.25,1.8409090909090908,22.463241967689235,0.4857778298021772,211.20000000000005,8.371816470121892,44,908.1899999999998,1845.4837483443475,211.19999999999996,332.0,145.0,92.0,303.0,88.0,38.0,8.0,99.0,-237.0,10465.25,1712.0,1903.0,4262.602786783957,3668.0,1408.0,both,2093.05,41.942812462371535,17.989863107591688,7.857018525906008,-12.842161314756718,5.8651944270409615,2.0545258958473878,2260.0,0.8158013795210879
545,1642880.0,Kam Jones,37,2025-12-22 19:30:00,2026-04-12 18:00:00,1,609.41,162.0,119.0,15.0,45.0,60.0,169.0,68.0,75.0,22.0,8.0,4.0,18.0,0.0,36.0,39.0,-143.0,0.40236686390532544,0.29333333333333333,0.5,Indiana,Pacers,Indiana Pacers,2026-04-12 18:00:00,2025-26,16.47054054054054,4.378378378378378,1.6216216216216217,3.2162162162162162,0.4864864864864865,0.0,0.972972972972973,1.054054054054054,17.2645309802417,0.469510781358683,143.0,8.447514809405819,37,609.4099999999999,1303.0081002594252,143.0,162.0,119.0,60.0,169.0,8.0,18.0,0.0,36.0,-143.0,8823.81,1519.0,1726.0,3746.3620911566873,3419.0,1337.0,both,1764.762,35.21643514214663,12.432769985677469,9.132713754911228,-10.974605604641223,5.354428412395845,1.3913593861553268,2082.0,0.0
546,1642882.0,Julian Reese,13,2026-03-02 19:00:00,2026-04-12 18:00:00,1,398.9,154.0,24.0,55.0,82.0,137.0,119.0,63.0,0.0,0.0,44.0,28.0,18.0,8.0,32.0,42.0,-112.0,0.5294117647058824,,0.6363636363636364,Washington,Wizards,Washington Wizards,2026-04-12 18:00:00,2025-26,30.684615384615384,11.846153846153847,10.538461538461538,1.8461538461538463,1.3846153846153846,0.6153846153846154,2.4615384615384617,3.230769230769231,18.78375205447288,0.5565192252095981,144.19999999999996,13.013787916771118,13,398.90000000000003,844.3523138606438,144.2,154.0,24.0,137.0,119.0,44.0,18.0,8.0,32.0,-112.0,3096.01,524.0,596.0,1317.3872812575207,1161.0,439.0,both,619.202,64.95017798928029,18.23883199844194,2.8424153763805617,-13.264605089775955,18.987634297890622,2.1209349709292327,722.0,1.7199709172523607
547,1642883.0,Sion James,82,2025-10-22 19:00:00,2026-04-12 18:00:00,1,1826.41,441.0,163.0,49.0,238.0,287.0,372.0,138.0,236.0,83.0,98.0,82.0,52.0,20.0,66.0,148.0,65.0,0.3709677419354839,0.3516949152542373,0.8367346938775511,Charlotte,Hornets,Charlotte Hornets,2026-04-12 18:00:00,2025-26,22.27329268292683,5.378048780487805,3.5,1.9878048780487805,0.6341463414634146,0.24390243902439024,0.8048780487804879,1.8048780487804879,13.71799135350848,0.531171709385238,389.99999999999994,7.687211524247019,82,1826.41,3687.6390490431995,390.0,441.0,163.0,287.0,372.0,98.0,52.0,20.0,66.0,65.0,19575.2,3778.0,3221.0,7905.627978478811,7207.0,2924.0,both,3915.04,44.97120791516097,11.958871086214975,4.420172306242723,1.7626453981949508,8.789897899425062,1.409953848716033,4283.0,1.0009672044014217
548,1642884.0,Vladislav Goldin,10,2025-12-19 19:00:00,2026-04-12 18:00:00,1,22.38,7.0,3.0,3.0,6.0,9.0,4.0,3.0,0.0,0.0,1.0,1.0,0.0,3.0,3.0,5.0,5.0,0.75,,1.0,Miami,Heat,Miami Heat,2026-04-12 18:00:00,2025-26,2.238,0.7,0.9,0.3,0.0,0.3,0.3,0.5,40.32258064516129,0.7882882882882882,8.499999999999998,13.672922252010721,10,22.380000000000003,47.621286788509344,8.499999999999998,7.0,3.0,9.0,4.0,1.0,0.0,3.0,3.0,5.0,2138.41,404.0,384.0,918.6124243301937,814.0,332.0,both,427.68199999999996,4.762128678850934,14.699308800889115,6.299703771809622,10.49950628634937,21.826152338699796,0.0,482.0,11.894196433537648
549,1642885.0,Mohamed Diawara,69,2025-10-28 20:00:00,2026-04-12 18:00:00,1,620.89,246.0,53.0,15.0,79.0,94.0,213.0,90.0,130.0,48.0,24.0,18.0,17.0,6.0,30.0,50.0,58.0,0.4225352112676056,0.36923076923076925,0.75,New York,Knicks,New York Knicks,2026-04-12 18:00:00,2025-26,8.99840579710145,3.5652173913043477,1.3623188405797102,0.7681159420289855,0.2463768115942029,0.08695652173913043,0.43478260869565216,0.7246376811594203,11.831519167061051,0.5501878690284487,172.99999999999997,10.0307622928377,69,620.8899999999999,1251.4692121796952,173.0,246.0,53.0,94.0,213.0,24.0,17.0,6.0,30.0,58.0,16474.31,3144.0,2776.0,6651.7972139308085,5903.0,2626.0,both,3294.862,18.13723495912602,19.656895879327273,4.2350222829444935,4.634552686995861,8.426140788310416,1.3562273083635237,3277.0,0.9716220752010661
550,1642886.0,Koby Brea,12,2025-11-02 20:00:00,2026-04-12 20:30:00,1,81.12,45.0,10.0,1.0,7.0,8.0,36.0,15.0,30.0,13.0,2.0,2.0,1.0,0.0,4.0,6.0,-5.0,0.4166666666666667,0.43333333333333335,1.0,Phoenix,Suns,Phoenix Suns,2026-04-12 20:30:00,2025-26,6.760000000000001,3.75,0.6666666666666666,0.8333333333333334,0.08333333333333333,0.0,0.3333333333333333,0.5,9.784735812133071,0.6100867678958785,30.200000000000003,13.402366863905325,12,81.12,160.871429377943,30.200000000000003,45.0,10.0,8.0,36.0,2.0,1.0,0.0,4.0,-5.0,2851.6099999999997,505.0,504.0,1126.4205878895673,1038.0,433.0,both,570.3219999999999,13.405952448161917,27.97264882521764,6.216144183381698,-3.108072091690849,5.5743085406880475,0.6241537772418688,605.0,0.0
551,1642905.0,Hansen Yang,43,2025-10-22 22:00:00,2026-04-12 20:30:00,1,291.94,95.0,22.0,20.0,46.0,66.0,100.0,31.0,42.0,5.0,34.0,28.0,3.0,10.0,32.0,43.0,-100.0,0.31,0.11904761904761904,0.8235294117647058,Portland,Trail Blazers,Portland Trail Blazers,2026-04-12 20:30:00,2025-26,6.789302325581395,2.2093023255813953,1.5348837209302326,0.5116279069767442,0.06976744186046512,0.23255813953488372,0.7441860465116279,1.0,21.774632553075666,0.4131871955462769,39.000000000000014,4.809207371377682,43,291.94,621.4713601201157,39.0,95.0,22.0,66.0,100.0,34.0,3.0,10.0,32.0,-100.0,10225.68,1988.0,1865.0,4339.775936601392,3849.0,1556.0,both,2045.136,14.452822328374785,15.286303777802207,3.539986138017353,-16.09084608189706,11.999786423873115,0.4842643927686198,2293.0,3.0550937035763073
552,1642907.0,Cedric Coward,62,2025-10-22 20:00:00,2026-04-08 21:00:00,1,1584.37,843.0,171.0,83.0,281.0,364.0,648.0,305.0,275.0,93.0,166.0,140.0,40.0,27.0,105.0,126.0,23.0,0.470679012345679,0.3381818181818182,0.8433734939759037,Memphis,Grizzlies,Memphis Grizzlies,2026-04-08 21:00:00,2025-26,25.554354838709674,13.596774193548388,5.870967741935484,2.7580645161290325,0.6451612903225806,0.43548387096774194,1.6935483870967742,2.032258064516129,12.711248849934629,0.5845722844779763,666.5999999999999,15.146462000669036,62,1584.3700000000001,3342.5149250271556,666.5999999999999,843.0,171.0,364.0,648.0,166.0,40.0,27.0,105.0,23.0,14798.109999999999,2669.0,2847.0,6247.600683090411,5614.0,2363.0,both,2959.622,53.91153104882509,25.220530615675596,5.115908345528502,0.6881046312699155,12.32698202289504,1.1959867385364098,3251.0,1.551409445135904
553,1642910.0,John Tonje,6,2026-02-24 21:00:00,2026-04-12 18:00:00,1,40.74,15.0,2.0,0.0,6.0,6.0,14.0,4.0,10.0,3.0,4.0,4.0,2.0,0.0,0.0,5.0,-6.0,0.2857142857142857,0.3,1.0,Boston,Celtics,Boston Celtics,2026-04-12 18:00:00,2025-26,6.79,2.5,1.0,0.3333333333333333,0.3333333333333333,0.0,0.0,0.8333333333333334,0.0,0.47588832487309646,10.000000000000002,8.836524300441827,6,40.74000000000001,85.48336075631286,10.000000000000002,15.0,2.0,6.0,14.0,4.0,2.0,0.0,0.0,-6.0,1425.6100000000001,287.0,232.0,552.3208720925718,507.0,230.0,both,285.122,14.247226792718811,17.547274542422883,2.339636605656384,-7.018909816969153,8.090839696822652,2.5342429342697725,277.0,0.0
554,1642911.0,Rocco Zikarsky,5,2026-02-22 19:00:00,2026-04-12 20:30:00,1,35.49,14.0,2.0,2.0,12.0,14.0,8.0,5.0,0.0,0.0,4.0,4.0,0.0,5.0,1.0,3.0,7.0,0.625,,1.0,Minnesota,Timberwolves,Minnesota Timberwolves,2026-04-12 20:30:00,2025-26,7.098000000000001,2.8,2.8,0.4,0.0,1.0,0.2,0.6,9.29368029739777,0.7172131147540983,18.1,18.360101437024515,5,35.49,76.90371584019476,18.1,14.0,2.0,14.0,8.0,4.0,0.0,5.0,1.0,7.0,1189.22,197.0,222.0,504.31641317327495,478.0,169.0,both,237.844,15.380743168038952,18.204581985468522,2.6006545693526464,9.102290992734261,22.392377832069403,0.0,309.0,10.84420516832765
555,1642914.0,Javon Small,41,2025-10-22 20:00:00,2026-04-12 20:30:00,1,821.15,396.0,151.0,36.0,92.0,128.0,288.0,134.0,142.0,60.0,82.0,68.0,34.0,9.0,56.0,65.0,-108.0,0.4652777777777778,0.4225352112676056,0.8292682926829268,Memphis,Grizzlies,Memphis Grizzlies,2026-04-12 20:30:00,2025-26,20.028048780487804,9.658536585365853,3.1219512195121952,3.682926829268293,0.8292682926829268,0.21951219512195122,1.3658536585365855,1.5853658536585367,14.733740265207325,0.6109602567267342,359.20000000000005,15.747670949278453,41,821.1500000000001,1744.808646456774,359.19999999999993,396.0,151.0,128.0,288.0,82.0,34.0,9.0,56.0,-108.0,9783.03,1650.0,1976.0,4168.615625330784,3733.0,1545.0,both,1956.6060000000002,42.556308450165226,22.695898533295725,8.654244137696097,-6.189790509080653,8.411298657973617,1.9434257319901134,2188.0,0.9801128327964715
556,1642917.0,Max Shulga,11,2026-02-04 20:00:00,2026-04-12 18:00:00,1,33.77,7.0,2.0,3.0,3.0,6.0,8.0,2.0,4.0,1.0,2.0,2.0,1.0,0.0,3.0,10.0,-9.0,0.25,0.25,1.0,Boston,Celtics,Boston Celtics,2026-04-12 18:00:00,2025-26,3.0700000000000003,0.6363636363636364,0.5454545454545454,0.18181818181818182,0.09090909090909091,0.0,0.2727272727272727,0.9090909090909091,25.252525252525253,0.3941441441441441,0.5999999999999996,0.6396209653538639,11,33.769999999999996,71.32394274389067,0.6000000000000003,7.0,2.0,6.0,8.0,2.0,1.0,0.0,3.0,-9.0,2614.8099999999995,530.0,469.0,1054.256626365187,963.0,431.0,both,522.9619999999999,6.483994794899152,9.81437611369233,2.8041074610549517,-12.618483574747282,9.300896988193404,1.4689016979417853,532.0,0.0
557,1642918.0,Alijah Martin,23,2025-12-07 15:30:00,2026-04-10 19:30:00,1,140.97,51.0,12.0,9.0,12.0,21.0,50.0,16.0,21.0,4.0,19.0,15.0,8.0,4.0,8.0,12.0,-14.0,0.32,0.19047619047619047,0.7894736842105263,Toronto,Raptors,Toronto Raptors,2026-04-10 19:30:00,2025-26,6.129130434782609,2.217391304347826,0.9130434782608695,0.5217391304347826,0.34782608695652173,0.17391304347826086,0.34782608695652173,0.5217391304347826,12.055455093429778,0.43694311172035644,37.099999999999994,9.474356246009789,23,140.97,283.5015764933619,37.1,51.0,12.0,21.0,50.0,19.0,8.0,4.0,8.0,-14.0,5516.85,910.0,960.0,2223.7695877259434,1972.0,806.0,both,1103.3700000000001,12.326155499711387,17.98931795400233,4.232780695059372,-4.9382441442359335,8.789661698415753,2.815753757216806,1166.0,2.685071857557373
558,1642920.0,Kobe Sanders,68,2025-10-22 21:00:00,2026-04-12 20:30:00,1,1338.45,495.0,109.0,29.0,124.0,153.0,384.0,179.0,196.0,80.0,69.0,57.0,49.0,10.0,81.0,146.0,32.0,0.4661458333333333,0.40816326530612246,0.8260869565217391,LA,Clippers,LA Clippers,2026-04-12 20:30:00,2025-26,19.683088235294118,7.279411764705882,2.25,1.6029411764705883,0.7205882352941176,0.14705882352941177,1.1911764705882353,2.1470588235294117,16.35174418604651,0.5973066898349262,343.4000000000001,9.236355485823156,68,1338.45,2694.3305354074932,343.40000000000003,495.0,109.0,153.0,384.0,69.0,49.0,10.0,81.0,32.0,16242.649999999998,2759.0,2876.0,6521.005255431571,5956.0,2473.0,both,3248.5299999999997,39.622507873639606,18.371910702676118,4.045531851700398,1.1876790757285571,6.589951831806401,1.8237540090118318,3483.0,0.696837084930335
559,1642928.0,Dylan Cardwell,44,2025-10-22 22:00:00,2026-04-12 20:30:00,1,895.9,238.0,62.0,147.0,185.0,332.0,179.0,105.0,4.0,2.0,51.0,26.0,30.0,67.0,39.0,161.0,-66.0,0.5865921787709497,0.5,0.5098039215686274,Sacramento,Kings,Sacramento Kings,2026-04-12 20:30:00,2025-26,20.361363636363635,5.409090909090909,7.545454545454546,1.4090909090909092,0.6818181818181818,1.5227272727272727,0.8863636363636364,3.659090909090909,16.220262851439028,0.590746624305004,319.9999999999999,12.858577966290877,44,895.9000000000001,1830.4195276267985,319.99999999999994,238.0,62.0,332.0,179.0,51.0,30.0,67.0,39.0,-66.0,10518.01,1902.0,1856.0,4298.183077166819,3882.0,1562.0,both,2103.602,41.60044380969997,13.0024836605942,3.3872016258690767,-3.6057307630219206,20.74365813250963,1.63885444451052,2320.0,6.780954905681437
560,1642933.0,Keshon Gilbert,4,2026-02-07 15:00:00,2026-04-12 18:00:00,2,73.07,17.0,12.0,2.0,3.0,5.0,12.0,5.0,3.0,0.0,7.0,7.0,3.0,4.0,8.0,5.0,-58.0,0.4166666666666667,0.0,1.0,Atlanta,Hawks,Atlanta Hawks,2026-04-12 18:00:00,2025-26,18.2675,4.25,1.25,3.0,0.75,1.0,2.0,1.25,34.662045060658585,0.5636604774535809,17.1,8.424798138771042,4,73.07,154.67291785367152,17.1,17.0,12.0,5.0,12.0,7.0,3.0,4.0,8.0,-58.0,952.4000000000001,158.0,201.0,406.06525008732166,381.0,160.0,both,190.48000000000002,38.66822946341788,10.990935087991854,7.7583071209354255,-37.49848441785456,3.6306620926322037,1.9259087414764084,221.0,4.718217886895787
561,1642935.0,Chucky Hepburn,2,2025-11-30 18:00:00,2025-12-09 20:30:00,1,12.74,0.0,2.0,0.0,1.0,1.0,6.0,0.0,5.0,0.0,0.0,0.0,1.0,0.0,1.0,2.0,-16.0,0.0,0.0,,Toronto,Raptors,Toronto Raptors,2025-12-09 20:30:00,2025-26,6.37,0.0,0.5,1.0,0.5,0.0,0.5,1.0,14.285714285714286,0.0,-3.3,-9.324960753532181,2,12.74,25.100294329830106,-3.2999999999999994,0.0,2.0,1.0,6.0,0.0,1.0,0.0,1.0,-16.0,475.61,77.0,109.0,188.10717029313398,176.0,80.0,both,95.122,12.550147164915053,0.0,7.968034054577308,-63.744272436618466,4.014196249219291,3.9692293557511498,96.0,0.0
562,1642938.0,Curtis Jones,10,2025-11-29 21:00:00,2026-04-12 20:30:00,1,85.03,29.0,10.0,2.0,9.0,11.0,27.0,11.0,18.0,6.0,2.0,1.0,4.0,0.0,2.0,6.0,26.0,0.4074074074074074,0.3333333333333333,0.5,Denver,Nuggets,Denver Nuggets,2026-04-12 20:30:00,2025-26,8.503,2.9,1.1,1.0,0.4,0.0,0.2,0.6,6.693440428380188,0.5200860832137734,24.799999999999997,10.499823591673527,10,85.03,175.6279052616013,24.799999999999994,29.0,10.0,11.0,27.0,2.0,4.0,0.0,2.0,26.0,2401.4,432.0,415.0,973.3416767698169,917.0,410.0,both,480.28000000000003,17.562790526160132,16.51218236464411,5.693855987808314,14.804025568301618,7.335531691641299,2.321223692510012,507.0,0.0
563,1642939.0,Miles Kelly,15,2025-10-26 19:30:00,2026-03-01 20:00:00,1,130.64,43.0,12.0,5.0,19.0,24.0,44.0,16.0,33.0,10.0,1.0,1.0,4.0,1.0,6.0,12.0,-12.0,0.36363636363636365,0.30303030303030304,1.0,Dallas,Mavericks,Dallas Mavericks,2026-03-01 20:00:00,2025-26,8.709333333333332,2.8666666666666667,1.6,0.8,0.26666666666666666,0.06666666666666667,0.4,0.8,11.89532117367169,0.48379837983798385,30.10000000000001,8.294549908144523,15,130.64000000000001,281.90430952277245,30.099999999999998,43.0,12.0,24.0,44.0,1.0,4.0,1.0,6.0,-12.0,3328.83,641.0,614.0,1431.2343008188163,1299.0,520.0,both,665.766,18.793620634851496,15.253402856023534,4.256763587727498,-4.256763587727498,9.745698162646411,1.4242777704908176,779.0,0.6541961485944184
564,1642942.0,Jahmai Mashack,31,2025-11-20 20:00:00,2026-04-12 20:30:00,1,668.28,192.0,69.0,23.0,58.0,81.0,195.0,77.0,75.0,19.0,35.0,19.0,37.0,14.0,49.0,67.0,-210.0,0.39487179487179486,0.25333333333333335,0.5428571428571428,Memphis,Grizzlies,Memphis Grizzlies,2026-04-12 20:30:00,2025-26,21.557419354838707,6.193548387096774,2.6129032258064515,2.225806451612903,1.1935483870967742,0.45161290322580644,1.5806451612903225,2.161290322580645,18.88974556669237,0.45627376425855515,132.7,7.148500628479081,31,668.2800000000001,1439.0237816527958,132.70000000000002,192.0,69.0,81.0,195.0,35.0,37.0,14.0,49.0,-210.0,7379.999999999999,1213.0,1473.0,3152.611873477101,2814.0,1143.0,both,1475.9999999999998,46.42012198879986,13.342378524104564,4.794917282100078,-14.593226510739369,6.6605010959108135,2.592143920852034,1671.0,1.8504590524682507
565,1642948.0,Ryan Nembhard,60,2025-10-22 21:30:00,2026-04-12 20:30:00,1,1158.13,397.0,316.0,13.0,120.0,133.0,390.0,162.0,135.0,48.0,31.0,25.0,25.0,2.0,85.0,86.0,-24.0,0.4153846153846154,0.35555555555555557,0.8064516129032258,Dallas,Mavericks,Dallas Mavericks,2026-04-12 20:30:00,2025-26,19.30216666666667,6.616666666666666,2.216666666666667,5.266666666666667,0.4166666666666667,0.03333333333333333,1.4166666666666667,1.4333333333333333,17.395219384413885,0.49177484887523537,359.7,11.181128198043396,60,1158.1299999999999,2456.3623250793353,359.7,397.0,316.0,133.0,390.0,31.0,25.0,2.0,85.0,-24.0,14372.14,2710.0,2768.0,6103.151188055465,5616.0,2216.0,both,2874.428,40.93937208465559,16.162110774402052,12.864551649146216,-0.9770545556313582,6.025925195148868,1.0166699875988026,3400.0,0.14599742688644626
566,1642949.0,Yanic Konan Niederhauser,41,2025-10-22 21:00:00,2026-03-04 22:30:00,1,415.41,176.0,12.0,37.0,80.0,117.0,100.0,64.0,5.0,1.0,62.0,47.0,5.0,30.0,23.0,66.0,38.0,0.64,0.2,0.7580645161290323,LA,Clippers,LA Clippers,2026-03-04 22:30:00,2025-26,10.131951219512196,4.2926829268292686,2.8536585365853657,0.2926829268292683,0.12195121951219512,0.7317073170731707,0.5609756097560976,1.6097560975609757,15.304764439712537,0.6913890634820867,160.5,13.90914999638911,41,415.41,832.7648476850534,160.5,176.0,12.0,117.0,100.0,62.0,5.0,30.0,23.0,38.0,9764.62,1677.0,1693.0,3897.49885296696,3585.0,1526.0,both,1952.9240000000002,20.311337748415937,21.134417535664536,1.4409830137953095,4.5631128770184795,16.32166112103898,0.6031042709337636,2059.0,6.84972764696596
567,1642950.0,Lachlan Olbrich,37,2025-11-29 19:30:00,2026-04-12 20:30:00,1,337.34,89.0,42.0,45.0,67.0,112.0,77.0,36.0,19.0,2.0,40.0,15.0,12.0,8.0,16.0,49.0,25.0,0.4675324675324675,0.10526315789473684,0.375,Chicago,Bulls,Chicago Bulls,2026-04-12 20:30:00,2025-26,9.117297297297297,2.4054054054054053,3.027027027027027,1.135135135135135,0.32432432432432434,0.21621621621621623,0.43243243243243246,1.3243243243243243,14.466546112115733,0.47040169133192394,102.5,10.93851900160076,37,337.34,734.4229722935952,102.5,89.0,42.0,112.0,77.0,40.0,12.0,8.0,16.0,25.0,8798.890000000001,1625.0,1688.0,3764.4173912925635,3453.0,1466.0,both,1759.7780000000002,19.84926952144852,12.118357316908803,5.718775363035614,3.404032954187866,17.635453422454912,1.6629282772492513,1987.0,2.1003040185704624
568,1642951.0,Sean Pedulla,7,2026-03-11 22:30:00,2026-04-10 22:00:00,1,29.8,13.0,5.0,0.0,3.0,3.0,15.0,5.0,10.0,3.0,0.0,0.0,0.0,0.0,1.0,4.0,-20.0,0.3333333333333333,0.3,,LA,Clippers,LA Clippers,2026-04-10 22:00:00,2025-26,4.257142857142857,1.8571428571428572,0.42857142857142855,0.7142857142857143,0.0,0.0,0.14285714285714285,0.5714285714285714,6.25,0.43333333333333335,6.300000000000001,7.610738255033557,7,29.8,60.39005493653446,6.300000000000001,13.0,5.0,3.0,15.0,0.0,0.0,0.0,1.0,-20.0,1664.7999999999997,277.0,300.0,674.1819249187843,611.0,235.0,both,332.9599999999999,8.62715070521921,21.526723255446697,8.279508944402576,-33.1180357776103,5.8092656996964145,0.0,376.0,0.0
569,1642954.0,Will Richard,69,2025-10-21 22:00:00,2026-04-12 20:30:00,1,1364.08,441.0,93.0,67.0,105.0,172.0,346.0,162.0,212.0,71.0,54.0,46.0,80.0,9.0,53.0,131.0,-97.0,0.4682080924855491,0.33490566037735847,0.8518518518518519,Golden State,Warriors,Golden State Warriors,2026-04-12 20:30:00,2025-26,19.76927536231884,6.391304347826087,2.4927536231884058,1.3478260869565217,1.1594202898550725,0.13043478260869565,0.7681159420289855,1.8985507246376812,12.536663828176744,0.5963327563825184,384.79999999999995,10.155416104627294,69,1364.08,2843.730783879692,384.8,441.0,93.0,172.0,346.0,54.0,80.0,9.0,53.0,-97.0,16503.410000000003,2919.0,3048.0,6863.86244147467,6106.0,2491.0,both,3300.6820000000007,41.21348962144481,15.507797098793763,3.270351769133378,-3.4110120602789,6.9748721677709815,2.820234747645643,3615.0,0.6024181543726157
570,1642955.0,Kadary Richmond,3,2026-02-11 19:00:00,2026-02-20 19:00:00,1,66.48,25.0,8.0,1.0,9.0,10.0,16.0,10.0,4.0,2.0,3.0,3.0,8.0,1.0,2.0,2.0,5.0,0.625,0.5,1.0,Washington,Wizards,Washington Wizards,2026-02-20 19:00:00,2025-26,22.16,8.333333333333334,3.3333333333333335,2.6666666666666665,2.6666666666666665,0.3333333333333333,0.6666666666666666,0.6666666666666666,10.351966873706004,0.7217090069284064,32.7,17.707581227436823,3,66.48,149.7288064739756,32.7,25.0,8.0,10.0,16.0,3.0,8.0,1.0,2.0,5.0,714.0,134.0,141.0,316.9781930450833,256.0,129.0,both,142.8,49.90960215799186,16.69685385780809,5.3429932344985875,3.339370771561617,7.81096160157532,5.421229567367,127.0,1.691349953097018
571,1642959.0,Chris Youngblood,35,2025-10-21 19:30:00,2026-04-10 22:00:00,2,177.46,71.0,12.0,7.0,21.0,28.0,63.0,22.0,54.0,18.0,10.0,9.0,4.0,3.0,2.0,22.0,9.0,0.3492063492063492,0.3333333333333333,0.9,Portland,Trail Blazers,Portland Trail Blazers,2026-04-10 22:00:00,2025-26,5.070285714285714,2.0285714285714285,0.8,0.34285714285714286,0.11428571428571428,0.08571428571428572,0.05714285714285714,0.6285714285714286,2.881844380403458,0.5267062314540059,50.2,10.18370336977347,35,177.45999999999998,370.7969027409255,50.2,71.0,12.0,28.0,63.0,10.0,4.0,3.0,2.0,9.0,8183.250000000001,1488.0,1478.0,3388.582547856882,2941.0,1275.0,both,1636.65,10.5941972211693,19.147948506357253,3.2362729869899582,2.427204740242469,8.70647229326332,1.0886725162308473,1666.0,1.6607398058964373
572,1642962.0,Drake Powell,63,2025-10-22 19:00:00,2026-04-12 18:00:00,1,1306.5,408.0,91.0,21.0,90.0,111.0,358.0,144.0,182.0,51.0,77.0,69.0,36.0,14.0,60.0,89.0,-447.0,0.4022346368715084,0.2802197802197802,0.8961038961038961,Brooklyn,Nets,Brooklyn Nets,2026-04-12 18:00:00,2025-26,20.738095238095237,6.476190476190476,1.7619047619047619,1.4444444444444444,0.5714285714285714,0.2222222222222222,0.9523809523809523,1.4126984126984128,13.277861379127202,0.5205675206695928,267.4,7.368082663605051,63,1306.4999999999995,2630.108583643861,267.3999999999999,408.0,91.0,111.0,358.0,77.0,36.0,14.0,60.0,-447.0,15061.060000000003,2472.0,2740.0,6084.607874459746,5344.0,2063.0,both,3012.2120000000004,41.747755295934304,15.51266752016527,3.4599331968996063,-16.995496033122244,4.91014923610885,1.3640994250704233,3281.0,0.9837798557910288
573,1642964.0,Brooks Barnhizer,41,2025-10-21 19:30:00,2026-04-12 20:30:00,1,340.74,68.0,22.0,19.0,59.0,78.0,71.0,27.0,24.0,7.0,10.0,7.0,11.0,5.0,10.0,27.0,-103.0,0.38028169014084506,0.2916666666666667,0.7,Oklahoma City,Thunder,Oklahoma City Thunder,2026-04-12 20:30:00,2025-26,8.310731707317073,1.6585365853658536,1.9024390243902438,0.5365853658536586,0.2682926829268293,0.12195121951219512,0.24390243902439024,0.6585365853658537,11.709601873536299,0.45092838196286467,68.00000000000001,7.184363444268358,41,340.74,704.1803993443508,68.0,68.0,22.0,78.0,71.0,10.0,11.0,5.0,10.0,-103.0,9613.67,1803.0,1786.0,3947.5659453787457,3513.0,1532.0,both,1922.734,17.17513169132563,9.656616410129212,3.12419942680651,-14.626933680048658,12.263578951376099,1.572386760440466,1981.0,1.4242348741405149
574,1642967.0,John Poulakidas,14,2026-03-01 20:00:00,2026-04-12 20:30:00,1,250.46,115.0,11.0,4.0,26.0,30.0,91.0,39.0,77.0,31.0,7.0,6.0,7.0,4.0,4.0,28.0,-15.0,0.42857142857142855,0.4025974025974026,0.8571428571428571,Dallas,Mavericks,Dallas Mavericks,2026-04-12 20:30:00,2025-26,17.89,8.214285714285714,2.142857142857143,0.7857142857142857,0.5,0.2857142857142857,0.2857142857142857,2.0,4.078303425774878,0.6111819727891157,79.39999999999999,11.412600814501316,14,250.46,540.778021739793,79.4,115.0,11.0,30.0,91.0,7.0,7.0,4.0,4.0,-15.0,3116.21,576.0,632.0,1343.4042835872472,1205.0,492.0,both,623.242,38.62700155284235,21.265657141542402,2.0341063352779685,-2.7737813662881394,6.1797749095307015,1.296610838435364,713.0,1.3960108631534525
575,1643007.0,Taelon Peter,39,2025-10-23 19:30:00,2026-04-12 18:00:00,1,484.94,171.0,40.0,10.0,49.0,59.0,158.0,60.0,125.0,41.0,16.0,10.0,26.0,4.0,27.0,38.0,-100.0,0.379746835443038,0.328,0.625,Indiana,Pacers,Indiana Pacers,2026-04-12 18:00:00,2025-26,12.434358974358974,4.384615384615385,1.5128205128205128,1.0256410256410255,0.6666666666666666,0.10256410256410256,0.6923076923076923,0.9743589743589743,14.059570922724433,0.5180562287930199,118.30000000000001,8.782117375345404,39,484.94000000000005,1033.2393278680754,118.30000000000001,171.0,40.0,59.0,158.0,16.0,26.0,4.0,27.0,-100.0,9083.23,1617.0,1774.0,3837.559093973001,3456.0,1374.0,both,1816.646,26.49331609918142,16.54989269067325,3.871319927642865,-9.678299819107163,6.517882404517733,2.5380523206297676,2082.0,0.7197166750914092
576,1643016.0,Bez Mbeng,15,2026-03-13 22:00:00,2026-04-12 20:30:00,1,488.90999999999997,122.0,62.0,18.0,39.0,57.0,100.0,50.0,31.0,6.0,25.0,16.0,34.0,5.0,22.0,46.0,-149.0,0.5,0.1935483870967742,0.64,Utah,Jazz,Utah Jazz,2026-04-12 20:30:00,2025-26,32.594,8.133333333333333,3.8,4.133333333333334,2.2666666666666666,0.3333333333333333,1.4666666666666666,3.066666666666667,16.541353383458645,0.5495495495495496,133.2,9.807940111676997,15,488.91,1086.4527380808865,133.20000000000002,122.0,62.0,57.0,100.0,25.0,34.0,5.0,22.0,-149.0,3577.2000000000003,648.0,729.0,1581.147170788426,1402.0,585.0,both,715.44,72.43018253872577,11.22920452255486,5.706644921298371,-13.714356343120276,6.057385489904647,3.146667968339207,817.0,0.8955549635593097
577,1643018.0,LJ Cryer,18,2026-01-19 22:00:00,2026-04-09 22:00:00,1,289.29,148.0,18.0,4.0,24.0,28.0,117.0,47.0,94.0,37.0,19.0,17.0,3.0,0.0,14.0,28.0,16.0,0.4017094017094017,0.39361702127659576,0.8947368421052632,Golden State,Warriors,Golden State Warriors,2026-04-09 22:00:00,2025-26,16.07166666666667,8.222222222222221,1.5555555555555556,1.0,0.16666666666666666,0.0,0.7777777777777778,1.5555555555555556,10.0459242250287,0.5902999361837907,84.50000000000001,10.515399771855233,18,289.29,590.9958755406891,84.49999999999999,148.0,18.0,28.0,117.0,19.0,3.0,0.0,14.0,16.0,4356.25,755.0,769.0,1789.2537921043468,1578.0,660.0,both,871.25,32.83310419670495,25.042475950377497,3.0457065345053715,2.707294697338108,5.533277281540678,0.5049619775821014,918.0,0.0
578,1643024.0,Chris Manon,10,2025-10-26 21:00:00,2026-04-12 20:30:00,1,43.65,7.0,3.0,2.0,8.0,10.0,6.0,2.0,3.0,0.0,4.0,3.0,5.0,2.0,1.0,6.0,-1.0,0.3333333333333333,0.0,0.75,Los Angeles,Lakers,Los Angeles Lakers,2026-04-12 20:30:00,2025-26,4.365,0.7,1.0,0.3,0.5,0.2,0.1,0.6,11.415525114155251,0.45103092783505155,12.1,9.97938144329897,10,43.650000000000006,91.12526894668513,12.100000000000001,7.0,3.0,10.0,6.0,4.0,5.0,2.0,1.0,-1.0,2136.82,371.0,397.0,892.9369362493045,821.0,328.0,both,427.36400000000003,9.112526894668513,7.681733158006378,3.2921713534313044,-1.0973904511437682,12.748305651011835,5.482301348795121,493.0,3.9718858985708274
579,1643047.0,CJ Huntley,4,2026-03-22 21:00:00,2026-04-12 20:30:00,1,39.839999999999996,12.0,2.0,2.0,3.0,5.0,11.0,6.0,3.0,0.0,0.0,0.0,1.0,0.0,0.0,2.0,15.0,0.5454545454545454,0.0,,Phoenix,Suns,Phoenix Suns,2026-04-12 20:30:00,2025-26,9.959999999999999,3.0,1.25,0.5,0.25,0.0,0.0,0.5,0.0,0.5454545454545454,10.600000000000001,9.57831325301205,4,39.839999999999996,80.92540802249678,10.6,12.0,2.0,5.0,11.0,0.0,1.0,0.0,0.0,15.0,951.2099999999999,191.0,134.0,377.3971572101441,314.0,124.0,both,190.242,20.231352005624196,14.828470184128168,2.4714116973546947,18.53558773016021,7.346385542168675,1.265285260151209,190.0,0.0
580,1643052.0,Chaney Johnson,17,2026-03-09 19:30:00,2026-04-12 18:00:00,1,344.95,139.0,36.0,33.0,46.0,79.0,94.0,51.0,30.0,9.0,35.0,28.0,15.0,9.0,20.0,51.0,-78.0,0.5425531914893617,0.3,0.8,Brooklyn,Nets,Brooklyn Nets,2026-04-12 18:00:00,2025-26,20.291176470588233,8.176470588235293,4.647058823529412,2.1176470588235294,0.8823529411764706,0.5294117647058824,1.1764705882352942,3.0,15.455950540958268,0.6352833638025593,133.79999999999998,13.963762864183213,17,344.95000000000005,708.1072118607615,133.8,139.0,36.0,79.0,94.0,35.0,15.0,9.0,20.0,-78.0,4045.2,611.0,761.0,1654.061414233241,1390.0,545.0,both,809.04,41.653365403574206,19.62979583765802,5.083975900400637,-11.015281117534716,13.50475858038326,2.1269313539825574,845.0,2.498041479298517
581,1643060.0,Hayden Gray,1,2026-04-12 20:30:00,2026-04-12 20:30:00,1,24.45,6.0,1.0,0.0,0.0,0.0,3.0,2.0,1.0,0.0,2.0,2.0,1.0,1.0,1.0,0.0,-18.0,0.6666666666666666,0.0,1.0,Utah,Jazz,Utah Jazz,2026-04-12 20:30:00,2025-26,24.45,6.0,0.0,1.0,1.0,1.0,1.0,0.0,20.491803278688526,0.7731958762886598,6.1000000000000005,8.981595092024541,1,24.45,52.304311281787726,6.1000000000000005,6.0,1.0,0.0,3.0,2.0,1.0,1.0,1.0,-18.0,238.8,42.0,49.0,102.16989393939394,93.0,34.0,both,47.760000000000005,52.304311281787726,11.471329710614487,1.9118882851024144,-34.41398913184346,0.0,1.9118882851024144,59.0,3.3108037849641265
582,1643133.0,Lawson Lovering,2,2026-02-11 21:00:00,2026-02-20 19:00:00,1,48.760000000000005,14.0,3.0,6.0,9.0,15.0,10.0,6.0,0.0,0.0,5.0,2.0,3.0,1.0,2.0,7.0,1.0,0.6,,0.4,Memphis,Grizzlies,Memphis Grizzlies,2026-02-20 19:00:00,2025-26,24.380000000000003,7.0,7.5,1.5,1.5,0.5,1.0,3.5,14.084507042253522,0.5737704918032788,16.099999999999994,11.886792452830184,2,48.760000000000005,107.95588639939947,16.099999999999998,14.0,3.0,15.0,10.0,5.0,3.0,1.0,2.0,1.0,475.2,74.0,95.0,206.31859450483094,174.0,56.0,both,95.03999999999999,53.97794319969974,12.968259968895849,2.7789128504776817,0.9263042834925607,17.3000470848644,2.8341681605180042,118.0,1.6518124052780132
583,1643141.0,Jahmyl Telfort,8,2025-10-28 23:00:00,2025-12-03 19:30:00,1,30.02,1.0,1.0,0.0,3.0,3.0,4.0,0.0,4.0,0.0,4.0,1.0,1.0,0.0,1.0,5.0,-7.0,0.0,0.0,0.25,LA,Clippers,LA Clippers,2025-12-03 19:30:00,2025-26,3.7525,0.125,0.375,0.125,0.125,0.0,0.125,0.625,14.792899408284024,0.08680555555555555,-3.4000000000000004,-4.07728181212525,8,30.02,60.61570571366437,-3.4000000000000004,1.0,1.0,3.0,4.0,4.0,1.0,0.0,1.0,-7.0,1898.0,337.0,332.0,761.9662016180135,702.0,315.0,both,379.6,7.576963214208046,1.649737453728224,1.649737453728224,-11.548162176097566,5.670360268042531,1.6595097487111306,387.0,0.0
584,1643158.0,Andersson Garcia,5,2026-03-11 21:00:00,2026-03-19 21:00:00,1,168.45,26.0,14.0,17.0,25.0,42.0,29.0,9.0,13.0,1.0,9.0,7.0,8.0,4.0,7.0,16.0,-37.0,0.3103448275862069,0.07692307692307693,0.7777777777777778,Utah,Jazz,Utah Jazz,2026-03-19 21:00:00,2025-26,33.69,5.2,8.4,2.8,1.6,0.8,1.4,3.2,17.51751751751752,0.39441747572815533,35.1,7.501335707925202,5,168.45000000000002,355.69419765238234,35.1,26.0,14.0,42.0,29.0,9.0,8.0,4.0,7.0,-37.0,1191.2,207.0,225.0,506.0791346586467,440.0,205.0,both,238.24,71.13883953047647,7.309649741717078,3.935965245539965,-10.402193863212766,13.750206127766232,2.2357087169029737,235.0,2.4073309208490423
585,1643253.0,Toby Okani,6,2026-04-03 20:00:00,2026-04-12 20:30:00,1,215.45000000000002,60.0,6.0,9.0,12.0,21.0,70.0,25.0,31.0,9.0,8.0,1.0,4.0,3.0,3.0,20.0,-137.0,0.35714285714285715,0.2903225806451613,0.125,Memphis,Grizzlies,Memphis Grizzlies,2026-04-12 20:30:00,2025-26,35.90833333333334,10.0,3.5,1.0,0.6666666666666666,0.5,0.5,3.3333333333333335,3.9205436487192893,0.40805223068552776,27.4,4.578324437224413,6,215.45,472.0221107033473,27.400000000000002,60.0,6.0,21.0,70.0,8.0,4.0,3.0,3.0,-137.0,1429.1999999999998,229.0,323.0,622.6076466395082,561.0,208.0,both,285.84,78.67035178389122,12.711268951065794,1.2711268951065795,-29.02406410493356,5.047272140212094,0.8523580082316449,353.0,1.1275168844180803
586,1643257.0,Jayson Kent,6,2026-03-08 21:00:00,2026-04-12 20:30:00,1,21.48,10.0,0.0,0.0,5.0,5.0,7.0,4.0,4.0,1.0,1.0,1.0,1.0,1.0,0.0,1.0,-3.0,0.5714285714285714,0.25,1.0,Portland,Trail Blazers,Portland Trail Blazers,2026-04-12 20:30:00,2025-26,3.58,1.6666666666666667,0.8333333333333334,0.0,0.16666666666666666,0.16666666666666666,0.0,0.16666666666666666,0.0,0.6720430107526881,9.499999999999998,15.921787709497204,6,21.48,44.63233300551329,9.5,10.0,0.0,5.0,7.0,1.0,1.0,1.0,0.0,-3.0,1186.4,230.0,207.0,483.58567803106274,429.0,163.0,both,237.28000000000003,7.438722167585548,22.405281836297313,0.0,-6.721584550889194,12.6390788727953,2.284301507811306,266.0,4.152840201061313
